"time_period","time_identifier","geographic_level","country_code","country_name","region_code","region_name","new_la_code","la_name","old_la_code","education_phase","num_schools","enrolments","present_sessions","overall_attendance","approved_educational_activity","overall_absence","authorised_absence","unauthorised_absence","late_sessions","possible_sessions","reason_present_am","reason_present_pm","reason_present","reason_l_present_late_before_registers_closed","reason_i_authorised_illness","reason_m_authorised_medical_dental","reason_r_authorised_religious_observance","reason_s_authorised_study_leave","reason_t_authorised_mobile_child","reason_h_authorised_holiday","reason_e_authorised_excluded","reason_c_authorised_other","reason_c1_authorised_regulated_performance","reason_j1_authorised_interview","reason_c2_authorised_temp_reduced_timetable","reason_b_aea_education_off_site","reason_j_aea_interview","reason_p_aea_approved_sporting_activity","reason_v_aea_educational_visit_trip","reason_w_aea_work_experience","reason_k_aea_education_arranged_by_la","reason_g_unauthorised_holiday","reason_u_unauthorised_late_after_registers_closed","reason_o_other_unauthorised","reason_n_no_reason_yet","total_num_schools","total_enrolments","attendance_perc","overall_absence_perc","authorised_absence_perc","unauthorised_absence_perc","illness_perc","appointments_perc","unauth_hol_perc","unauth_oth_perc","unauth_late_registers_closed_perc","unauth_not_yet_perc","auth_religious_perc","auth_study_perc","auth_mob_perc","auth_excluded_perc","auth_performance_perc","auth_interview_perc","auth_part_time_perc","auth_other_perc"
2026,"Week 37","Local authority","E92000001","England","E12000009","South West","E06000026","Plymouth","879","Primary",69,"15602.2","147821","147997","176","5888","3432","2456","959","153885","73217","73841","147058","763","2094","439","6","0","34","0","9","487","4","7","352","87","0","1","72","0","16","906","196","883","471",69,"19332","96.1737661240537","3.82623387594632","2.23023686519154","1.59599701075478","1.36075640900673","0.285277967313253","0.588751340286578","0.573805114208662","0.127367839620496","0.306072716639049","0.00389901549858661","0","0.0220944211586574","0.00584852324787991","0.0025993436657244","0.00454885141501771","0.228742242583748","0.316470091301946"
2026,"Week 37","Local authority","E92000001","England","E12000009","South West","E06000025","South Gloucestershire","803","Primary",94.4,"19451.8","185140","186494","1354","6619","4569","2050","1165","193113","91849","92329","184178","962","3042","554","0","0","75","0","35","544","0","3","316","182","0","58","1080","0","34","744","203","806","297",93,"22577","96.5724731115979","3.42752688840213","2.36597225458669","1.06155463381543","1.57524351027637","0.286878666894513","0.385266657345699","0.417372212124507","0.105119800324163","0.153795964021065","0","0","0.0388373646517842","0.018124103504166","0","0.00155349458607137","0.163634763066184","0.281700351607608"
2026,"Week 37","Local authority","E92000001","England","E12000007","London","E09000008","Croydon","306","Primary",87,"25789.6","241951","242804","853","11765","6174","5591","3566","254569","117917","120857","238774","3177","3640","587","18","0","21","0","35","1621","4","85","163","128","0","28","653","0","44","1486","389","3005","711",87,"31654","95.3784632064391","4.62153679356088","2.42527566200126","2.19626113155962","1.42986773723431","0.230585813669378","0.583731719101697","1.18042652483217","0.152807293896743","0.279295593729009","0.00707077452478503","0","0.00824923694558253","0.0137487282426376","0.00157128322773001","0.0333897685892626","0.0640297915299978","0.636762528037585"
2026,"Week 37","Local authority","E92000001","England","E12000007","London","E09000014","Haringey","309","Primary",60,"15206","143066","143789","723","6759","3202","3557","1772","150548","70063","71372","141435","1631","1864","378","31","0","0","0","1","820","5","27","76","70","0","6","647","0","0","1163","141","1553","700",60,"18923","95.5104019980338","4.48959800196615","2.12689640513325","2.3627015968329","1.23814331641736","0.251082711161889","0.77251109280761","1.03156468368892","0.0936578367032442","0.464967983633127","0.0205914392751813","0","0","0.000664239976618753","0.00332119988309376","0.0179344793687063","0.0504822382230252","0.544676780827377"
2026,"Week 37","Local authority","E92000001","England","E12000002","North West","E08000007","Stockport","356","Primary",85.4,"19925","189702","190507","805","6468","4053","2415","1895","196975","93247","94820","188067","1635","2903","517","4","0","0","0","16","518","9","0","86","17","0","11","762","0","15","830","260","953","372",85,"24377","96.7163345602234","3.28366543977662","2.05762152557431","1.22604391420231","1.47379109023988","0.262469856580784","0.421373270719634","0.483817743368448","0.131996446249524","0.188856453864704","0.00203071455768499","0","0","0.00812285823073994","0.00456910775479122","0","0.0436603629902272","0.262977535220206"
2026,"Week 37","Local authority","E92000001","England","E12000007","London","E09000002","Barking and Dagenham","301","Primary",43.8,"18285.8","165572","166108","536","7831","4244","3587","2231","173939","81255","82233","163488","2084","3058","329","0","0","0","0","4","672","3","93","85","227","0","0","309","0","0","1379","147","1548","513",44,"23520","95.4978469463433","4.50215305365674","2.43993583957594","2.0622172140808","1.75808760542489","0.189146769844601","0.792806673603965","0.889967172399519","0.0845123865263109","0.294930981551004","0","0","0","0.00229965677622615","0.00172474258216961","0.053467020047258","0.0488677064948056","0.386342338405993"
2026,"Week 37","Local authority","E92000001","England","E12000005","West Midlands","E10000028","Staffordshire","860","Primary",300.2,"51272","489817","492659","2842","15079","10205","4874","2965","507738","243608","243693","487301","2516","6982","1126","2","2","64","0","135","1466","0","5","423","420","0","15","2380","1","26","1956","449","1712","757",309,"65468","97.0301612248837","2.9698387751163","2.00989486703772","0.959943908078576","1.3751186635627","0.221767919675108","0.385238055847701","0.337181774852384","0.088431435110234","0.149092642268256","0.000393903942584561","0.000393903942584561","0.012604926162706","0.0265885161244579","0","0.000984759856461403","0.0833106838566347","0.288731589914483"
2026,"Week 37","Local authority","E92000001","England","E12000006","East of England","E06000056","Central Bedfordshire","823","Primary",95,"18235.2","173912","174066","154","6020","3871","2149","900","180086","86373","86889","173262","650","2246","476","0","0","18","0","17","754","5","13","342","86","0","0","46","0","22","599","250","907","393",95,"24293","96.657152693713","3.342847306287","2.14952855857757","1.19331874770943","1.24718190198017","0.264318159101762","0.332618859878058","0.503648256943905","0.138822562553447","0.218229068334018","0","0","0.00999522450384816","0.00943993425363437","0.00277645125106893","0.00721877325277923","0.189909265573115","0.418688848661195"
2026,"Week 37","Local authority","E92000001","England","E12000006","East of England","E06000033","Southend-on-Sea","882","Primary",31.6,"11683.4","108194","108944","750","3903","2445","1458","1010","112847","53289","53985","107274","920","1562","249","6","0","0","0","4","520","9","4","91","52","0","0","688","0","10","445","90","831","92",33,"15247","96.5413347275515","3.45866527244854","2.16665042048083","1.29201485196771","1.38417503345237","0.220652742208477","0.394339238083423","0.736395296286122","0.0797540032078832","0.0815263143902806","0.00531693354719222","0","0","0.00354462236479481","0.00797540032078832","0.00354462236479481","0.0806401587990819","0.460800907423325"
2026,"Week 37","Local authority","E92000001","England","E12000007","London","E09000001","City of London","201","Primary",1,"c","c","c","c","c","c","c","c","c","c","c","c","c","c","c","c","c","c","c","c","c","c","c","c","c","c","c","c","c","c","c","c","c","c",1,"c","c","c","c","c","c","c","c","c","c","c","c","c","c","c","c","c","c","c"
2026,"Week 37","Local authority","E92000001","England","E12000007","London","E09000024","Merton","315","Primary",42,"11592","108534","109436","902","3900","2326","1574","1270","113336","53221","54151","107372","1162","1557","275","0","0","0","0","0","450","2","7","35","35","0","5","852","0","10","347","108","936","183",43,"15486","96.5589044963648","3.44109550363521","2.05230465165525","1.38879085197995","1.37379120491283","0.242641349615303","0.306169266605492","0.82586292087245","0.0952918754852827","0.161466789016729","0","0","0","0","0.00176466436083857","0.00617632526293499","0.030881626314675","0.397049481188678"
2026,"Week 37","Local authority","E92000001","England","E12000003","Yorkshire and The Humber","E06000010","Kingston upon Hull, City of","810","Primary",46.2,"12173.6","113141","113207","66","5510","1840","3670","642","118717","55879","56723","112602","539","1185","251","0","1","6","0","0","304","0","0","93","50","0","0","10","0","6","1872","103","1515","180",70,"23698","95.3587102099952","4.6412897900048","1.54990439448436","3.09138539552044","0.998172123621722","0.211427175551943","1.57685925351887","1.27614410741511","0.0867609525173311","0.151621082069122","0","0.000842339344828458","0.00505403606897075","0","0","0","0.0783375590690465","0.256071160827851"
2026,"Week 37","Local authority","E92000001","England","E12000002","North West","E08000008","Tameside","357","Primary",75,"16150.2","154728","155018","290","5392","2698","2694","1500","160410","76057","77364","153421","1307","1893","349","0","0","1","0","28","244","6","0","177","90","0","3","177","0","20","1338","193","921","242",76,"20287","96.638613552771","3.36138644722898","1.68194002867652","1.67944641855246","1.18010099121002","0.217567483323982","0.834112586497101","0.574153731064148","0.120316688485755","0.150863412505455","0","0","0.000623402531014276","0.0174552708683997","0.00374041518608566","0","0.110342247989527","0.152110217567483"
2026,"Week 37","Local authority","E92000001","England","E12000001","North East","E06000047","County Durham","840","Primary",207.4,"30159.2","287632","288698","1066","10332","6284","4048","1773","299030","142686","143367","286053","1579","4259","782","10","6","42","0","42","868","10","0","265","168","0","52","803","0","43","2148","194","1276","430",207,"38823","96.5448282780992","3.45517172190081","2.1014613918336","1.35371033006722","1.42427181219276","0.261512222853894","0.718322576330134","0.426713038825536","0.0648764338026285","0.143798281108919","0.00334414607230044","0.00200648764338026","0.0140454135036618","0.0140454135036618","0.00334414607230044","0","0.0886198709159616","0.290271879075678"
2026,"Week 37","Local authority","E92000001","England","E12000005","West Midlands","E08000030","Walsall","335","Primary",85,"21933","209428","210174","746","7935","4059","3876","2341","218109","102767","104589","207356","2072","2749","456","0","0","66","0","29","525","2","3","229","59","0","0","675","0","12","1763","269","1665","179",85,"28059","96.3619107877254","3.6380892122746","1.86099610745086","1.77709310482373","1.26037898481952","0.209069777038086","0.80831144060997","0.763379778000908","0.123332828998345","0.082069057214512","0","0","0.0302600993081441","0.0132961042414573","0.000916972706307397","0.0013754590594611","0.104993374872197","0.240705335405692"
2026,"Week 37","Local authority","E92000001","England","E12000009","South West","E06000030","Swindon","866","Primary",66,"16446.2","154622","155680","1058","5449","3745","1704","1269","161129","76429","77112","153541","1081","2464","383","8","2","4","0","8","502","6","0","368","148","0","7","885","0","18","303","188","1036","177",66,"20226","96.6182375612087","3.38176243879128","2.32422468953447","1.05753774925681","1.52920951535726","0.237697745284834","0.188048085695312","0.642963091684303","0.116676700035375","0.109849871841816","0.00496496595895214","0.00124124148973804","0.00248248297947607","0.00496496595895214","0.00372372446921411","0","0.228388434111799","0.311551613924247"
2026,"Week 37","Local authority","E92000001","England","E12000003","Yorkshire and The Humber","E06000011","East Riding of Yorkshire","811","Primary",87.6,"13751.4","128175","128666","491","4660","2143","2517","374","133326","63976","63907","127883","292","1290","239","2","0","23","0","4","420","0","0","165","61","0","10","413","0","7","814","82","1381","240",123,"23984","96.504807764427","3.49519223557296","1.6073384036122","1.88785383196076","0.967553215426848","0.179259859292261","0.610533579346864","1.03580696938332","0.0615033826860477","0.18000990054453","0.00150008250453775","0","0.0172509488021841","0.0030001650090755","0","0","0.123756806624364","0.315017325952927"
2026,"Week 37","Local authority","E92000001","England","E12000009","South West","E06000023","Bristol, City of","801","Primary",101.6,"27068","255001","255890","889","11284","5925","5359","2472","267174","125600","127373","252973","2028","3473","670","8","1","0","0","12","1274","4","1","482","427","0","0","424","0","38","1343","444","2820","752",102,"33707","95.7765351418926","4.22346485810745","2.21765590963193","2.00580894847553","1.29990193656568","0.250772904549095","0.502668672849903","1.05549192660963","0.16618383525343","0.281464513762567","0.00299430333789965","0.000374287917237456","0","0.00449145500684947","0.00149715166894982","0.000374287917237456","0.180406776108454","0.476842806560519"
2026,"Week 37","Local authority","E92000001","England","E12000005","West Midlands","E10000034","Worcestershire","885","Primary",180,"31996.2","306040","307746","1706","10558","7025","3533","2496","318304","151547","152334","303881","2159","4456","771","2","0","147","0","18","1096","3","18","514","399","0","36","1099","0","172","1508","337","1292","396",180,"40572","96.683045139238","3.31695486076204","2.2070096511511","1.10994520961094","1.39991957374083","0.242221272745551","0.473760932944606","0.405901276766864","0.105873630240273","0.124409369659194","0.000628330149793908","0","0.0461822660098522","0.00565497134814517","0.000942495224690862","0.00565497134814517","0.161480848497034","0.344324922087061"
2026,"Week 37","Local authority","E92000001","England","E12000004","East Midlands","E06000016","Leicester","856","Primary",82,"26030.6","244082","245932","1850","11771","7563","4208","2984","257703","119746","121796","241542","2540","5900","551","10","0","30","0","39","817","0","4","212","87","0","78","1681","0","4","1222","444","2283","259",82,"33091","95.432338777585","4.56766122241495","2.93477375117868","1.63288747123627","2.28945724341587","0.213812023919008","0.47418927990749","0.885903540121768","0.172291358657059","0.100503292549951","0.00388043600578961","0","0.0116413080173688","0.0151337004225795","0","0.00155217440231584","0.0822652433227397","0.317031621673011"
2026,"Week 37","Local authority","E92000001","England","E12000008","South East","E10000032","West Sussex","938","Primary",224.6,"52900.2","506702","508154","1452","18162","13037","5125","3369","526316","251202","252662","503864","2838","8702","1385","14","0","47","0","57","1658","6","15","1153","274","0","108","977","0","93","1739","531","2303","552",225,"62370","96.5492213803115","3.45077861968855","2.4770290091884","0.973749610500156","1.65337933864826","0.263149894740042","0.330409867836053","0.43756982497207","0.100889959644016","0.104879958048017","0.00265999893600043","0","0.00892999642800143","0.0108299956680017","0.00113999954400018","0.00284999886000046","0.219069912372035","0.31501987399205"
2026,"Week 37","Local authority","E92000001","England","E12000007","London","E09000023","Lewisham","209","Primary",64,"16869.4","158199","158734","535","8431","5109","3322","2355","167165","77166","78907","156073","2126","2233","392","0","1","0","0","0","2105","5","294","79","224","0","35","196","0","80","791","229","1662","640",64,"21311","94.956480124428","5.04351987557204","3.05626177728592","1.98725809828612","1.33580594023869","0.234498848443155","0.473185176322795","0.994227260491132","0.136990398707864","0.382855262764335","0","0.000598211348069273","0","0","0.00299105674034636","0.175874136332366","0.0472586964974726","1.25923488768582"
2026,"Week 37","Local authority","E92000001","England","E12000003","Yorkshire and The Humber","E08000018","Rotherham","372","Primary",95,"18638","177536","178003","467","7479","3800","3679","1347","185482","87862","88502","176364","1172","2534","429","10","0","10","0","43","427","3","1","343","134","0","51","280","0","2","1974","175","1332","198",96,"24084","95.9678028056631","4.03219719433692","2.04871631748633","1.98348087685058","1.36617030223957","0.231289289526747","1.06425421334685","0.718128982866262","0.0943487777789759","0.106748902858498","0.00539135873022719","0","0.00539135873022719","0.0231828425399769","0.00161740761906816","0.000539135873022719","0.184923604446793","0.230211017780701"
2026,"Week 37","Local authority","E92000001","England","E12000007","London","E09000006","Bromley","305","Primary",76,"22650.8","215011","216188","1177","8609","5947","2662","2428","224797","105446","107347","212793","2218","3337","603","16","26","90","0","30","1151","7","449","238","724","0","34","333","0","86","592","210","1429","431",76,"27314","96.1703225576854","3.82967744231462","2.64549793813974","1.18417950417488","1.48445041526355","0.26824201390588","0.26334871016962","0.635684639919572","0.0934176167831421","0.191728537302544","0.00711753270728702","0.0115659906493414","0.0400361214784895","0.0133453738261632","0.00311392055943807","0.199735761598242","0.105873299020894","0.51201750913046"
2026,"Week 37","Local authority","E92000001","England","E12000002","North West","E06000008","Blackburn with Darwen","889","Primary",56,"12736.4","119738","120297","559","4050","2441","1609","1081","124347","59061","59735","118796","942","1566","281","3","0","2","0","14","538","8","0","29","123","0","12","424","0","0","883","139","461","126",56,"15153","96.7429853554971","3.25701464450288","1.96305499931643","1.29395964518645","1.25937899587445","0.225980522248225","0.710109612616308","0.370736728670575","0.111783959403926","0.101329344495645","0.00241260344037251","0","0.00160840229358167","0.0112588160550717","0.00643360917432668","0","0.0233218332569342","0.432660216973469"
2026,"Week 37","Local authority","E92000001","England","E12000007","London","E09000010","Enfield","308","Primary",68,"21696.6","204296","204460","164","9818","4990","4828","2966","214278","100057","101508","201565","2731","2908","583","6","0","0","0","14","1247","1","30","201","99","0","22","35","0","8","1361","235","2770","462",68,"27816","95.4181017183285","4.58189828167147","2.32875050168473","2.25314777998675","1.35711552282549","0.272076461419278","0.635156198956496","1.29271320434202","0.1096706148088","0.215607761879428","0.00280010080362893","0","0","0.00653356854180084","0.000466683467271488","0.0140005040181447","0.0938033769215692","0.581954283687546"
2026,"Week 37","Local authority","E92000001","England","E12000006","East of England","E10000020","Norfolk","926","Primary",340,"49839.2","476475","478371","1896","16779","10909","5870","2974","495150","236686","237331","474017","2458","6798","1319","6","0","97","0","240","1461","18","2","968","951","0","335","538","0","72","2226","516","2584","544",343,"61943","96.6113299000303","3.38867009996971","2.20317075633646","1.18549934363324","1.37291729778855","0.266383924063415","0.449560739169948","0.521862062001414","0.104210845198425","0.109865697263456","0.00121175401393517","0","0.0195900232252853","0.0484701605574068","0.00363526204180551","0.000403918004645057","0.195496314248208","0.295062102393214"
2026,"Week 37","Local authority","E92000001","England","E12000008","South East","E06000040","Windsor and Maidenhead","868","Primary",46,"8094.8","76163","76496","333","3177","2091","1086","717","79673","37639","37910","75549","614","1252","202","0","8","9","0","0","407","6","132","75","227","0","23","58","0","25","321","103","475","187",46,"10012","96.0124508930252","3.98754910697476","2.62447755199377","1.36307155498098","1.57142319229852","0.253536329747844","0.402896840836921","0.59618691401102","0.129278425564495","0.234709374568549","0","0.0100410427622909","0.0112961731075772","0","0.00753078207171815","0.165677205577799","0.0941347758964768","0.510838050531548"
2026,"Week 37","Local authority","E92000001","England","E12000008","South East","E06000041","Wokingham","872","Primary",55,"12599","120554","120928","374","4303","3010","1293","1354","125231","59161","60201","119362","1192","1814","297","0","0","0","0","1","494","6","178","220","54","0","6","298","0","16","356","162","556","219",55,"14874","96.5639498207313","3.43605017926871","2.40355822440131","1.0324919548674","1.44852312925713","0.237161725131956","0.28427466042753","0.443979525836255","0.129360940981067","0.174876827622554","0","0","0","0.000798524327043623","0.00479114596226174","0.142137330213765","0.175675351949597","0.39447101755955"
2026,"Week 37","Local authority","E92000001","England","E12000005","West Midlands","E06000051","Shropshire","893","Primary",120,"16258.8","150134","150703","569","5362","3632","1730","820","156065","74786","74689","149475","659","2387","410","2","0","15","0","29","579","18","1","191","79","0","34","448","0","8","739","161","576","254",127,"22212","96.5642520744562","3.43574792554384","2.32723544676897","1.10851247877487","1.52949091724602","0.262711049883062","0.473520648447762","0.369076987152789","0.103162143978471","0.162752699195848","0.00128151731650274","0","0.00961137987377055","0.0185820010892897","0.0115336558485247","0.00064075865825137","0.122384903726012","0.370999263127543"
2026,"Week 37","Local authority","E92000001","England","E12000007","London","E09000028","Southwark","210","Primary",64,"15042.2","140983","141639","656","6305","3291","3014","2490","147944","69085","69637","138722","2261","1962","398","14","3","0","0","5","757","10","65","77","154","0","5","482","0","15","850","229","1496","439",66,"19705","95.7382523116855","4.2617476883145","2.22449034769913","2.03725734061537","1.32617747255718","0.269020710539123","0.574541718488077","1.01119342453901","0.154788298275023","0.296733899313254","0.00946304006921538","0.00202779430054615","0","0.00337965716757692","0.00675931433515384","0.0439355431785","0.0520467203806846","0.511680095171146"
2026,"Week 37","Local authority","E92000001","England","E12000002","North West","E08000001","Bolton","350","Primary",97,"23281","222112","222789","677","8473","4932","3541","2085","231262","109555","110734","220289","1823","3385","593","0","0","38","0","49","697","2","2","166","119","0","7","529","0","22","1949","262","1076","254",97,"29480","96.3361901220261","3.6638098779739","2.13264608971643","1.53116378825747","1.46370782921535","0.256419126358848","0.842767078032708","0.465273153393121","0.113291418391262","0.109832138440384","0","0","0.0164315797666716","0.0211880896991291","0.000864819987719556","0.000864819987719556","0.0717800589807232","0.301389765720265"
2026,"Week 37","Local authority","E92000001","England","E12000009","South West","E06000054","Wiltshire","865","Primary",199.2,"30058.6","285202","286737","1535","9505","6756","2749","1714","296242","141756","142044","283800","1402","4284","701","14","0","65","0","32","958","9","17","676","479","0","124","847","0","85","987","312","905","545",201,"36165","96.791474537709","3.20852546229096","2.28056791407025","0.927957548220711","1.44611500057386","0.236630862605572","0.33317355405378","0.305493481680518","0.105319299761681","0.183971212724732","0.00472586601494724","0","0.0219415207836836","0.0108019794627365","0.00303805672389465","0.00573855158957879","0.22819181615031","0.323384260165675"
2026,"Week 37","Local authority","E92000001","England","E12000007","London","E09000003","Barnet","302","Primary",90.6,"22448.2","212574","212807","233","8497","5050","3447","3030","221304","104075","105695","209770","2804","2912","732","19","0","0","0","12","956","3","173","243","75","0","129","5","0","24","732","226","2094","395",92,"29074","96.1604851245346","3.83951487546542","2.28192893034017","1.55758594512526","1.31583703864368","0.330766728120594","0.330766728120594","0.946209738640061","0.102121967971659","0.178487510392944","0.00858547518345805","0","0","0.00542240537902614","0.00135560134475653","0.0781730108809601","0.109803708925279","0.431984961862416"
2026,"Week 37","Local authority","E92000001","England","E12000005","West Midlands","E08000031","Wolverhampton","336","Primary",72,"20382.6","193059","193184","125","8244","4483","3761","2722","201428","94134","96312","190446","2613","2575","355","8","0","0","0","15","1193","5","0","332","75","0","2","5","0","43","1643","109","1611","398",72,"25918","95.9072224318367","4.09277756816331","2.22560915066426","1.86716841749906","1.27837242091467","0.176241634728042","0.815676072839923","0.799789502948945","0.0541136286911452","0.197589213019044","0.0039716424727446","0","0","0.00744682963639613","0.00248227654546538","0","0.164823162618901","0.592271183748039"
2026,"Week 37","Local authority","E92000001","England","E12000008","South East","E10000011","East Sussex","845","Primary",144,"28982.4","277399","278049","650","10547","6714","3833","2275","288596","137166","138294","275460","1939","3910","792","12","0","30","0","70","1078","8","6","808","75","0","2","561","0","12","1192","336","1920","385",144,"35637","96.3454101927955","3.65458980720453","2.32643557083258","1.32815423637195","1.35483513285007","0.27443207806068","0.413034137687286","0.665289886207709","0.116425730086349","0.133404482390608","0.00415806178879818","0","0.0103951544719955","0.0242553604346561","0.00277204119253212","0.00207903089439909","0.279976160445744","0.373532550693703"
2026,"Week 37","Local authority","E92000001","England","E12000001","North East","E06000004","Stockton-on-Tees","808","Primary",60,"13419.4","127188","127514","326","4500","2386","2114","876","132014","63801","62649","126450","738","1630","350","0","0","0","0","34","286","1","0","85","10","0","3","307","0","6","1122","138","736","118",60,"16720","96.5912706228127","3.40872937718727","1.8073840653264","1.60134531186086","1.23471752995894","0.265123396003454","0.849909858045359","0.557516627024407","0.104534367567076","0.0893844592240217","0","0","0","0.0257548441831927","0.000757495417152726","0","0.0643871104579817","0.21664368930568"
2026,"Week 37","Local authority","E92000001","England","E12000002","North West","E08000014","Sefton","343","Primary",73.6,"17129.8","160348","160811","463","5742","3280","2462","1681","166553","79251","79578","158829","1519","2413","398","5","0","0","0","16","315","10","0","123","300","0","4","138","0","21","1328","162","804","168",74,"21867","96.5524487700612","3.44755122993882","1.96934309198874","1.47820813795008","1.4487880734661","0.238962972747414","0.797343788463732","0.482729221328946","0.0972663356409071","0.100868792516496","0.00300204739632429","0","0","0.00960655166823774","0.00600409479264859","0","0.0738503659495776","0.18912898596843"
2026,"Week 37","Local authority","E92000001","England","E12000002","North West","E06000009","Blackpool","890","Primary",30,"8756.8","81211","82409","1198","3305","1498","1807","976","85714","39911","40461","80372","839","1028","210","0","0","30","0","5","171","0","1","53","10","0","72","1116","0","0","574","137","838","258",30,"11109","96.144153813846","3.85584618615395","1.74767249224164","2.10817369391231","1.19933733112444","0.245000816669389","0.66966889889633","0.977669925566419","0.159833866112887","0.301001003336678","0","0","0.0350001166670556","0.00583335277784259","0","0.00116667055556852","0.0618335394451315","0.199500665002217"
2026,"Week 37","Local authority","E92000001","England","E12000003","Yorkshire and The Humber","E08000032","Bradford","380","Primary",156.2,"41270","391120","392073","953","14508","7853","6655","4508","406581","192292","194863","387155","3965","5271","923","8","0","0","0","77","1113","13","4","444","142","0","19","776","0","16","2926","543","2622","564",157,"53489","96.4317073350698","3.56829266493024","1.9314724495242","1.63682021540603","1.29642063942978","0.22701503513445","0.719659797186784","0.644889948128417","0.133552723811491","0.138717746279339","0.00196762760679914","0","0","0.0189384157154417","0.0031973948610486","0.000983813803399569","0.109203332177352","0.27374619079593"
2026,"Week 37","Local authority","E92000001","England","E12000007","London","E09000016","Havering","311","Primary",59,"20301.6","192457","192788","331","8237","4970","3267","2081","201025","94419","96098","190517","1940","3294","445","4","12","23","0","35","956","11","11","179","33","0","0","273","0","25","1066","141","1619","441",59,"24899","95.9024996890934","4.0975003109066","2.47232931227459","1.62517099863201","1.63860216390996","0.221365501803258","0.53028230319612","0.80537246611118","0.0701405297848526","0.219375699539858","0.00198980226340007","0.00596940679020022","0.0114413630145504","0.0174107698047507","0.00547195622435021","0.00547195622435021","0.0890436512871533","0.475562740952618"
2026,"Week 37","Local authority","E92000001","England","E12000008","South East","E10000030","Surrey","936","Primary",296,"72488.8","692305","694113","1808","21064","14563","6501","5672","715177","340767","346560","687327","4978","9441","1681","7","1","73","0","110","2011","24","139","1076","650","0","32","1032","0","94","1976","694","2995","836",297,"87397","97.0547151264652","2.9452848735348","2.03627913090046","0.909005742634341","1.32009278821886","0.235046708716863","0.276295238801024","0.418777449498516","0.0970389148420601","0.116894139492741","0.000978778679963142","0.00013982552570902","0.0102072633767585","0.0153808078279922","0.00335581261701649","0.0194357480735538","0.150452265662906","0.28118913220084"
2026,"Week 37","Local authority","E92000001","England","E12000002","North West","E06000049","Cheshire East","895","Primary",122.8,"24853.4","237673","238327","654","7027","5306","1721","1408","245354","117604","118878","236482","1191","3602","599","6","0","0","0","16","744","3","10","326","151","0","98","385","0","20","966","217","377","161",124,"30813","97.1359749586312","2.8640250413688","2.16258956446604","0.701435476902761","1.4680828517163","0.244137042803459","0.393716833636297","0.153655534452261","0.088443636541487","0.0656194722727162","0.00244544617165402","0","0","0.00652118979107738","0.00122272308582701","0.00407574361942336","0.132869241993202","0.303235325285098"
2026,"Week 37","Local authority","E92000001","England","E12000007","London","E09000018","Hounslow","313","Primary",49,"16737.8","156458","157578","1120","7239","3593","3646","2530","164817","76058","78057","154115","2343","2344","405","2","0","0","0","19","654","8","85","76","320","0","1","799","0","0","1610","187","1184","665",49,"21799","95.6078559857296","4.39214401427037","2.1799935686246","2.21215044564578","1.42218339127639","0.245727079124119","0.976840981209463","0.718372497982611","0.113459169867186","0.403477796586517","0.00121346705740306","0","0","0.0115279370453291","0.00485386822961224","0.05157234993963","0.0461117481813162","0.3968037277708"
2026,"Week 37","Local authority","E92000001","England","E12000005","West Midlands","E08000026","Coventry","331","Primary",85,"26045.6","244362","245300","938","12299","6622","5677","3013","257599","119655","121966","241621","2741","4422","489","2","1","0","0","59","1159","10","14","466","145","0","27","731","0","35","2719","272","2259","427",85,"33222","95.225524943808","4.77447505619199","2.57066215319159","2.2038129030004","1.71662157073591","0.189829929464012","1.05551651986227","0.87694439807608","0.105590472012702","0.165761513049352","0.000776400529505161","0.000388200264752581","0","0.0229038156204023","0.00388200264752581","0.00543480370653613","0.180901323374703","0.449924106848241"
2026,"Week 37","Local authority","E92000001","England","E12000007","London","E09000027","Richmond upon Thames","318","Primary",45,"12684.6","120735","121341","606","3857","2167","1690","1221","125198","59393","60216","119609","1126","1208","294","6","0","10","0","1","543","2","80","23","97","0","0","443","0","66","569","95","736","290",45,"15592","96.9192798607006","3.08072013929935","1.73085832042045","1.3498618188789","0.964871643316986","0.234828032396684","0.454480103516031","0.58786881579578","0.0758798063866835","0.231633093180402","0.00479240882442212","0","0.00798734804070353","0.000798734804070353","0.00159746960814071","0.0638987843256282","0.0183709004936181","0.433712998610201"
2026,"Week 37","Local authority","E92000001","England","E12000008","South East","E06000044","Portsmouth","851","Primary",45,"12350.4","116889","118053","1164","4955","2876","2079","1476","123008","57289","58335","115624","1265","1770","261","2","1","0","0","25","477","5","0","335","60","0","0","1104","0","0","726","211","1035","107",45,"15348","95.9718067117586","4.02819328824142","2.3380593132154","1.69013397502601","1.4389308012487","0.212181321540062","0.59020551508845","0.841408688865765","0.171533558792924","0.0869862122788762","0.00162591050988554","0.000812955254942768","0","0.0203238813735692","0.00406477627471384","0","0.272340010405827","0.3877796566077"
2026,"Week 37","Local authority","E92000001","England","E12000007","London","E09000013","Hammersmith and Fulham","205","Primary",36,"7099.6","66049","66280","231","2950","1661","1289","945","69230","32189","32976","65165","884","925","212","8","0","0","0","0","432","0","16","68","74","0","116","15","0","26","405","61","665","158",36,"8812","95.7388415426838","4.26115845731619","2.39924888054312","1.86190957677308","1.33612595695508","0.306225624729164","0.585006500072223","0.96056622851365","0.0881120901343348","0.228224758052867","0.0115556839520439","0","0","0","0","0.0231113679040878","0.0982233135923732","0.624006933410371"
2026,"Week 37","Local authority","E92000001","England","E12000002","North West","E08000012","Liverpool","341","Primary",113.4,"31886.2","301237","301963","726","12899","5359","7540","5146","314862","146083","150332","296415","4822","3888","608","2","0","4","0","29","580","3","13","232","175","0","52","457","0","42","3443","324","2914","859",113,"39804","95.9032846135767","4.09671538642326","1.70201548614949","2.39469990027377","1.23482668597671","0.193100469411996","1.09349492793668","0.925484815569996","0.102902223831393","0.272817932935699","0.000635198912539462","0","0.00127039782507892","0.0092103842318222","0.000952798368809193","0.0041287929315065","0.0736830738545776","0.184207684636444"
2026,"Week 37","Local authority","E92000001","England","E12000002","North West","E08000010","Wigan","359","Primary",98,"21455","205647","206747","1100","7457","4693","2764","1814","214204","101351","102694","204045","1602","3306","530","4","0","8","0","39","604","4","2","196","69","0","82","938","0","11","1428","212","860","264",99,"26840","96.5187391458609","3.48126085413904","2.19090213067917","1.29035872345988","1.54338854549868","0.247427685757502","0.66665421747493","0.401486433493305","0.0989710743030009","0.123246998188643","0.00186737876043398","0","0.00373475752086796","0.0182069429142313","0.00186737876043398","0.000933689380216989","0.091501559261265","0.281974192825531"
2026,"Week 37","Local authority","E92000001","England","E12000008","South East","E06000042","Milton Keynes","826","Primary",88.6,"21357","200038","201518","1480","8092","5060","3032","1684","209610","98576","99939","198515","1523","2879","461","11","24","0","0","34","1238","7","220","186","613","0","5","846","0","16","1135","161","1521","215",89,"25301","96.139497161395","3.86050283860503","2.41400696531654","1.44649587328849","1.37350317255856","0.219932255140499","0.541481799532465","0.725633319021039","0.076809312532799","0.102571442202185","0.005247841228949","0.011449835408616","0","0.016220600162206","0.003339535327513","0.10495682457898","0.088736224416774","0.590620676494442"
2026,"Week 37","Local authority","E92000001","England","E12000006","East of England","E10000029","Suffolk","935","Primary",253,"44333.2","422429","425273","2844","15594","10043","5551","2804","440867","209660","210545","420205","2224","6060","1254","11","0","56","0","73","1670","14","2","903","561","0","154","1924","0","205","2237","580","2083","651",253,"54320","96.4628788274015","3.53712117259854","2.27801128231417","1.25910989028437","1.37456421097519","0.284439524845362","0.5074092640184","0.472478094300549","0.131558950885414","0.147663581080008","0.0024950835512751","0","0.0127022435337642","0.0165582817493711","0.00317556088344104","0.000453651554777291","0.204823676981947","0.378799048239038"
2026,"Week 37","Local authority","E92000001","England","E12000003","Yorkshire and The Humber","E06000013","North Lincolnshire","813","Primary",62,"10450.6","98406","99460","1054","4015","1935","2080","681","103475","48778","49069","97847","559","1427","237","2","0","0","0","0","169","0","0","100","34","0","21","975","0","24","783","122","927","248",62,"12977","96.1198357091085","3.88016429089152","1.87001691229766","2.01014737859386","1.37907707175646","0.229040831118628","0.756704517999517","0.895868567286784","0.117902875090602","0.239671418216961","0.00193283401787871","0","0","0","0","0","0.0966417008939357","0.163324474510751"
2026,"Week 37","Local authority","E92000001","England","E12000007","London","E09000019","Islington","206","Primary",39,"9391","85220","86271","1051","6155","2827","3328","1794","92426","41201","42344","83545","1675","1745","239","14","0","0","0","19","728","2","20","60","264","0","4","783","0","0","727","119","1838","644",40,"12545","93.3406184406985","6.6593815593015","3.0586631467336","3.60071841256789","1.88799688399368","0.258585246575639","0.786575206110835","1.98861792136412","0.128751649968624","0.696773635124316","0.0151472529374851","0","0","0.0205569861294441","0.00216389327678359","0.0216389327678359","0.0649167983035077","0.787657152749226"
2026,"Week 37","Local authority","E92000001","England","E12000001","North East","E08000021","Newcastle upon Tyne","391","Primary",71,"17331.8","131988","132653","665","5567","2597","2970","1542","138220","67139","63442","130581","1407","1789","317","0","0","0","0","6","281","4","0","200","45","0","1","604","0","15","1473","135","1018","344",72,"22526","95.9723628997251","4.02763710027492","1.8788887281146","2.14874837216032","1.29431341339893","0.229344523223846","1.06569237447547","0.736507017797714","0.097670380552742","0.248878599334394","0","0","0","0.00434090580234409","0.00289393720156273","0","0.144696860078136","0.203299088409782"
2026,"Week 37","Local authority","E92000001","England","E12000009","South West","E06000066","Somerset","933","Primary",217.2,"30806.2","284188","285411","1223","10283","6066","4217","1674","295694","142027","140797","282824","1364","3607","761","10","0","16","0","70","912","8","6","676","274","0","10","876","0","63","1271","310","1476","1160",219,"39232","96.5224184460963","3.4775815539037","2.05144507497616","1.42613647892754","1.21984213409809","0.257360649861005","0.429836249636449","0.499164676997166","0.104838109667426","0.392297442626499","0.00338187450540085","0","0.00541099920864137","0.023673121537806","0.00270549960432068","0.00202912470324051","0.228614716565098","0.308426954892558"
2026,"Week 37","Local authority","E92000001","England","E12000004","East Midlands","E06000061","North Northamptonshire","940","Primary",109,"24144","229804","230899","1095","8401","5287","3114","1567","239300","113820","114687","228507","1297","3418","661","14","0","32","0","36","701","2","0","423","85","0","113","839","0","58","858","270","1608","378",111,"29885","96.489343919766","3.51065608023402","2.20936063518596","1.30129544504806","1.4283326368575","0.276222315085667","0.358545758462181","0.67195988299206","0.112829084830756","0.157960718763059","0.0058503969912244","0","0.0133723359799415","0.0150438779774342","0.000835770998746343","0","0.176765566234852","0.292937735060593"
2026,"Week 37","Local authority","E92000001","England","E12000008","South East","E06000035","Medway","887","Primary",77.2,"21204.8","202448","202717","269","8271","5381","2890","1682","210988","99846","101144","200990","1458","3202","516","0","0","10","0","33","1110","0","16","494","120","0","1","90","0","58","924","224","1519","223",76,"25017","96.0798718410526","3.92012815894743","2.55038201224714","1.36974614670029","1.51762185527139","0.244563671867594","0.437939598460576","0.719946158075341","0.106167175384382","0.105693214779987","0","0","0.00473960604394563","0.0156406999450206","0","0.007583369670313","0.234136538570914","0.526096270877965"
2026,"Week 37","Local authority","E92000001","England","E12000005","West Midlands","E06000019","Herefordshire, County of","884","Primary",78,"10575.6","101572","102005","433","3070","2288","782","658","105075","50381","50610","100991","581","1298","347","0","0","33","0","13","446","0","0","151","122","0","20","261","2","28","297","77","309","99",78,"13179","97.0782774208898","2.92172257911016","2.17749226742803","0.744230311682132","1.23530811325244","0.330240304544373","0.282655246252677","0.294075660242684","0.0732809897692125","0.0942184154175589","0","0","0.0314061384725196","0.0123721151558411","0","0","0.143706876040923","0.424458719961932"
2026,"Week 37","Local authority","E92000001","England","E12000001","North East","E06000001","Hartlepool","805","Primary",29.8,"6206.8","58990","59371","381","2358","1229","1129","437","61729","29211","29403","58614","376","946","149","0","0","6","0","0","108","0","0","20","14","0","0","367","0","0","604","61","319","145",30,"8649","96.1800774352411","3.81992256475887","1.99096048858721","1.82896207617165","1.53250498145118","0.241377634499182","0.978470410989972","0.516774935605631","0.0988190315734906","0.23489769800256","0","0","0.0097199047449335","0","0","0","0.0323996824831117","0.174958285408803"
2026,"Week 37","Local authority","E92000001","England","E12000002","North West","E08000011","Knowsley","340","Primary",50,"11570","108321","108782","461","4979","2399","2580","1680","113761","52619","54142","106761","1560","1682","233","20","0","0","0","61","289","1","0","113","16","0","6","416","0","23","1102","120","1159","199",50,"14781","95.6232803860726","4.37671961392744","2.10880706041614","2.26791255351131","1.47853833914962","0.204815358514781","0.968697532546303","1.01880257733318","0.105484304814479","0.174928138817345","0.0175807174690799","0","0","0.0536211882806937","0.000879035873453996","0","0.0993310537003015","0.254041367428205"
2026,"Week 37","Local authority","E92000001","England","E12000008","South East","E06000036","Bracknell Forest","867","Primary",29,"8133.6","77515","77642","127","2552","1808","744","655","80194","38275","38636","76911","604","1124","207","0","0","0","0","6","327","2","25","117","90","0","1","31","0","5","229","51","399","65",29,"10110","96.8177170361872","3.18228296381275","2.2545327580617","0.927750205751054","1.40160111729057","0.258124049180737","0.285557523006709","0.497543457116493","0.0635957802329351","0.0810534453949173","0","0","0","0.00748185649799237","0.00249395216599746","0.0311744020749682","0.145896201710851","0.407761179140584"
2026,"Week 37","Local authority","E92000001","England","E12000009","South West","E06000059","Dorset","838","Primary",118,"16386.6","155785","156884","1099","5331","3553","1778","1052","162215","77366","77598","154964","821","2313","434","0","0","8","0","15","388","0","2","393","171","0","6","850","0","72","685","231","621","241",119,"20765","96.7136208118855","3.28637918811454","2.19030299294147","1.09607619517307","1.42588539900749","0.267546157876892","0.422279074068366","0.382825262768548","0.142403600160281","0.148568258175878","0","0","0.00493172641247727","0.00924698702339488","0","0.00123293160311932","0.242271060012946","0.239188731005148"
2026,"Week 37","Local authority","E92000001","England","E12000007","London","E09000020","Kensington and Chelsea","207","Primary",26,"5131.6","47228","47322","94","2403","1453","950","881","49725","22859","23532","46391","837","771","93","0","0","0","0","11","471","2","19","86","38","0","2","52","0","2","303","44","404","199",26,"6307","95.1674208144796","4.83257918552036","2.92207139265963","1.91050779286073","1.55052790346908","0.187028657616893","0.609351432880845","0.81246857717446","0.0884866767219708","0.400201106083459","0","0","0","0.0221216691804927","0.00402212166918049","0.0382101558572147","0.172951231774761","0.947209653092006"
2026,"Week 37","Local authority","E92000001","England","E12000004","East Midlands","E06000017","Rutland","857","Primary",17,"2055.8","19111","19762","651","635","506","129","86","20397","9580","9458","19038","73","266","53","0","0","20","0","2","65","2","0","98","22","0","27","589","0","13","6","13","36","74",17,"2520","96.8867970780017","3.11320292199833","2.48075697406481","0.63244594793352","1.30411335000245","0.259842133647105","0.0294160906015591","0.176496543609354","0.0637348629700446","0.362798450752562","0","0","0.0980536353385302","0.00980536353385302","0.00980536353385302","0","0.480462813158798","0.318674314850223"
2026,"Week 37","Local authority","E92000001","England","E12000008","South East","E10000025","Oxfordshire","931","Primary",242,"42934.6","407217","410513","3296","14500","10093","4407","3105","425013","201193","203341","404534","2683","6078","1116","3","0","33","0","59","1812","11","25","956","402","0","74","2740","0","80","1597","422","1714","674",242,"54426","96.5883396507871","3.41166034921285","2.37475088997278","1.03690945924007","1.43007390362177","0.262580203429072","0.375753212254684","0.403281781969022","0.0992910805081256","0.158583384508239","0.000705860761906106","0","0.00776446838096717","0.0138819283174868","0.00258815612698906","0.00588217301588422","0.224934296127413","0.426339900191288"
2026,"Week 37","Local authority","E92000001","England","E12000008","South East","E10000016","Kent","886","Primary",457,"106602.2","1009943","1012586","2643","39262","24860","14402","9323","1051848","498845","503197","1002042","7901","16591","2822","8","5","62","0","131","3207","39","66","1929","1325","0","73","1182","0","63","4199","1422","6834","1947",459,"125932","96.2673314014953","3.73266859850473","2.36345935914695","1.36920923935778","1.57731915638001","0.268289714863745","0.399202166092439","0.649713646838707","0.135190635909371","0.185102790517261","0.000760566165453564","0.000475353853408477","0.00589438778226512","0.0124542709593021","0.00370776005658612","0.0062746708649919","0.183391516644991","0.304891961576197"
2026,"Week 37","Local authority","E92000001","England","E12000001","North East","E08000022","North Tyneside","392","Primary",53,"11238.8","107312","107665","353","4011","2103","1908","759","111676","53089","53518","106607","705","1609","246","0","0","0","0","15","164","0","0","69","22","0","4","324","0","3","1175","54","466","213",54,"15147","96.4083598982772","3.59164010172284","1.883126186468","1.70851391525484","1.44077509939468","0.220280095991977","1.05215086500233","0.4172785558222","0.048354167412873","0.190730327017443","0","0","0","0.0134317131702425","0","0","0.0617858805831154","0.146853397327985"
2026,"Week 37","Local authority","E92000001","England","E12000009","South West","E10000013","Gloucestershire","916","Primary",239.2,"39250.4","362921","363881","960","14048","10347","3701","2614","377929","180664","180011","360675","2246","6577","1023","2","0","105","0","73","1401","6","5","1155","302","0","10","562","0","86","1346","368","1360","627",241,"47480","96.2828996980914","3.71710030190856","2.73781583313268","0.979284468775881","1.74027396680329","0.270685763728108","0.356151552275692","0.359855951779302","0.0973727869520465","0.16590417776884","0.000529199929087209","0","0.0277829962770785","0.0193157974116831","0.00158759978726163","0.00132299982271802","0.305612959047864","0.37070455032559"
2026,"Week 37","Local authority","E92000001","England","E12000003","Yorkshire and The Humber","E08000035","Leeds","383","Primary",218.8,"55448.6","516912","519269","2357","22236","11037","11199","4907","541505","254948","257752","512700","4212","7043","1288","12","2","41","0","50","1676","18","8","899","403","0","31","1872","0","51","5678","695","3758","1068",221,"69804","95.8936667251456","4.10633327485434","2.03820832679292","2.06812494806142","1.30063434317319","0.237855606134754","1.04855910841082","0.693991745228576","0.128345998651905","0.197228095770122","0.00221604601988901","0.000369341003314836","0.00757149056795413","0.00923352508287089","0.00332406902983352","0.00147736401325934","0.166018780990019","0.309507760777832"
2026,"Week 37","Local authority","E92000001","England","E12000004","East Midlands","E10000019","Lincolnshire","925","Primary",279,"44435.8","426215","427393","1178","14534","9537","4997","2535","441927","210751","213336","424087","2128","5971","1116","0","1","89","0","87","1548","12","4","709","150","0","30","986","0","12","2069","407","2039","482",279,"53968","96.7112215365886","3.28877846341138","2.15804872750477","1.13072973590661","1.35112812749617","0.25253039529153","0.468176870840659","0.461388419354328","0.0920966584978967","0.109067787213725","0","0.000226281716211048","0.0201390727427833","0.0196865093103612","0.00271538059453258","0.000905126864844194","0.160433736793633","0.350284096694703"
2026,"Week 37","Local authority","E92000001","England","E12000008","South East","E06000060","Buckinghamshire","825","Primary",179,"38590.4","343519","343900","381","12133","8526","3607","3037","356033","169587","171227","340814","2705","5815","790","4","1","58","0","40","1244","4","2","568","122","0","34","164","0","61","1378","332","1386","511",181,"43730","96.5921698269542","3.40783017304576","2.39472183758247","1.01310833546329","1.63327556715248","0.221889543946769","0.38704277412487","0.389289756848382","0.0932497830257308","0.143526021464302","0.00112349136175579","0.000280872840438948","0.016290624745459","0.0112349136175579","0.00112349136175579","0.000561745680877896","0.159535773369323","0.349405813506051"
2026,"Week 37","Local authority","E92000001","England","E12000003","Yorkshire and The Humber","E08000017","Doncaster","371","Primary",97,"21433.8","202052","202474","422","8001","4252","3749","1794","210475","99714","100764","200478","1574","2918","454","6","0","54","0","29","565","2","2","222","65","0","29","304","0","24","1944","220","1333","252",98,"27993","96.198598408362","3.80140159163796","2.02019242190284","1.78120916973512","1.38638793205844","0.215702577503266","0.923625133626321","0.633329374034921","0.104525478085283","0.119729183988597","0.00285069485687136","0","0.0256562537118423","0.0137783584748783","0.000950231618957121","0.000950231618957121","0.10547570970424","0.268440432355387"
2026,"Week 37","Local authority","E92000001","England","E12000001","North East","E08000023","South Tyneside","393","Primary",45,"9472.8","90175","90680","505","3555","2262","1293","572","94235","44753","44907","89660","515","1594","257","2","0","0","0","20","289","0","1","99","23","0","3","475","0","4","825","57","304","107",45,"12295","96.227516315594","3.77248368440601","2.40038202366424","1.37210166074176","1.69151589112326","0.272722449196159","0.875470897225022","0.322597760916857","0.0604870801719106","0.113545922427973","0.00212235369024248","0","0","0.0212235369024248","0","0.00106117684512124","0.105056507667003","0.306680108240038"
2026,"Week 37","Local authority","E92000001","England","E12000007","London","E09000009","Ealing","307","Primary",65,"22434.8","203224","204104","880","10583","4593","5990","3411","214687","98755","101249","200004","3220","3259","487","10","3","8","0","4","547","4","171","100","228","0","2","650","0","0","1899","191","2763","1137",65,"25648","95.0704979807813","4.92950201921868","2.13939362886435","2.79010839035433","1.51802391388393","0.226841867462865","0.884543544788459","1.2869898969197","0.0889667283067908","0.529608220339378","0.0046579438904079","0.00139738316712237","0.00372635511232632","0.00186317755616316","0.00186317755616316","0.079650840525975","0.046579438904079","0.254789530805312"
2026,"Week 37","Local authority","E92000001","England","E12000006","East of England","E10000015","Hertfordshire","919","Primary",395,"79508","760772","763091","2319","27678","19518","8160","6093","790769","376745","378768","755513","5259","11427","2337","50","2","234","0","143","3894","29","70","1332","633","0","131","1476","2","77","2667","834","3282","1377",398,"100098","96.4998627917887","3.50013720821125","2.4682302922851","1.03190691592614","1.44504905983922","0.295535105700906","0.337266635389096","0.415039031626177","0.105466956848334","0.174134292062537","0.00632295904366509","0.000252918361746604","0.0295914483243526","0.0180836628648822","0.00366731624532575","0.00885214266113113","0.168443628923238","0.492432050320637"
2026,"Week 37","Local authority","E92000001","England","E12000002","North West","E08000013","St. Helens","342","Primary",54,"11767","113080","113158","78","3901","2325","1576","1253","117059","55485","56507","111992","1088","1625","342","2","0","10","0","22","216","5","2","101","4","0","36","28","0","10","721","165","551","139",54,"14933","96.6674924610666","3.33250753893336","1.98617791028456","1.3463296286488","1.38818886202684","0.292160363577341","0.615928719705448","0.470702807985717","0.140954561375033","0.118743539582604","0.00170854013787919","0","0.00854270068939595","0.0187939415166711","0.00427135034469797","0.00170854013787919","0.0862812769628991","0.184522334890952"
2026,"Week 37","Local authority","E92000001","England","E12000003","Yorkshire and The Humber","E08000033","Calderdale","381","Primary",79.2,"13752","126394","126741","347","4159","2649","1510","942","130900","62537","63076","125613","781","1880","272","0","0","0","0","8","384","0","4","101","58","0","31","258","0","0","731","161","511","107",81,"17233","96.8227654698243","3.17723453017571","2.02368220015279","1.15355233002292","1.43621084797555","0.207792207792208","0.558441558441558","0.390374331550802","0.122994652406417","0.0817417876241406","0","0","0","0.00611153552330023","0","0.00305576776165011","0.0771581359816654","0.293353705118411"
2026,"Week 37","Local authority","E92000001","England","E12000003","Yorkshire and The Humber","E06000012","North East Lincolnshire","812","Primary",48,"10406.6","99329","99966","637","3872","1933","1939","730","103838","49201","49507","98708","621","1350","316","0","0","0","0","5","174","2","0","86","33","0","18","579","0","7","1014","109","742","74",49,"13392","96.2711146208517","3.72888537914829","1.86155357383617","1.86733180531212","1.30010208208941","0.304320191066854","0.976521119436045","0.714574625859512","0.104971205146478","0.0712648548700861","0","0","0","0.00481519289662744","0.00192607715865098","0","0.082821317821992","0.167568712802635"
2026,"Week 37","Local authority","E92000001","England","E12000003","Yorkshire and The Humber","E08000019","Sheffield","373","Primary",132,"35793.8","338035","339711","1676","14985","7818","7167","3757","354696","166038","168730","334768","3267","5074","966","4","0","0","0","44","958","4","5","763","259","0","156","1236","0","25","3478","490","2888","311",131,"42623","95.775255430002","4.22474456999797","2.20414101089384","2.02060355910413","1.43052078399531","0.272345896204073","0.980557998962492","0.814218372916526","0.138146469089023","0.087680718136094","0.00112772627827774","0","0","0.0124049890610551","0.00112772627827774","0.00140965784784717","0.215113787581478","0.270090443647518"
2026,"Week 37","Local authority","E92000001","England","E12000002","North West","E08000003","Manchester","352","Primary",135,"38493.4","359587","361308","1721","15859","7865","7994","5954","377167","174749","179687","354436","5151","5330","866","6","0","10","0","42","959","1","8","643","56","0","34","1628","1","2","2735","803","3408","1048",137,"50367","95.7952312901182","4.20476870988183","2.08528317694814","2.11948553293369","1.41316711165081","0.229606513825441","0.725142973802056","0.903578520920441","0.212903037646454","0.277861000564737","0.00159080725514162","0","0.00265134542523604","0.0111356507859914","0.000265134542523604","0.00212107634018883","0.170481510842677","0.254264026280136"
2026,"Week 37","Local authority","E92000001","England","E12000002","North West","E06000006","Halton","876","Primary",49,"7919.4","75496","75590","94","2797","1555","1242","684","78387","37211","37672","74883","613","1121","162","0","0","10","0","0","237","0","0","25","34","0","14","36","0","10","554","71","516","101",49,"9552","96.4318062944111","3.56819370558894","1.98374730503783","1.58444640055111","1.43008407006264","0.206666921811015","0.706749843724087","0.658272417620269","0.0905762435097656","0.128847895696991","0","0","0.0127572173957416","0","0","0","0.0318930434893541","0.302346052279077"
2026,"Week 37","Local authority","E92000001","England","E12000006","East of England","E06000034","Thurrock","883","Primary",38.6,"14377","135921","136696","775","5600","3104","2496","1408","142296","66923","67772","134695","1226","1984","305","2","0","100","0","18","539","0","6","150","56","0","134","575","0","10","777","182","1382","155",39,"18479","96.064541519087","3.93545848091303","2.18136841513465","1.75409006577838","1.39427671895204","0.214341935121156","0.546044864226682","0.971214932253893","0.127902400629673","0.108927868668128","0.00140552088604037","0","0.0702760443020183","0.0126496879743633","0","0.0042165626581211","0.105414066453027","0.378787878787879"
2026,"Week 37","Local authority","E92000001","England","E12000002","North West","E08000004","Oldham","353","Primary",84,"19516.4","185332","185621","289","7191","3505","3686","2029","192812","91004","92580","183584","1748","2432","576","0","0","8","0","22","319","13","0","135","106","0","15","146","0","22","2076","281","1139","190",86,"24100","96.2704603447918","3.72953965520818","1.8178329149638","1.91170674024438","1.2613322822231","0.298736593158102","1.07669647117399","0.5907308673734","0.14573781714831","0.0985415845486795","0","0","0.00414911934941809","0.0114100782108997","0.00674231894280439","0","0.0700163890214302","0.165446134058046"
2026,"Week 37","Local authority","E92000001","England","E12000005","West Midlands","E08000025","Birmingham","330","Primary",290.6,"84549.2","796654","798155","1501","36855","18987","17868","10446","835010","389516","397836","787352","9302","13676","1671","20","0","10","0","114","3007","2","29","458","179","0","82","1141","0","99","7274","1144","7525","1925",291,"102769","95.5862804038275","4.4137195961725","2.27386498365289","2.13985461251961","1.63782469671022","0.200117363863906","0.87112729188872","0.901186812133986","0.137004347253326","0.230536161243578","0.00239518089603717","0","0.00119759044801859","0.0136525311074119","0.000239518089603717","0.0034730122992539","0.0548496425192513","0.360115447719189"
2026,"Week 37","Local authority","E92000001","England","E12000007","London","E09000033","Westminster","213","Primary",33.4,"5528.4","49358","49816","458","3198","1330","1868","957","53014","23925","24567","48492","866","682","163","4","0","0","0","0","366","0","37","78","14","0","0","444","0","0","400","91","956","421",33,"6673","93.9676311917607","6.03236880823933","2.50877126796695","3.52359754027238","1.28645263515298","0.307465952389935","0.754517674576527","1.8032972422379","0.17165277096616","0.794129852491795","0.00754517674576527","0","0","0","0","0.0697928848983287","0.147130946542423","0.690383672237522"
2026,"Week 37","Local authority","E92000001","England","E12000008","South East","E10000014","Hampshire","850","Primary",419.8,"84956.6","813785","819642","5857","25161","18371","6790","5495","844803","404155","405075","809230","4555","11640","1875","8","0","73","0","47","2509","20","28","2171","690","0","100","4972","0","95","2516","940","2376","958",420,"100460","97.0216725082652","2.97832749173476","2.17458981561382","0.803737676120942","1.37783601620733","0.22194523456948","0.297820912094299","0.281249001246444","0.111268544264166","0.113399218516033","0.000946966334163113","0","0.0086410677992384","0.00556342721320829","0.00236741583540778","0.00331438216957089","0.256982988933515","0.296992316551906"
2026,"Week 37","Local authority","E92000001","England","E12000001","North East","E06000005","Darlington","841","Primary",29,"6720.6","63756","64128","372","2606","1720","886","479","66734","31460","31885","63345","411","1017","126","0","0","248","0","34","279","0","0","16","10","0","0","362","0","0","510","68","286","22",29,"8559","96.0949441064525","3.90505589354752","2.57739682920251","1.32765906434501","1.52396079959241","0.18880930260437","0.764228129589115","0.428567147181347","0.101897083945215","0.0329667036293344","0","0","0.371624659094315","0.0509485419726077","0","0","0.0239757844576977","0.418077741481104"
2026,"Week 37","Local authority","E92000001","England","E12000005","West Midlands","E08000029","Solihull","334","Primary",59,"15782.6","143846","143920","74","4911","3403","1508","1575","148831","70710","71777","142487","1359","2424","351","0","0","0","0","15","416","1","1","195","11","0","51","8","0","4","566","216","574","152",59,"20249","96.7002842149821","3.29971578501791","2.28648601433841","1.0132297706795","1.62869294703388","0.235837963865055","0.380297115520288","0.385672339767925","0.145131054686188","0.102129260705095","0","0","0","0.0100785454643186","0.000671903030954573","0.000671903030954573","0.131021091036142","0.279511660877102"
2026,"Week 37","Local authority","E92000001","England","E12000003","Yorkshire and The Humber","E08000034","Kirklees","382","Primary",143.2,"29116.6","279716","280053","337","9375","5933","3442","1789","289428","138521","139641","278162","1554","4001","744","4","6","30","0","44","666","14","5","419","147","0","70","117","0","3","1102","235","1791","314",142,"34106","96.7608524399851","3.23914756001493","2.04990533051398","1.18924222950095","1.3823818013461","0.257058750362785","0.380750998521221","0.618806749865251","0.0811946321710408","0.108489848943433","0.00138203629227304","0.00207305443840955","0.0103652721920478","0.0152023992150034","0.00483712702295562","0.00172754536534129","0.1447683016156","0.23010904266346"
2026,"Week 37","Local authority","E92000001","England","E12000002","North West","E08000015","Wirral","344","Primary",90,"19741.8","188715","189025","310","7117","4188","2929","1563","196142","93132","94206","187338","1377","2966","524","2","0","0","0","30","518","4","5","139","184","0","106","4","0","16","1666","186","832","245",90,"25132","96.3715063576389","3.62849364236115","2.13518777212428","1.49330587023687","1.51216975456557","0.267153388871328","0.849384629503115","0.424182480039971","0.0948292563550897","0.124909504338693","0.00101966942317301","0","0","0.0152950413475951","0.00203933884634601","0.00254917355793252","0.070867024910524","0.264094380601809"
2026,"Week 37","Local authority","E92000001","England","E12000007","London","E09000004","Bexley","303","Primary",60.2,"17054","162395","163118","723","6028","3547","2481","1682","169146","80089","80743","160832","1563","2694","467","2","0","0","0","1","216","6","3","158","611","0","5","107","0","0","712","119","1387","263",60,"21107","96.4362148676291","3.56378513237085","2.09700495429984","1.46678017807102","1.59270689227058","0.276092842869474","0.420938124460525","0.820001655374647","0.0703534224870822","0.155486975748761","0.00118241046196777","0","0","0.000591205230983884","0.0035472313859033","0.00177361569295165","0.0934104264954536","0.127700329892519"
2026,"Week 37","Local authority","E92000001","England","E12000002","North West","E08000005","Rochdale","354","Primary",68,"17618","167258","168429","1171","6551","3140","3411","1943","174980","82137","83474","165611","1647","2230","374","4","0","0","0","5","347","19","0","161","79","0","39","1029","0","24","1475","296","1471","169",69,"22090","96.2561435592639","3.74385644073608","1.79449079894845","1.94936564178763","1.27443136358441","0.213738712995771","0.84295348039776","0.840667504857698","0.169162189964567","0.0965824665676077","0.00228597554006172","0","0","0.00285746942507715","0.0108583838152932","0","0.0920105154874843","0.198308378100354"
2026,"Week 37","Local authority","E92000001","England","E12000007","London","E09000021","Kingston upon Thames","314","Primary",34,"9891","91905","92434","529","3438","1602","1836","816","95872","45367","45787","91154","751","974","189","0","0","0","0","0","339","0","15","85","56","0","0","430","0","43","643","65","681","447",35,"12705","96.4139686248331","3.58603137516689","1.6709779706275","1.91505340453939","1.01593791722296","0.19713785046729","0.670685914552737","0.710322096128171","0.0677987316421896","0.466246662216288","0","0","0","0","0","0.0156458611481976","0.0886598798397864","0.353596461949266"
2026,"Week 37","Local authority","E92000001","England","E12000008","South East","E06000046","Isle of Wight","921","Primary",36,"6637.6","61904","62257","353","2489","1729","760","569","64746","30514","30949","61463","441","1150","197","0","0","0","0","8","213","0","10","151","203","0","3","127","0","20","198","128","303","131",36,"7913","96.1557470731783","3.84425292682173","2.67043523924258","1.17381768757916","1.77617150094214","0.304265900596176","0.305810397553517","0.467982578074321","0.197695610539647","0.20232910141167","0","0","0","0.012355975658728","0","0.0154449695734099","0.23321904055849","0.328977851913632"
2026,"Week 37","Local authority","E92000001","England","E12000007","London","E09000032","Wandsworth","212","Primary",57.2,"13494.6","127273","127496","223","5615","2905","2710","1904","133111","62490","63054","125544","1729","1868","381","8","0","32","0","1","501","5","31","78","190","0","9","10","0","14","815","175","928","792",58,"16884","95.7817160114491","4.21828398855091","2.18238913388075","2.03589485467016","1.403340069566","0.286227283996063","0.61227096182885","0.697162518499598","0.131469224932575","0.59499214940914","0.00601002171120343","0","0.0240400868448137","0.000751252713900429","0.00375626356950214","0.0232888341309133","0.0585977116842335","0.376377609664115"
2026,"Week 37","Local authority","E92000001","England","E12000007","London","E09000030","Tower Hamlets","211","Primary",65,"17818.2","167434","167640","206","7850","4463","3387","2501","175490","81580","83376","164956","2478","3282","401","2","0","0","0","12","594","4","99","69","77","0","34","47","0","48","1263","23","1484","617",66,"23360","95.5268106444812","4.47318935551883","2.54316485269816","1.93002450282067","1.87019203373412","0.228503048606758","0.71969912815545","0.845632229756681","0.0131061598951507","0.351586985013391","0.00113966607783919","0","0","0.00683799646703516","0.00227933215567839","0.0564134708530401","0.0393184796854522","0.33848082511824"
2026,"Week 37","Local authority","E92000001","England","E12000004","East Midlands","E10000024","Nottinghamshire","891","Primary",284.2,"54485.6","519354","521261","1907","17410","10756","6654","3199","538671","257657","259004","516661","2693","6678","1330","10","0","223","0","69","1527","6","2","911","271","0","107","1524","0","5","2870","506","2306","972",286,"68540","96.7679715447834","3.23202845521664","1.99676611512407","1.23526234009256","1.23971774979533","0.246903954361753","0.532792743622731","0.428090615607671","0.0939348879000355","0.180444092962123","0.00185642070948687","0","0.0413981818215571","0.0128093028954594","0.00111385242569212","0.000371284141897373","0.169119926634254","0.283475442338645"
2026,"Week 37","Local authority","E92000001","England","E12000001","North East","E06000002","Middlesbrough","806","Primary",41,"11259.6","104891","105772","881","4761","2084","2677","1204","110533","51943","51874","103817","1074","1461","206","0","0","0","0","8","330","0","4","75","68","0","131","662","0","20","1307","130","1144","96",41,"15183","95.6926890611853","4.30731093881465","1.8854097871224","2.42190115169225","1.32177720680702","0.186369681452598","1.18245229931333","1.03498502709598","0.11761193489727","0.0868518903856767","0","0","0","0.00723765753213972","0","0.00361882876606986","0.0678530393638099","0.298553373200764"
2026,"Week 37","Local authority","E92000001","England","E12000008","South East","E06000038","Reading","870","Primary",40,"10915.8","99871","100189","318","4935","2525","2410","1267","105124","48940","49826","98766","1105","1553","276","0","0","0","0","13","395","0","53","235","71","0","0","228","0","19","626","162","1341","281",40,"13472","95.3055439290742","4.69445607092576","2.4019253453065","2.29253072561927","1.47730299455881","0.262547087249344","0.595487234123511","1.27563639130931","0.154103725124615","0.267303375061832","0","0","0","0.0123663483124691","0","0.050416650812374","0.223545527186941","0.375746737186561"
2026,"Week 37","Local authority","E92000001","England","E12000005","West Midlands","E08000028","Sandwell","333","Primary",91.8,"27564.4","256711","258054","1343","10855","5723","5132","3216","268909","125578","128232","253810","2901","3864","458","2","0","0","0","23","1072","0","8","296","440","0","0","903","0","0","1245","315","3219","353",93,"35165","95.9633184460171","4.03668155398295","2.12822925227493","1.90845230170801","1.43691732147306","0.170317839864043","0.462981900940467","1.19705922821475","0.11713999903313","0.131271173519666","0.000743746025607176","0","0","0.00855307929448252","0","0.0029749841024287","0.110074411789862","0.398647869725446"
2026,"Week 37","Local authority","E92000001","England","E12000007","London","E09000029","Sutton","319","Primary",41.4,"14677.8","140222","140401","179","5002","3133","1869","1699","145403","68743","69942","138685","1537","2211","362","3","0","0","0","3","400","8","30","116","58","0","0","121","0","0","516","162","782","409",41,"17894","96.5599059166592","3.44009408334078","2.15470107219246","1.28539301114833","1.52060136310805","0.248963226343335","0.35487575909713","0.537815588399139","0.111414482507239","0.281287181144818","0.00206323115754145","0","0","0.00206323115754145","0.00550194975344388","0.0206323115754145","0.0797782714249362","0.275097487672194"
2026,"Week 37","Local authority","E92000001","England","E12000005","West Midlands","E10000031","Warwickshire","937","Primary",195.6,"39737.4","372972","373770","798","13109","8937","4172","3162","386879","184144","186051","370195","2777","6196","803","1","0","74","0","58","1296","6","13","490","229","0","20","485","0","64","1333","385","2032","422",195,"46713","96.6116020771352","3.38839792286477","2.31002458132905","1.07837334153573","1.60153432985507","0.207558435583219","0.344552172643126","0.525228818312702","0.0995143184303103","0.109078032149587","0.000258478749169637","0","0.0191274274385531","0.0149917674518389","0.00155087249501782","0.00336022373920528","0.126654587093122","0.33498845892385"
2026,"Week 37","Local authority","E92000001","England","E12000003","Yorkshire and The Humber","E08000016","Barnsley","370","Primary",77,"16073.4","152619","153781","1162","5848","3174","2674","1012","159629","75621","76141","151762","857","2076","416","8","0","24","0","18","403","0","0","229","109","0","74","953","0","26","1486","155","968","65",77,"20188","96.3365052715985","3.66349472840148","1.98836051093473","1.67513421746675","1.30051557047905","0.260604276165358","0.930908544186833","0.606406104154007","0.0971001509750734","0.0407194181508373","0.00501162069548766","0","0.015034862086463","0.0112761465648472","0","0","0.143457642408334","0.252460392535191"
2026,"Week 37","Local authority","E92000001","England","E12000007","London","E09000025","Newham","316","Primary",66,"24503","226376","227869","1493","15850","4780","11070","2684","243719","111034","112878","223912","2464","3375","501","0","0","1","0","0","617","5","152","129","116","0","146","1229","0","2","3087","220","7007","756",66,"31377","93.4966087994781","6.50339120052191","1.9612750749839","4.54211612553802","1.38479150168842","0.205564605139525","1.26662262687767","2.87503231180171","0.0902678904804303","0.310193296378206","0","0","0.000410308593092865","0","0.00205154296546433","0.0623669061501155","0.0529298085089796","0.253160401938298"
2026,"Week 37","Local authority","E92000001","England","E12000009","South West","E06000027","Torbay","880","Primary",30.8,"7218.2","69093","69160","67","2257","1353","904","510","71417","34141","34539","68680","413","884","157","5","0","0","0","5","205","8","0","89","33","0","2","14","0","18","278","97","411","118",31,"9345","96.8396880294608","3.16031197053923","1.89450691011944","1.26580506041979","1.23780052368484","0.219835613369366","0.38926306061582","0.575493229903244","0.135822003164513","0.165226766736211","0.00700113418373776","0","0","0.00700113418373776","0.0112018146939804","0","0.124620188470532","0.287046501533248"
2026,"Week 37","Local authority","E92000001","England","E12000008","South East","E06000037","West Berkshire","869","Primary",67,"10337","96246","96875","629","3097","2182","915","610","99972","47922","47789","95711","535","1364","272","2","22","0","0","22","321","6","2","171","39","0","10","552","0","28","346","75","325","169",67,"12143","96.9021325971272","3.0978674028728","2.18261113111671","0.915256271756092","1.36438202696755","0.272076181330773","0.346096907133997","0.325091025487136","0.0750210058816469","0.169047333253311","0.00200056015684392","0.0220061617252831","0","0.0220061617252831","0.00600168047053175","0.00200056015684392","0.171047893410155","0.321089905173449"
2026,"Week 37","Local authority","E92000001","England","E12000005","West Midlands","E08000027","Dudley","332","Primary",77.4,"21444.8","205559","205994","435","7351","4206","3145","1755","213345","101605","102463","204068","1491","2808","446","12","0","28","0","81","452","6","5","368","80","0","24","331","0","0","1374","264","1243","264",78,"27179","96.5544071808573","3.4455928191427","1.97145468607186","1.47413813307085","1.31617802151445","0.209051067519745","0.644027279758138","0.582624387728796","0.123743232791957","0.123743232791957","0.0056246923996344","0","0.0131242822658136","0.0379666736975322","0.0028123461998172","0.002343621833181","0.172490566922121","0.211863413719562"
2026,"Week 37","Local authority","E92000001","England","E12000002","North West","E10000017","Lancashire","888","Primary",467.6,"78636.4","733980","738947","4967","25023","16288","8735","6161","763970","362673","365965","728638","5342","10853","1982","8","0","68","0","214","2279","6","4","874","307","0","181","4325","0","154","4139","819","2949","828",478,"95652","96.7246096050892","3.27539039491079","2.13202089087268","1.14336950403812","1.42060552115921","0.259434270979227","0.541775200596882","0.38600992185557","0.107203162427844","0.10838121915782","0.00104716153775672","0","0.00890087307093211","0.0280115711349922","0.000785371153317539","0.000523580768878359","0.114402397999921","0.298310143068445"
2026,"Week 37","Local authority","E92000001","England","E12000008","South East","E06000043","Brighton and Hove","846","Primary",46,"13608.6","129114","129754","640","5912","4183","1729","1516","135666","63369","64368","127737","1377","2703","417","0","0","0","0","24","769","0","5","265","121","0","20","448","2","49","431","139","769","390",47,"15533","95.6422390282016","4.35776097179839","3.08330753468076","1.27445343711763","1.99239308301269","0.30737251780107","0.317691978830363","0.566833252251854","0.10245750593369","0.28747070010172","0","0","0","0.0176905046216443","0","0.0036855217961759","0.195332655197323","0.566833252251854"
2026,"Week 37","Local authority","E92000001","England","E12000004","East Midlands","E10000018","Leicestershire","855","Primary",228.6,"45060","426192","431706","5514","16279","12787","3492","2810","447985","211907","211920","423827","2365","9721","1129","4","0","87","0","95","1150","7","10","584","317","0","236","4948","0","13","1130","445","1479","438",231,"54661","96.3661729745416","3.63382702545844","2.85433664073574","0.779490384722703","2.16993872562697","0.252017366652901","0.252240588412558","0.330144982532897","0.0993336830474235","0.0977711307298235","0.000892887038628525","0","0.0194202930901704","0.0212060671674275","0.00156255231759992","0.00223221759657131","0.130361507639765","0.256705023605701"
2026,"Week 37","Local authority","E92000001","England","E12000005","West Midlands","E06000021","Stoke-on-Trent","861","Primary",71,"18424","174353","175428","1075","6740","3698","3042","1866","182168","86163","86496","172659","1694","2489","302","0","0","0","0","48","549","1","0","309","44","0","131","882","0","18","1180","172","1475","215",71,"23970","96.3001185718677","3.69988142813227","2.02999429098415","1.66988713714813","1.36632119801502","0.165781037284265","0.647753721839181","0.809692152298977","0.0944183391155417","0.118022923894427","0","0","0","0.0263493039392209","0.000548943832067103","0","0.169623644108735","0.301370163804839"
2026,"Week 37","Local authority","E92000001","England","E12000009","South West","E06000052","Cornwall","908","Primary",232.8,"31836.8","302819","303781","962","10160","6702","3458","2090","313941","150361","150700","301061","1758","3969","896","6","1","1","2","104","986","1","2","734","177","0","92","636","0","57","1071","332","1459","596",234,"39773","96.7637231199493","3.23627688005071","2.13479602855314","1.10148085149757","1.26425028906705","0.285403945327307","0.341146903399046","0.464737004723818","0.105752354741815","0.189844588632896","0.00191118713388821","0.000318531188981369","0.000318531188981369","0.0331272436540624","0.000318531188981369","0.000637062377962738","0.233801892712325","0.31407175233563"
2026,"Week 37","Local authority","E92000001","England","E12000006","East of England","E06000031","Peterborough","874","Primary",60,"16713.4","159193","160166","973","6575","3863","2712","1196","166741","78697","79437","158134","1059","2524","380","0","0","58","0","18","543","0","9","331","174","0","1","707","0","91","1002","137","1254","319",61,"20451","96.0567586856262","3.94324131437379","2.31676672204197","1.62647459233182","1.5137248787041","0.22789835733263","0.600931984334987","0.752064579197678","0.0821633551436059","0.19131467365555","0","0","0.0347844861191908","0.0107951853473351","0","0.00539759267366754","0.198511463887106","0.325654757977942"
2026,"Week 37","Local authority","E92000001","England","E12000002","North West","E08000002","Bury","351","Primary",61.6,"12497.4","120118","120371","253","4224","2447","1777","1364","124595","58885","60008","118893","1225","1627","329","0","0","8","0","11","288","9","3","172","63","0","0","157","0","33","640","139","841","157",64,"15160","96.6098158032024","3.39018419679762","1.96396324090052","1.42622095589711","1.30583089209037","0.264055539949436","0.513664272242064","0.674986957743088","0.111561459127573","0.126008266784381","0","0","0.0064208034030258","0.00882860467916048","0.00722340382840403","0.00240780127613468","0.138047273165055","0.231148922508929"
2026,"Week 37","Local authority","E92000001","England","E12000006","East of England","E06000055","Bedford","822","Primary",54,"13203.6","120872","121951","1079","4277","2652","1625","730","126228","59909","60329","120238","634","1882","312","2","0","0","0","5","364","0","2","85","39","0","68","967","0","5","688","96","686","155",53,"15927","96.611686788985","3.38831321101499","2.10096016731628","1.2873530436987","1.49095287891751","0.247171784390151","0.54504547327059","0.543461038755268","0.0760528567354311","0.122793674937415","0.00158443451532148","0","0","0.0039610862883037","0","0.00158443451532148","0.067338466901163","0.28836708178851"
2026,"Week 37","Local authority","E92000001","England","E12000001","North East","E08000024","Sunderland","394","Primary",80,"16867.8","156980","157227","247","6023","3215","2808","934","163250","77770","78350","156120","860","2261","419","10","0","14","0","12","416","0","0","83","45","0","25","159","0","18","1718","74","686","330",81,"22570","96.3105666156202","3.68943338437979","1.96937212863706","1.72006125574273","1.38499234303216","0.25666156202144","1.05237366003063","0.420214395099541","0.0453292496171516","0.202143950995406","0.00612557427258805","0","0.00857580398162328","0.00735068912710567","0","0","0.0508422664624809","0.254823889739663"
2026,"Week 37","Local authority","E92000001","England","E12000008","South East","E06000039","Slough","871","Primary",27.8,"13354.2","120504","121694","1190","8436","5721","2715","1312","130130","59220","60076","119296","1208","2279","249","4","0","20","0","1","2014","0","1091","63","899","0","26","255","0","10","1010","104","1347","254",28,"16501","93.5172519787904","6.48274802120956","4.39637285791132","2.08637516329824","1.75132559747944","0.191347114424038","0.776146929993084","1.03511872742642","0.0799200799200799","0.195189425958657","0.00307384922769538","0","0.0153692461384769","0.000768462306923845","0","0.838392376853915","0.0484131253362023","1.54768308614462"
2026,"Week 37","Local authority","E92000001","England","E12000004","East Midlands","E06000062","West Northamptonshire","941","Primary",147,"28453","269987","270949","962","9768","6011","3757","2106","280717","133426","134695","268121","1866","3688","706","8","0","35","0","26","1087","6","4","451","186","0","94","620","0","62","1573","240","1724","220",147,"34562","96.5203389890887","3.47966101091134","2.14130245051066","1.33835856040069","1.31377864539732","0.251498840469227","0.560350815946309","0.614141644431937","0.0854953565334483","0.0783707434889943","0.00284984521778161","0","0.0124680728277945","0.00926199695779023","0.00213738391333621","0.0014249226088908","0.160660024152438","0.387222718966076"
2026,"Week 37","Local authority","E92000001","England","E12000006","East of England","E10000012","Essex","881","Primary",441,"101208.4","948971","955541","6570","34828","23293","11535","8136","990369","469531","472322","941853","7118","15146","2429","32","0","418","0","207","2838","39","21","2163","795","0","726","4751","2","296","3801","1018","5640","1076",444,"121707","96.4833309604804","3.51666903951961","2.35195164630557","1.16471739321404","1.52932896728391","0.245262119472641","0.383796342575343","0.56948470721519","0.102789970203025","0.108646373220487","0.00323111890618547","0","0.0422064907120477","0.0209013004243873","0.00393792616691355","0.00212042178218422","0.218403443564974","0.286559857992324"
2026,"Week 37","Local authority","E92000001","England","E12000004","East Midlands","E06000018","Nottingham","892","Primary",74,"20968.4","197546","198803","1257","9432","4140","5292","2829","208235","96570","98498","195068","2478","2641","418","2","0","12","0","67","719","2","5","274","153","0","41","1053","0","10","1305","351","3042","594",74,"27143","95.4705020769803","4.52949792301967","1.98813840132543","2.54135952169424","1.26827862751219","0.20073474680049","0.626695800417797","1.4608495209739","0.168559560112373","0.28525464019017","0.000960453333973636","0","0.00576272000384181","0.0321751866881168","0.000960453333973636","0.00240113333493409","0.131582106754388","0.345282973563522"
2026,"Week 37","Local authority","E92000001","England","E12000002","North West","E08000006","Salford","355","Primary",75.6,"18109.8","169568","170070","502","7998","3952","4046","2194","178068","83011","84625","167636","1932","2537","389","0","0","26","0","10","693","10","0","287","32","0","49","397","0","24","1739","262","1777","268",76,"22988","95.5084574432239","4.49154255677606","2.21937686726419","2.27216568951187","1.42473661747198","0.218455870790934","0.976593211582092","0.997933373767325","0.147134802435025","0.15050430172743","0","0","0.0146011636004223","0.00561583215400858","0.00561583215400858","0","0.161174382820046","0.389177168272795"
2026,"Week 37","Local authority","E92000001","England","E12000001","North East","E08000037","Gateshead","390","Primary",57.6,"10224.6","97286","97990","704","3332","2038","1294","551","101322","48397","48389","96786","500","1443","240","0","0","0","0","2","273","0","0","80","102","0","23","559","0","20","775","51","376","92",66,"15278","96.7114743096267","3.28852569037327","2.01140917076252","1.27711651961075","1.42417244033872","0.236868597145733","0.764888178283097","0.371094135528316","0.0503345768934683","0.0907996289058645","0","0","0","0.00197390497621445","0","0","0.0789561990485778","0.269438029253272"
2026,"Week 37","Local authority","E92000001","England","E12000007","London","E09000015","Harrow","310","Primary",40,"17269.4","160643","160955","312","7135","4061","3074","1689","168090","78884","80183","159067","1576","2488","342","0","13","0","0","0","931","5","190","92","217","0","1","94","0","0","779","113","1400","782",40,"21479","95.7552501636028","4.24474983639717","2.41596763638527","1.8287822000119","1.4801594383961","0.203462430840621","0.463442203581415","0.832887143792016","0.0672258908917842","0.465226961746683","0","0.00773395204949729","0","0","0.00297459694211434","0.113034683800345","0.0547325837349039","0.553869950621691"
2026,"Week 37","Local authority","E92000001","England","E12000005","West Midlands","E06000020","Telford and Wrekin","894","Primary",56,"13554","129066","130303","1237","4595","2690","1905","1166","134898","63907","64110","128017","1049","1811","299","0","0","0","0","15","339","0","3","223","23","0","2","1212","0","0","720","117","868","200",56,"15822","96.5937226645317","3.40627733546828","1.99409924535575","1.41217809011253","1.34249581165028","0.221648949576717","0.533736600987413","0.643449124523714","0.0867321976604546","0.148260166940948","0","0","0","0.0111195125205711","0","0.00222390250411422","0.165310086139157","0.251300982964907"
2026,"Week 37","Local authority","E92000001","England","E12000007","London","E09000026","Redbridge","317","Primary",52,"21399","200563","200736","173","11288","5263","6025","2087","212024","98708","99973","198681","1882","3464","433","15","0","0","0","4","1115","2","175","55","120","0","6","26","0","21","1909","205","2982","929",52,"27354","94.6760744066709","5.32392559332906","2.48226615854809","2.84165943478097","1.63377730822926","0.204222163528657","0.900369769460061","1.40644455344678","0.0966871674904728","0.438157944383655","0.00707467079198581","0","0","0.00188657887786288","0.000943289438931442","0.0825378259065011","0.0259404595706146","0.525883862204279"
2026,"Week 37","Local authority","E92000001","England","E12000004","East Midlands","E06000015","Derby","831","Primary",69.8,"18164.6","171720","171888","168","8092","3361","4731","1337","179980","84865","85733","170598","1122","2131","363","0","0","0","0","5","549","0","5","308","107","0","1","53","0","7","2021","215","2213","282",74,"24255","95.5039448827647","4.49605511723525","1.86742971441271","2.62862540282254","1.1840204467163","0.201689076564063","1.12290254472719","1.22958106456273","0.119457717524169","0.156684076008445","0","0","0","0.00277808645405045","0","0.00277808645405045","0.171130125569508","0.305033892654739"
2026,"Week 37","Local authority","E92000001","England","E12000002","North West","E06000007","Warrington","877","Primary",68,"13808.6","132793","132984","191","3633","2398","1235","1081","136617","65600","66239","131839","954","1726","368","0","0","0","0","0","234","0","0","70","7","0","10","142","0","32","659","127","336","113",69,"16403","97.3407409034015","2.65925909659852","1.75527203788694","0.903987058711581","1.26338596221554","0.269366184296244","0.482370422421807","0.245943037835701","0.0929606125152799","0.0827129859387924","0","0","0","0","0","0","0.0512381328824378","0.171281758492721"
2026,"Week 37","Local authority","E92000001","England","E12000003","Yorkshire and The Humber","E06000065","North Yorkshire","815","Primary",224.8,"26432","245355","246095","740","8606","4886","3720","912","254701","123157","121435","244592","763","2651","535","0","0","110","0","22","1174","13","3","378","327","0","110","279","0","24","1807","149","1191","573",290,"41789","96.6211361557277","3.3788638442723","1.91832776471235","1.46053607955995","1.04082826529931","0.210050215743166","0.709459326818505","0.467607115794598","0.0584999666275358","0.224969670319316","0","0","0.0431878948256976","0.00863757896513952","0.00510402393394608","0.00117785167706448","0.148409311310124","0.4609326229579"
2026,"Week 37","Local authority","E92000001","England","E12000006","East of England","E06000032","Luton","821","Primary",46,"18768","176702","176879","177","7300","4231","3069","1704","184179","86808","88420","175228","1474","2599","381","2","0","0","0","14","1053","0","45","137","26","0","0","141","0","10","1208","230","1099","532",46,"22030","96.0364645263575","3.96353547364249","2.297221724518","1.66631374912449","1.4111272186297","0.206863974720245","0.6558836783781","0.596702121305903","0.124878514922983","0.288849434517507","0.00108590012976507","0","0","0.00760130090835546","0","0.024432752919714","0.074384158888907","0.571726418321307"
2026,"Week 37","Local authority","E92000001","England","E12000008","South East","E06000045","Southampton","852","Primary",53,"14654.2","137120","137305","185","5909","3356","2553","1556","143214","67491","68319","135810","1310","2397","346","4","0","12","0","9","460","3","5","120","17","0","0","167","0","1","919","246","1201","187",54,"18754","95.8740067311855","4.1259932688145","2.34334632089042","1.78264694792409","1.67371904981357","0.241596491963076","0.641697040792101","0.83860516429958","0.171770916251204","0.1305738265812","0.00279302302847487","0","0.00837906908542461","0.00628430181406846","0.00209476727135615","0.00349127878559359","0.0837906908542461","0.32119764827461"
2026,"Week 37","Local authority","E92000001","England","E12000002","North West","E08000009","Trafford","358","Primary",61,"16741.8","159403","159958","555","5146","3634","1512","1416","165104","78844","79267","158111","1292","2753","410","6","2","4","0","2","375","2","2","78","150","0","5","368","0","32","597","124","517","274",62,"21229","96.8831766644055","3.11682333559453","2.20103692218238","0.915786413412152","1.66743385987014","0.248328326388216","0.361590270375036","0.313135962787092","0.0751041767613141","0.16595600348871","0.00363407306909584","0.00121135768969861","0.00242271537939723","0.00121135768969861","0.00121135768969861","0.00121135768969861","0.047242949898246","0.22712956681849"
2026,"Week 37","Local authority","E92000001","England","E12000009","South West","E06000058","Bournemouth, Christchurch and Poole","839","Primary",66,"20819","199534","200359","825","6629","4370","2259","1623","206988","98742","99427","198169","1365","2761","584","0","0","0","0","30","557","3","36","399","178","0","99","402","0","146","653","258","905","443",66,"25232","96.797398883027","3.20260111697296","2.11123350145902","1.09136761551394","1.33389375229482","0.282141959920382","0.315477225732893","0.437223413917715","0.124644906951128","0.214022068912207","0","0","0","0.0144935938315265","0.00144935938315265","0.0173923125978318","0.192764797959302","0.269097725472008"
2026,"Week 37","Local authority","E92000001","England","E12000007","London","E09000017","Hillingdon","312","Primary",62,"20567.6","189403","190177","774","10163","5483","4680","2259","200340","92736","94671","187407","1996","3313","455","2","17","2","0","10","1555","2","49","78","528","0","3","233","0","10","1159","263","2829","429",64,"26510","94.927123889388","5.07287611061196","2.73684735948887","2.33602875112309","1.65368872916043","0.227113906359189","0.578516521912748","1.41209943096736","0.131276829390037","0.21413596885295","0.000998302885095338","0.00848557452331037","0.000998302885095338","0.00499151442547669","0.000998302885095338","0.0244584206848358","0.0389338125187182","0.776180493161625"
2026,"Week 37","Local authority","E92000001","England","E12000002","North West","E06000063","Cumberland","942","Primary",144.8,"16295.4","156697","157149","452","4999","3272","1727","760","162148","77936","78126","156062","635","2336","399","0","0","60","0","9","437","0","3","28","34","0","89","317","0","12","984","125","399","219",145,"21014","96.9170140858968","3.08298591410317","2.01790956410193","1.06507635000123","1.44065915089918","0.246071490243481","0.606852998495202","0.246071490243481","0.0770900658657523","0.135061795396798","0","0","0.0370032316155611","0.00555048474233416","0","0.00185016158077805","0.0172681747539285","0.26950687026667"
2026,"Week 37","Local authority","E92000001","England","E12000006","East of England","E10000003","Cambridgeshire","873","Primary",210,"41661.2","393836","395929","2093","15142","10514","4628","2983","411071","195272","196040","391312","2524","6153","1165","2","1","156","0","73","1766","16","1","1181","179","0","106","1526","0","282","1249","459","1991","929",210,"50601","96.3164514159354","3.68354858406455","2.557709008906","1.12583957515855","1.49682171692968","0.283406029615322","0.30384045578501","0.484344553617258","0.111659542998655","0.225995022757626","0.000486533956421154","0.000243266978210577","0.03794964860085","0.0177584894093721","0.00389227165136923","0.000243266978210577","0.287298301266691","0.429609483519879"
2026,"Week 37","Local authority","E92000001","England","E12000002","North West","E06000064","Westmorland and Furness","943","Primary",118.8,"11530.4","109127","110314","1187","3602","2470","1132","651","113916","54580","53985","108565","562","1603","241","12","0","9","0","20","450","12","0","123","331","0","134","714","0","8","638","89","237","168",121,"15514","96.8380209979283","3.1619790020717","2.16826433512413","0.993714666947575","1.4071772183012","0.211559394641666","0.56006179992275","0.208048035394501","0.0781277432494119","0.147477088380912","0.0105340777414937","0","0.0079005583061203","0.0175567962358229","0.0105340777414937","0","0.107974296850311","0.395027915306015"
2026,"Week 37","Local authority","E92000001","England","E12000007","London","E09000031","Waltham Forest","320","Primary",51.4,"18463.4","173927","174163","236","8475","3870","4605","2302","182638","84988","86826","171814","2113","2253","387","1","0","10","0","4","1129","6","6","74","132","0","0","62","0","42","1263","189","2301","852",51,"23256","95.3596732333906","4.64032676660936","2.11894567395613","2.52138109265323","1.23358775282252","0.211894567395613","0.691531882740722","1.25986924955376","0.103483393379253","0.466496566979489","0.000547531181900809","0","0.00547531181900809","0.00219012472760324","0.00328518709140486","0.00328518709140486","0.0405173074606599","0.618162704366014"
2026,"Week 37","Local authority","E92000001","England","E12000003","Yorkshire and The Humber","E06000014","York","816","Primary",38.8,"7889.2","73467","73794","327","2449","1402","1047","401","76243","36491","36637","73128","339","842","187","0","0","34","0","3","206","0","2","128","40","0","4","277","0","6","437","62","422","126",49,"12781","96.7879018401689","3.21209815983107","1.83885733772281","1.37324082210826","1.10436367928859","0.245268418084283","0.573167372742416","0.553493435462928","0.0813189407552169","0.165261073147699","0","0","0.044594257833506","0.00393478745589759","0","0.00262319163726506","0.167884264784964","0.270188738638301"
2026,"Week 37","Local authority","E92000001","England","E12000009","South West","E06000024","North Somerset","802","Primary",62,"13402.4","126780","127895","1115","3761","2364","1397","730","131656","63179","62977","126156","624","1478","316","0","0","0","0","14","319","1","0","236","137","0","58","882","0","38","572","106","393","326",64,"16679","97.1433128759798","2.85668712402017","1.79558850337243","1.06109862064775","1.12262259221","0.240019444613235","0.434465576958133","0.298505195357599","0.0805128516740597","0.247614996657957","0","0","0","0.0106337728626117","0.000759555204472261","0","0.179255028255454","0.242298110226651"
2026,"Week 37","Local authority","E92000001","England","E12000002","North West","E06000050","Cheshire West and Chester","896","Primary",126.6,"22049.4","209149","210085","936","6957","4672","2285","1657","217042","103418","104315","207733","1416","3045","624","0","0","185","0","17","608","6","3","184","249","0","85","570","0","32","1178","241","674","192",127,"27382","96.7946296108587","3.20537038914127","2.15257876355728","1.05279162558399","1.40295426691608","0.28750195814635","0.542752094064743","0.310538974023461","0.111038416527677","0.0884621409681076","0","0","0.085236958745312","0.00783258539821786","0.00276444190525336","0.00138222095262668","0.0847762184277698","0.280130113065674"
2026,"Week 37","Local authority","E92000001","England","E12000001","North East","E06000003","Redcar and Cleveland","807","Primary",44,"8297","78649","79562","913","3026","1573","1453","653","82588","38920","39163","78083","566","1086","175","0","0","0","0","9","189","1","0","113","12","0","150","751","0","0","826","87","484","56",44,"11440","96.3360294473773","3.66397055262266","1.90463505594033","1.75933549668233","1.31496101128493","0.211895190584589","1.00014529955926","0.586041555673948","0.105342180462053","0.0678064609870683","0","0","0","0.0108974669443503","0.00121082966048336","0","0.13682375163462","0.228846805831356"
2026,"Week 37","Local authority","E92000001","England","E12000003","Yorkshire and The Humber","E08000036","Wakefield","384","Primary",113,"24468","234037","234229","192","8846","5343","3503","1364","243075","116251","116660","232911","1126","3171","589","0","10","37","0","67","956","9","1","503","95","0","33","50","0","14","1983","238","1075","207",113,"31199","96.3607939936234","3.63920600637663","2.19808701018204","1.44111899619459","1.30453563714903","0.24231204360794","0.81579759333539","0.442250334258974","0.0979121670266379","0.0851589015735884","0","0.00411395659775789","0.0152216394117042","0.0275635092049779","0.0037025609379821","0.000411395659775789","0.206932016867222","0.393294250745655"
2026,"Week 37","Local authority","E92000001","England","E12000001","North East","E06000057","Northumberland","929","Primary",127,"16152.4","153107","153243","136","5556","3227","2329","935","158799","75831","76432","152263","844","2252","386","1","0","34","0","20","294","2","0","238","91","0","0","28","0","17","1435","91","632","171",127,"20139","96.5012374133338","3.49876258666616","2.03212866579764","1.46663392086852","1.41814495053495","0.243074578555281","0.903658083489191","0.397987392867713","0.0573051467578511","0.107683297753764","0.000629726887448913","0","0.0214107141732631","0.0125945377489783","0.00125945377489783","0","0.149874999212841","0.185139704909981"
2026,"Week 37","Local authority","E92000001","England","E12000007","London","E09000007","Camden","202","Primary",36.8,"7404.8","69441","69610","169","3195","1701","1494","1094","72805","34024","34385","68409","1032","1196","214","0","0","0","0","0","249","0","5","37","108","0","4","57","0","0","501","62","590","341",38,"9809","95.6115651397569","4.38843486024312","2.33637799601676","2.05205686422636","1.64274431701119","0.293935856053842","0.688139550855024","0.810383902204519","0.0851589863333562","0.468374424833459","0","0","0","0","0","0.00686766018817389","0.0508206853924868","0.34200947737106"
2026,"Week 37","Local authority","E92000001","England","E12000009","South West","E10000008","Devon","878","Primary",299,"42921","409508","411562","2054","13796","8698","5098","2040","425358","204172","203643","407815","1693","5000","956","5","0","64","0","19","1297","15","9","1333","327","0","107","1538","0","82","1735","347","2079","937",307,"55437","96.7566144283169","3.24338557168315","2.04486573662656","1.19851983505659","1.17548041884718","0.224751856083581","0.407891705339972","0.488764758156659","0.0815783410679945","0.220285030491962","0.00117548041884718","0","0.0150461493612439","0.0044668255916193","0.00352644125654155","0.00211586475392493","0.313383079664659","0.304919620648959"
2026,"Week 37","Local authority","E92000001","England","E12000004","East Midlands","E10000007","Derbyshire","830","Primary",329,"43549.6","414165","414899","734","13607","8095","5512","1830","428506","206796","205886","412682","1483","4581","901","4","0","70","0","21","1522","1","0","995","485","0","26","180","0","43","2765","347","1471","929",353,"57234","96.824548547745","3.17545145225504","1.88912173925219","1.28632971300285","1.06906321031677","0.210265433856235","0.645265177150378","0.343285741623221","0.080979029465165","0.216799764764087","0.000933475843978847","0","0.0163358272696298","0.00490074818088895","0.000233368960994712","0","0.232202116189738","0.355187558633951"
2026,"Week 37","Local authority","E92000001","England","E12000007","London","E09000011","Greenwich","203","Primary",60.4,"17996","168639","169730","1091","8332","3761","4571","2363","178062","82220","84169","166389","2250","2128","480","2","0","0","0","3","962","14","127","45","893","0","0","178","0","20","1112","113","2425","921",62,"23001","95.3207309813436","4.67926901865642","2.11218564320293","2.56708337545349","1.19508935090025","0.269569026518853","0.624501578102009","1.36188518605879","0.0634610416596466","0.517235569633049","0.00112320427716189","0","0","0.00168480641574283","0.00786242994013321","0.0713234715997799","0.0252720962361425","0.540261257314868"
2026,"Week 37","Local authority","E92000001","England","E12000007","London","E09000012","Hackney","204","Primary",48.6,"12441.6","115806","115933","127","5912","2881","3031","2263","121845","55877","57807","113684","2122","1762","297","4","0","0","0","1","741","10","4","62","86","0","6","33","1","1","839","141","1155","896",50,"16648","95.1479338503837","4.85206614961632","2.36447946161106","2.48758668800525","1.44609955271041","0.243752308260495","0.688579752964832","0.947925643235258","0.115720792810538","0.735360498994624","0.00328285937051172","0","0","0.000820714842627929","0.00820714842627929","0.00328285937051172","0.0508843202429316","0.608149698387295"
2026,"Week 37","Local authority","E92000001","England","E12000009","South West","E06000022","Bath and North East Somerset","800","Primary",63,"10743.6","103729","103873","144","2783","1880","903","644","106656","51524","51683","103207","522","1065","271","2","0","0","0","11","261","0","1","269","28","0","51","39","0","26","316","122","280","185",63,"13264","97.3906765676568","2.60932343234323","1.76267626762676","0.846647164716472","0.998537353735373","0.254087908790879","0.296279627962796","0.262526252625263","0.114386438643864","0.173454845484548","0.00187518751875188","0","0","0.0103135313531353","0","0.000937593759375938","0.252212721272127","0.24471197119712"
2026,"Week 37","Local authority","E92000001","England","E12000007","London","E09000005","Brent","304","Primary",57.6,"20348.4","186605","187195","590","9882","4851","5031","2427","197077","91107","93176","184283","2322","2786","503","16","0","0","0","10","1407","6","63","60","110","0","5","466","0","9","1654","105","2203","1069",59,"24503","94.9857162428898","5.01428375711016","2.4614744490732","2.55280930803696","1.41366065040568","0.255230189215383","0.839265870700285","1.11783719053974","0.0532786677288572","0.54242757906808","0.00811865413011158","0","0","0.00507415883131974","0.00304449529879184","0.0319672006373143","0.0304449529879184","0.713934147566687"
2026,"Week 37","Local authority","E92000001","England","E12000007","London","E09000022","Lambeth","208","Primary",57,"13349.8","122561","124165","1604","5921","2724","3197","2426","130086","59170","61273","120443","2118","1729","348","0","0","0","0","7","548","2","16","74","40","0","0","1558","0","6","700","308","1749","440",58,"17512","95.4483956767062","4.55160432329382","2.09399935427333","2.45760496902049","1.32912073551343","0.267515336008487","0.538105560936611","1.34449518011162","0.236766446812109","0.338237781160156","0","0","0","0.00538105560936611","0.00153744445981889","0.0122995556785511","0.0568854450132989","0.421259781990376"
2026,"Week 37","Regional","E92000001","England","E12000004","East Midlands","","","","Primary",1619.6,"307347.4","2918176","2933492","15316","109929","68043","41886","21283","3043421","1445118","1455013","2900131","18045","44995","7228","52","1","598","0","447","9685","38","34","4965","1863","0","753","12473","0","227","15819","3238","18201","4628",1654,"385859","96.3879791852655","3.61202081473447","2.23574063529167","1.3762801794428","1.47843495855486","0.237495896887089","0.519776922088663","0.598044108915592","0.106393430287824","0.152065718150726","0.00170860357472726","3.28577610524472e-05","0.0196489411093634","0.0146874191904439","0.00124859491999299","0.00111716387578321","0.163138783625401","0.318227415792951"
2026,"Week 37","Regional","E92000001","England","E12000009","South West","","","","Primary",1858.2,"322011","3042143","3055604","13461","107793","69760","38033","20556","3163397","1511027","1514074","3025101","17042","43011","8145","66","4","372","2","437","10091","65","89","7478","2950","0","625","9107","0","779","12210","3514","15434","6875",1875,"399214","96.5924921848254","3.40750781517464","2.20522432056425","1.20228349461038","1.35964597551303","0.257476377451202","0.385977479273073","0.487893236289976","0.111083117294478","0.217329661752856","0.00208636475282742","0.000126446348656207","0.0117595104250273","0.0138142635906906","0.00205475316566337","0.00281343125760061","0.236391448812779","0.318992526072447"
2026,"Week 37","Regional","E92000001","England","E12000008","South East","","","","Primary",2573,"580702.2","5489236","5512385","23149","202957","136086","66871","46674","5715342","2711157","2737848","5449005","40231","85664","14162","79","62","427","0","690","21744","147","2018","11093","6052","0","518","15832","2","745","21818","6443","30319","8291",2580,"694930","96.4489089191863","3.55109108081371","2.3810648601606","1.17002622065311","1.49884293888275","0.247789196167089","0.381744434541275","0.530484439951275","0.112731661552362","0.1450656846082","0.00138224449210563","0.00108479947481708","0.00747111896365957","0.0120727683487707","0.00257202456125985","0.0353084732287237","0.194091622163643","0.380449673877784"
2026,"Week 37","Regional","E92000001","England","E12000005","West Midlands","","","","Primary",1761.6,"399520.2","3773573","3787395","13822","146963","85958","61005","38201","3934358","1858501","1881158","3739659","33914","58137","8284","51","3","437","0","652","13595","54","100","4645","2305","0","444","10561","3","509","24317","4287","26360","6041",1779,"500497","96.2646256390496","3.73537436095038","2.1848037214712","1.55057063947917","1.47767437533646","0.210555318046807","0.618067801659127","0.669994952162462","0.108963139602446","0.153544746055138","0.00129627247952525","7.62513223250146e-05","0.0111072759520105","0.0165719540519699","0.00137252380185026","0.00254171074416715","0.118062464066564","0.345545575669525"
2026,"Week 37","Regional","E92000001","England","E12000003","Yorkshire and The Humber","","","","Primary",1618.8,"337097.6","3176294","3187522","11228","124549","65998","58551","25160","3312071","1571266","1583407","3154673","21621","42713","7846","56","19","369","0","414","9595","78","35","4873","1957","0","657","8379","0","235","28029","3539","22456","4527",1759,"449340","96.2395431740443","3.76045682595572","1.9926505198711","1.76780630608462","1.28961607405155","0.236891056985191","0.846268090267389","0.678004789148542","0.106851574135941","0.136681852532751","0.00169078501034549","0.000573659199938649","0.011141065514598","0.0124997320407685","0.0023550219786955","0.00105674063146593","0.147128488489528","0.289697895969018"
2026,"Week 37","Regional","E92000001","England","E12000001","North East","","","","Primary",844.8,"157350.8","1457954","1464503","6549","55627","30718","24909","10715","1520130","725000","723379","1448379","9575","21347","3653","23","6","344","0","202","3777","18","5","1343","610","0","392","5401","0","146","13918","1140","7727","2124",856,"207329","96.3406419187833","3.65935808121674","2.02074822548072","1.63860985573602","1.40428779117575","0.240308394676771","0.915579588587818","0.508311789123299","0.0749935860748752","0.139724891950031","0.00151302849098432","0.000394703084604606","0.0226296435173308","0.0132883371816884","0.00118410925381382","0.000328919237170505","0.0883477071039977","0.2484655917586"
2026,"Week 37","Regional","E92000001","England","E12000007","London","","","","Primary",1738.4,"515750.6","4815843","4834822","18979","230638","117963","112675","66157","5065460","2354936","2399860","4754796","61047","73232","12376","207","75","197","0","246","25780","144","2627","3079","6146","0","608","11622","1","602","32632","5110","56561","18372",1754,"650706","95.4468498418702","4.55315015812976","2.32877172063347","2.2243784374963","1.44571272895255","0.24432134495189","0.644206054336625","1.11660145376728","0.100879288356832","0.362691641035562","0.00408649954791865","0.00148061577823139","0.00388908411082113","0.00485641975259897","0.00284278229420428","0.0518610353255183","0.0607842130823262","0.508936996837405"
2026,"Week 37","Regional","E92000001","England","E12000006","East of England","","","","Primary",1964.2,"409530.6","3877277","3896907","19630","143696","94443","49253","29938","4040603","1919893","1931838","3851731","25546","58381","10607","113","3","1137","0","812","15402","130","175","7683","3552","0","1655","13339","4","1080","16899","4392","21739","6223",1975,"505096","96.443699121146","3.55630087885397","2.33734915308433","1.21895172576964","1.44485860155031","0.262510323335403","0.418229655326198","0.538013756857578","0.108696647505335","0.154011666080533","0.00279661228781942","7.42463439244093e-05","0.0281393643473511","0.0200960104222068","0.00321734157005774","0.00433103672892388","0.190144886790412","0.381180729707917"
2026,"Week 37","Regional","E92000001","England","E12000002","North West","","","","Primary",2405.2,"492469","4661020","4680659","19639","170790","98370","72420","47976","4851449","2293404","2325394","4618798","42222","67850","11904","84","2","481","0","677","12660","133","58","4521","2706","0","1144","15203","1","585","33642","5754","26010","7014",2431,"616027","96.4796084633684","3.52039153663163","2.02764163861147","1.49274989802016","1.39855123696034","0.24536999152212","0.693442309709944","0.536128484500198","0.118603740861751","0.144575362948266","0.00173144147243432","4.12247969627219e-05","0.00991456366953461","0.0139545937718814","0.002741448998021","0.00119551911191893","0.0931886535342328","0.260952964774029"
2026,"Week 37","National","E92000001","England","","","","","","Primary",16383.8,"3521779.4","33211516","33353289","141773","1292942","767339","525603","306660","34646231","16390302","16551971","32942273","269243","495330","84205","731","175","4362","2","4577","122329","807","5141","49680","28141","0","6796","101917","11","4908","199284","37417","224807","64095",16663,"4408998","96.2681597314294","3.73184026857063","2.21478347817978","1.51705679039085","1.42967932067416","0.243042309566082","0.575196765270081","0.648864229993733","0.107997317226223","0.184998477900814","0.00210989761050776","0.000505105447111982","0.0125901140588712","0.0132106721796088","0.0023292576903964","0.0148385548777297","0.14339222064299","0.353080252798638"
2026,"Week 37","Local authority","E92000001","England","E12000007","London","E09000002","Barking and Dagenham","301","Secondary",13,"18041","168227","168572","345","9092","4388","4704","3447","177664","81401","83589","164990","3237","2616","528","2","0","0","0","141","988","0","5","108","120","0","30","165","0","30","1025","210","3213","256",13,"21583","94.8824747838617","5.11752521613833","2.46983069164265","2.64769452449568","1.47244236311239","0.297190201729107","0.576931736311239","1.80846992074928","0.118200648414986","0.144092219020173","0.0011257204610951","0","0","0.0793632925072046","0","0.00281430115273775","0.0607889048991355","0.55610590778098"
2026,"Week 37","Local authority","E92000001","England","E12000009","South West","E06000023","Bristol, City of","801","Secondary",24,"22624.4","181992","183029","1037","12000","6135","5865","5691","195029","87017","89966","176983","5009","4079","576","0","0","0","0","269","838","8","7","358","739","0","10","231","0","57","952","682","3945","286",24,"26075","93.847068897446","6.15293110255398","3.14568602618072","3.00724507637326","2.09148383060981","0.295340692922591","0.488132534135949","2.02277609996462","0.349691584328485","0.146644857944203","0","0","0","0.137928205548918","0.00410195406836932","0.00358920980982315","0.183562444559527","0.429679688661686"
2026,"Week 37","Local authority","E92000001","England","E12000001","North East","E06000004","Stockton-on-Tees","808","Secondary",13,"11693.2","108678","109161","483","6775","3171","3604","3029","115936","51936","53959","105895","2783","1851","363","0","0","0","0","473","402","2","2","78","191","0","23","130","4","135","763","246","2438","157",13,"12360","94.1562586254485","5.84374137455148","2.73512972674579","3.10861164780569","1.59657052166713","0.313103781396633","0.658121722329561","2.1028843499862","0.212186033673751","0.135419541816174","0","0","0","0.407983715153188","0.00172508970466464","0.00172508970466464","0.0672784984819211","0.346743030637593"
2026,"Week 37","Local authority","E92000001","England","E12000006","East of England","E06000056","Central Bedfordshire","823","Secondary",27,"21729","190000","190554","554","9851","6194","3657","3397","200405","92106","94790","186896","3104","3772","605","0","1","10","0","142","734","7","41","882","164","0","131","106","0","153","393","293","2680","291",27,"23393","95.0844539806891","4.9155460193109","3.09074124897083","1.82480477034006","1.8821885681495","0.30188867543225","0.19610289164442","1.33729198373294","0.146203937027519","0.145205957935181","0","0.000498989546169008","0.00498989546169008","0.0708565155559991","0.00349292682318305","0.0204585713929293","0.440108779721065","0.366258326888052"
2026,"Week 37","Local authority","E92000001","England","E12000006","East of England","E10000029","Suffolk","935","Secondary",43,"38565.6","357839","359832","1993","23677","14116","9561","7534","383509","173627","177303","350930","6909","9147","1297","1","1","14","0","662","2139","10","23","822","767","0","50","436","49","691","1441","625","7409","86",44,"44199","93.8262205059073","6.17377949409271","3.68074803981132","2.49303145428139","2.38508092378536","0.338192845539479","0.375740856146792","1.93189729576099","0.162968796038685","0.022424506334923","0.000260750073661896","0.000260750073661896","0.00365050103126654","0.172616548764175","0.00260750073661896","0.0059972516942236","0.214336560550078","0.557744407562795"
2026,"Week 37","Local authority","E92000001","England","E12000005","West Midlands","E08000028","Sandwell","333","Secondary",22,"23768.4","220827","221985","1158","11602","5745","5857","6413","233587","105384","109555","214939","5888","3628","494","2","0","22","0","125","1222","0","28","224","265","0","15","754","6","118","897","525","3984","451",22,"25863","95.033114000351","4.96688599964895","2.45946906291874","2.50741693673021","1.55316862667871","0.21148437198988","0.384011096507939","1.7055743684366","0.224755658491269","0.193075813294404","0.000856212032347691","0","0.0094183323558246","0.0535132520217307","0","0.0119869684528677","0.0958957476229413","0.523145551764439"
2026,"Week 37","Local authority","E92000001","England","E12000005","West Midlands","E06000051","Shropshire","893","Secondary",20,"15222","141540","142364","824","8968","6177","2791","3761","151332","68873","69077","137950","3590","4277","639","6","0","18","0","199","655","0","8","375","264","0","25","495","29","11","356","171","2211","53",20,"16204","94.0739565987366","5.92604340126345","4.08175402426453","1.84428937699892","2.82623635450533","0.422250416303227","0.235244363386462","1.46102608833558","0.112996590278328","0.0350223349985462","0.00396479264134486","0","0.0118943779240346","0.131498955937938","0","0.00528639018845981","0.247799540084054","0.432823196680147"
2026,"Week 37","Local authority","E92000001","England","E12000008","South East","E06000044","Portsmouth","851","Secondary",11,"11131.8","101829","103000","1171","6931","3332","3599","3531","109931","48217","50136","98353","3476","2175","226","6","0","0","0","44","708","0","33","140","301","0","15","799","18","38","467","55","3066","11",11,"11515","93.6951360398796","6.30486396012044","3.03099216781436","3.27387179230608","1.97851379501687","0.205583502378765","0.424811927481784","2.78902220483758","0.0500313833222658","0.0100062766644532","0.00545796908970172","0","0","0.0400251066578126","0","0.0300188299933595","0.12735261209304","0.644040352584803"
2026,"Week 37","Local authority","E92000001","England","E12000008","South East","E06000038","Reading","870","Secondary",11,"7997.4","71496","71783","287","4016","2141","1875","1778","75799","34177","35654","69831","1665","1355","175","0","0","0","0","135","364","10","2","100","146","0","6","133","2","0","318","113","1391","53",11,"9839","94.7017770682991","5.29822293170095","2.82457552210451","2.47364740959643","1.78762252800169","0.230873758229","0.419530600667555","1.83511655826594","0.149078483885012","0.0699217667779258","0","0","0","0.178102613490943","0.0131927861845143","0.00263855723690286","0.131927861845143","0.480217417116321"
2026,"Week 37","Local authority","E92000001","England","E12000009","South West","E06000052","Cornwall","908","Secondary",31,"28957","265111","266652","1541","15453","8704","6749","4661","282105","129472","131304","260776","4335","5372","928","1","1","5","0","538","1380","1","4","474","513","0","178","704","52","94","677","326","5213","533",32,"30273","94.5222523528473","5.47774764715266","3.08537601247762","2.39237163467503","1.90425550770103","0.3289555307421","0.239981567146984","1.84789351482604","0.115559809290867","0.188936743411141","0.000354477942610021","0.000354477942610021","0.00177238971305011","0.190709133124191","0.000354477942610021","0.00141791177044008","0.16802254479715","0.489179560801829"
2026,"Week 37","Local authority","E92000001","England","E12000007","London","E09000026","Redbridge","317","Secondary",19,"21864.2","199131","199819","688","9540","4633","4907","4382","209359","98943","96000","194943","4188","2984","507","2","1","0","0","139","934","2","37","27","201","0","22","353","0","112","1408","194","2913","392",19,"28204","95.4432338710063","4.55676612899374","2.21294522805325","2.34382090094049","1.42530294852383","0.242167759685516","0.672529005201592","1.39138990919903","0.0926637975916966","0.18723818894817","0.000955296882388624","0.000477648441194312","0","0.0663931333260094","0.000955296882388624","0.0176729923241896","0.0128965079122464","0.446123644075488"
2026,"Week 37","Local authority","E92000001","England","E12000002","North West","E06000009","Blackpool","890","Secondary",8,"7386.8","69543","69865","322","3322","1381","1941","1240","73187","33759","34714","68473","1070","965","144","1","0","0","0","54","181","0","9","27","208","0","2","105","7","0","360","170","1395","16",9,"7616","95.4609425171137","4.5390574828863","1.88694713542022","2.65211034746608","1.31854017790045","0.196756254526077","0.491890636315193","1.90607621572137","0.232281689371063","0.021861806058453","0.00136636287865331","0","0","0.0737835954472789","0","0.0122972659078798","0.0368917977236394","0.24731168103625"
2026,"Week 37","Local authority","E92000001","England","E12000003","Yorkshire and The Humber","E06000065","North Yorkshire","815","Secondary",30.8,"23432.4","183507","184053","546","8926","5201","3725","2165","192979","90234","91303","181537","1970","2947","500","6","0","4","0","312","1031","11","9","381","135","0","48","296","46","21","871","195","2489","170",41,"36182","95.3746262546702","4.6253737453298","2.69511190336772","1.93026184196208","1.52710916731872","0.259095549256655","0.451344446805093","1.28977764419963","0.101047264210095","0.0880924867472627","0.00310914659107986","0","0.00207276439405324","0.161675622736153","0.00570010208364641","0.00466371988661979","0.197430808533571","0.534255022567222"
2026,"Week 37","Local authority","E92000001","England","E12000005","West Midlands","E08000030","Walsall","335","Secondary",19,"19661","181902","182341","439","10774","4694","6080","4883","193115","87715","89826","177541","4361","3191","520","0","0","0","0","265","573","0","34","111","255","0","19","39","2","124","1141","522","4219","198",19,"22930","94.4209408901432","5.57905910985682","2.43067602205939","3.14838308779743","1.65238329492789","0.269269606193201","0.590839655127774","2.18470859332522","0.270305258524713","0.102529580819719","0","0","0","0.137223933925381","0","0.0176060896357093","0.0574787043989333","0.296714392978277"
2026,"Week 37","Local authority","E92000001","England","E12000002","North West","E08000015","Wirral","344","Secondary",20,"19077.8","176123","177237","1114","10803","5606","5197","4946","188040","84593","86888","171481","4642","3693","620","0","0","0","0","207","825","2","5","254","772","0","88","111","20","123","1071","304","3610","212",21,"21894","94.2549457562221","5.74505424377792","2.9812805786003","2.76377366517762","1.9639438417358","0.329717081472027","0.569559668155712","1.91980429695809","0.161667730270155","0.112741969793661","0","0","0","0.110082961072112","0.00106360348861944","0.00265900872154861","0.135077643054669","0.43873643905552"
2026,"Week 37","Local authority","E92000001","England","E12000002","North West","E08000014","Sefton","343","Secondary",18,"15708.8","141107","143980","2873","10847","5488","5359","4738","154827","67080","69689","136769","4338","3555","625","18","0","0","0","177","526","11","14","562","433","0","64","638","1605","133","811","400","3956","192",18,"16837","92.9941160133568","7.00588398664316","3.54460139381374","3.46128259282942","2.29611114340522","0.403676361358161","0.52381044649835","2.55510989685262","0.258352871269223","0.124009378209227","0.011625879207115","0","0","0.114321145536631","0.00710470395990363","0.00904235049442281","0.362985784133258","0.339734025719028"
2026,"Week 37","Local authority","E92000001","England","E12000009","South West","E06000054","Wiltshire","865","Secondary",28,"26673.2","238534","239947","1413","14800","8794","6006","5452","254747","115555","117973","233528","5006","4927","1008","4","0","12","0","258","1437","0","9","1139","792","0","41","272","12","296","421","446","4180","959",29,"31451","94.1903143118467","5.80968568815334","3.45205242848787","2.35763325966547","1.93407576929267","0.395686700922876","0.165262005048146","1.64084366057304","0.175075663305162","0.376451930739125","0.00157018532112253","0","0.00471055596336758","0.101276953212403","0","0.00353291697252568","0.447110270189639","0.564089076613267"
2026,"Week 37","Local authority","E92000001","England","E12000002","North West","E06000064","Westmorland and Furness","943","Secondary",20,"12223","110802","111993","1191","6681","4281","2400","1975","118674","54994","53950","108944","1858","2841","527","30","0","0","0","117","530","1","5","230","369","0","91","527","154","50","593","117","1561","129",20,"13826","94.3702917235452","5.62970827645483","3.60736134283836","2.02234693361646","2.39395318266849","0.444073680839948","0.499688221514401","1.31536815140637","0.0985894130138025","0.108701147681885","0.0252793366702058","0","0","0.0985894130138025","0.000842644555673526","0.00421322277836763","0.193808247804911","0.446601614506969"
2026,"Week 37","Local authority","E92000001","England","E12000007","London","E09000018","Hounslow","313","Secondary",21,"16895.6","155441","156527","1086","7604","3999","3605","4813","164131","74084","76761","150845","4596","2445","516","10","1","0","0","129","814","0","13","71","97","0","5","862","0","122","881","217","2395","112",21,"21730","95.3671152920533","4.6328847079467","2.43646843070474","2.19641627724196","1.48966374420432","0.314383023316741","0.536766363453583","1.4592002729527","0.13221146523204","0.0682381756036337","0.00609269425032444","0.000609269425032444","0","0.0785957558291852","0","0.00792050252542177","0.0432581291773035","0.495945311976409"
2026,"Week 37","Local authority","E92000001","England","E12000007","London","E09000008","Croydon","306","Secondary",24,"17932","163280","163716","436","10136","4734","5402","5214","173852","77033","81428","158461","4819","2937","548","16","1","1","0","146","846","8","19","212","200","0","11","189","0","36","896","395","3560","551",25,"22816","94.1697535835078","5.83024641649219","2.72300577502703","3.10724064146515","1.68936796815682","0.315210638934266","0.515380898695442","2.047718749281","0.227204748866852","0.316936244621862","0.00920323033384718","0.000575201895865449","0.000575201895865449","0.0839794767963555","0.00460161516692359","0.0109288360214435","0.121942801923475","0.48662080390217"
2026,"Week 37","Local authority","E92000001","England","E12000002","North West","E06000063","Cumberland","942","Secondary",19,"14889.2","137879","138536","657","8574","5300","3274","3180","147110","66707","68178","134885","2994","3731","458","0","0","0","0","233","633","0","1","244","190","0","229","223","15","0","570","186","2406","112",19,"16890","94.1717082455306","5.82829175446944","3.60274624430698","2.22554551016246","2.53619740330365","0.311331656583509","0.387465162123581","1.6355108422269","0.126436000271905","0.076133505540072","0","0","0","0.158384882061043","0","0.000679763442322072","0.165862279926586","0.430290258989871"
2026,"Week 37","Local authority","E92000001","England","E12000007","London","E09000003","Barnet","302","Secondary",27.8,"24110","223737","224277","540","10096","5331","4765","6292","234373","106892","110882","217774","5963","3357","916","14","1","0","0","107","769","12","24","131","293","0","9","186","0","52","555","329","3641","240",30,"30796","95.6923365746054","4.30766342539456","2.2745794097443","2.03308401565027","1.4323322225683","0.390830001749348","0.236802020710577","1.5535065899229","0.140374531196","0.10240087382079","0.00597338430621275","0.000426670307586625","0","0.0456537229117688","0.0051200436910395","0.010240087382079","0.0558938102938478","0.328109466534114"
2026,"Week 37","Local authority","E92000001","England","E12000006","East of England","E06000031","Peterborough","874","Secondary",15,"16556.6","154412","155316","904","9675","5575","4100","3746","164991","74298","76609","150907","3505","3503","411","0","0","10","0","200","948","2","19","482","231","0","149","387","0","137","775","241","2632","452",15,"18911","94.1360437842064","5.86395621579359","3.37897218636168","2.48498402943191","2.12314611099999","0.249104496608906","0.469722590929202","1.59523852816214","0.146068573437339","0.273954336903225","0","0","0.006060936657151","0.12121873314302","0.0012121873314302","0.0115157796485869","0.292137146874678","0.574576795097914"
2026,"Week 37","Local authority","E92000001","England","E12000007","London","E09000024","Merton","315","Secondary",9,"8887.4","84028","84337","309","3672","1828","1844","2669","88009","39798","41729","81527","2501","1226","252","4","0","0","0","45","253","0","12","36","146","0","8","143","0","12","176","168","1487","13",9,"11101","95.82769943983","4.17230056016998","2.07706030065107","2.09524025951891","1.39303934824847","0.286334352168528","0.199979547546274","1.68959992728016","0.190889568112352","0.0147712165801225","0.00454498971696077","0","0","0.0511311343158086","0","0.0136349691508823","0.0409049074526469","0.287470599597768"
2026,"Week 37","Local authority","E92000001","England","E12000006","East of England","E10000015","Hertfordshire","919","Secondary",82,"76522.2","707999","711869","3870","35940","24043","11897","19019","747809","340815","349020","689835","18164","15335","2680","22","0","30","0","640","4276","162","31","867","1181","0","153","2074","33","429","1508","855","8887","647",82,"95389","95.1939599550152","4.80604004498475","3.21512578746712","1.59091425751763","2.05065732025156","0.358380281595969","0.201655770390568","1.18840506065051","0.114334007747968","0.0865194187285791","0.00294192768474303","0","0.00401171957010413","0.0855833508288881","0.0216632856785623","0.00414544355577427","0.115938695576009","0.571803762725509"
2026,"Week 37","Local authority","E92000001","England","E12000007","London","E09000028","Southwark","210","Secondary",20,"15788.2","126807","127704","897","5717","2859","2858","3174","133421","60665","63175","123840","2967","1867","418","0","0","0","0","117","425","2","3","27","588","0","0","174","0","135","539","207","1900","212",20,"19616","95.7150673432218","4.28493265677817","2.14284108198859","2.14209157478958","1.39932994056408","0.313294009188958","0.403984380269972","1.42406367813163","0.155147990196446","0.158895526191529","0","0","0","0.0876923422849477","0.00149901439803329","0.00224852159704994","0.0202366943734495","0.318540559582075"
2026,"Week 37","Local authority","E92000001","England","E12000009","South West","E06000030","Swindon","866","Secondary",14,"14007.4","129486","130222","736","7028","3949","3079","2422","137250","69576","57682","127258","2228","2621","420","0","1","0","0","162","518","0","17","210","316","0","19","356","0","45","256","194","2524","105",14,"15327","94.8794171220401","5.12058287795993","2.87723132969035","2.24335154826958","1.90965391621129","0.306010928961749","0.186520947176685","1.83897996357013","0.141347905282332","0.0765027322404372","0","0.000728597449908925","0","0.118032786885246","0","0.0123861566484517","0.153005464480874","0.377413479052823"
2026,"Week 37","Local authority","E92000001","England","E12000004","East Midlands","E06000062","West Northamptonshire","941","Secondary",23,"26142.2","242481","243208","727","13974","8322","5652","6233","257182","116586","119969","236555","5926","5929","912","14","0","10","0","290","864","2","17","283","302","0","96","229","7","93","1042","307","4136","167",23,"29844","94.5664937670599","5.4335062329401","3.23584076646111","2.19766546647899","2.30537129348088","0.354612686735464","0.405160547783282","1.60819964072136","0.119370718012925","0.0649345599614281","0.00544361580514966","0","0.00388829700367833","0.112760613106672","0.000777659400735666","0.00661010490625316","0.110038805204097","0.335948861117808"
2026,"Week 37","Local authority","E92000001","England","E12000006","East of England","E10000020","Norfolk","926","Secondary",53,"45779","426084","427953","1869","27519","17481","10038","7673","455472","207676","211425","419101","6983","11823","1527","3","2","74","0","821","2394","4","18","815","401","0","137","1099","33","199","1550","690","7591","207",55,"51543","93.9581357361155","6.0418642638845","3.83799662767415","2.20386763621035","2.59576878490884","0.335256612920223","0.340306319598131","1.66662275617382","0.151491200337233","0.0454473601011698","0.000658657392770576","0.000439104928513718","0.0162468823550076","0.180252573154881","0.000878209857027435","0.00395194435662346","0.17893525836934","0.52560859943092"
2026,"Week 37","Local authority","E92000001","England","E12000008","South East","E10000032","West Sussex","938","Secondary",39.6,"45986","424707","429545","4838","26363","17386","8977","10976","455908","203703","210787","414490","10217","10798","1648","10","0","26","0","489","2782","9","24","1600","1533","0","119","2716","50","420","954","759","7024","240",41,"51095","94.2174737008344","5.78252629916562","3.81348868631391","1.96903761285172","2.36846030339454","0.361476438228765","0.209252743974662","1.54066171245076","0.166480956684243","0.0526421997420532","0.00219342498925222","0","0.00570290497205577","0.107258481974433","0.001974082490327","0.00526421997420532","0.350947998280355","0.610210832009967"
2026,"Week 37","Local authority","E92000001","England","E12000008","South East","E06000043","Brighton and Hove","846","Secondary",10,"11572.2","90664","91867","1203","7294","4246","3048","4029","99161","42422","44435","86857","3807","3043","288","0","0","0","0","85","629","6","2","193","555","0","37","198","12","401","268","222","2145","413",10,"12682","92.6442855558133","7.35571444418673","4.28192535371769","3.07378909046904","3.0687467855306","0.290436764453767","0.270267544700033","2.16314881858795","0.223878339266445","0.416494387914604","0","0","0","0.0857191839533688","0.00605076592612015","0.00201692197537338","0.194632970623531","0.634321961254929"
2026,"Week 37","Local authority","E92000001","England","E12000007","London","E09000012","Hackney","204","Secondary",15.8,"11603.2","101909","102452","543","5892","2399","3493","2555","108344","51189","48378","99567","2342","1562","262","12","0","0","0","90","449","3","4","17","130","0","8","162","0","243","376","213","2285","619",16,"14134","94.5617662260947","5.43823377390534","2.21424352063797","3.22399025326737","1.44170420143247","0.241822343646164","0.347042752713579","2.10902311157055","0.196596027468065","0.571328361515174","0.0110758325334121","0","0","0.0830687440005907","0.00276895813335302","0.00369194417780403","0.0156907627556671","0.414420733958503"
2026,"Week 37","Local authority","E92000001","England","E12000009","South West","E06000027","Torbay","880","Secondary",8,"8158.6","74450","74731","281","4914","2895","2019","1789","79645","36062","36810","72872","1578","2107","234","0","0","0","0","160","310","0","4","80","229","0","1","4","16","31","119","211","1560","129",8,"9414","93.8301211626593","6.1698788373407","3.6348797790194","2.5349990583213","2.6454893590307","0.293803754159081","0.149413020277481","1.95869169439387","0.264925607382761","0.161968736267186","0","0","0","0.200891455835269","0","0.00502228639588172","0.100445727917635","0.389227195680834"
2026,"Week 37","Local authority","E92000001","England","E12000009","South West","E06000053","Isles of Scilly","420","Secondary",1,"c","c","c","c","c","c","c","c","c","c","c","c","c","c","c","c","c","c","c","c","c","c","c","c","c","c","c","c","c","c","c","c","c","c",1,"c","c","c","c","c","c","c","c","c","c","c","c","c","c","c","c","c","c","c"
2026,"Week 37","Local authority","E92000001","England","E12000003","Yorkshire and The Humber","E06000012","North East Lincolnshire","812","Secondary",10,"8847.2","81854","81971","117","5897","2662","3235","1637","87868","39748","40606","80354","1500","1847","237","0","0","0","0","307","180","6","8","77","41","0","2","70","4","0","612","137","2473","13",11,"8873","93.2887968316111","6.71120316838895","3.02954431647471","3.68165885191424","2.10201666135567","0.269722765967133","0.69649929439614","2.81444894614649","0.155915691719397","0.0147949196522056","0","0","0","0.349387717940547","0.00682842445486411","0.00910456593981882","0.0876314471707561","0.204852733645923"
2026,"Week 37","Local authority","E92000001","England","E12000006","East of England","E10000003","Cambridgeshire","873","Secondary",35,"34708.6","324082","326656","2574","18867","12724","6143","7404","345523","156745","160460","317205","6877","6984","1177","13","0","20","0","273","1904","14","18","2321","446","0","583","1345","28","172","538","527","4808","270",38,"38121","94.5395820249303","5.46041797506968","3.68253343482199","1.77788454024768","2.02128367720817","0.340643025211057","0.155705987734536","1.39151373425213","0.152522408059666","0.0781424102013469","0.00376241234302782","0","0.00578832668158125","0.0790106592035841","0.00405182867710688","0.00520949401342313","0.671735311397505","0.551048700086536"
2026,"Week 37","Local authority","E92000001","England","E12000005","West Midlands","E08000025","Birmingham","330","Secondary",89,"76889.2","710390","712106","1716","39745","18900","20845","21766","751851","339523","350929","690452","19938","12918","1895","13","0","0","0","1027","2679","3","79","286","484","0","74","1009","4","145","5117","1828","13139","761",91,"88805","94.7137132224337","5.2862867775663","2.51379595159147","2.77249082597483","1.71815958215125","0.252044620543166","0.68058697800495","1.74755370412489","0.243133280397313","0.101216863447678","0.00172906599844916","0","0","0.136596213877484","0.000399015230411345","0.0105074010674987","0.0380394519658815","0.356320600757331"
2026,"Week 37","Local authority","E92000001","England","E12000005","West Midlands","E10000034","Worcestershire","885","Secondary",45,"34604.6","320208","323261","3053","18494","12655","5839","7193","341755","155105","158301","313406","6802","8675","992","2","2","16","0","324","1861","5","15","763","878","0","281","1375","4","515","1174","391","3817","457",46,"38416","94.5885210165177","5.41147898348232","3.70294509224444","1.70853389123788","2.53836812921537","0.290266418925839","0.343520943365861","1.11688197685476","0.114409445362906","0.133721525654343","0.000585214554285965","0.000585214554285965","0.00468171643428772","0.0948047577943263","0.00146303638571491","0.00438910915714474","0.223259352460096","0.544542142763091"
2026,"Week 37","Local authority","E92000001","England","E12000009","South West","E06000026","Plymouth","879","Secondary",19.6,"15070.2","134468","134931","463","7628","4058","3570","2274","142559","65398","67059","132457","2011","2492","372","2","0","0","0","166","829","1","11","185","256","0","7","170","4","26","519","263","2572","216",19,"16642","94.6492329491649","5.35076705083509","2.84654073050456","2.50422632033053","1.74804817654445","0.260944591362173","0.364059792787548","1.80416529296642","0.184485020237235","0.151516214339326","0.00140292791054932","0","0","0.116443016575593","0.000701463955274658","0.00771610350802124","0.129770831725812","0.581513618922692"
2026,"Week 37","Local authority","E92000001","England","E12000003","Yorkshire and The Humber","E08000034","Kirklees","382","Secondary",27,"26738","249035","252038","3003","13730","7554","6176","5303","265768","120764","123358","244122","4913","5269","667","3","1","0","0","400","791","11","6","406","393","0","166","2017","35","392","683","390","4914","189",27,"28135","94.833840040938","5.16615995906204","2.84232864754222","2.32383131151982","1.98255621444267","0.250970771499955","0.256991059871768","1.84898106619307","0.146744529062942","0.0711146563920412","0.00112880406971494","0.000376268023238313","0","0.150507209295325","0.00413894825562144","0.00225760813942988","0.152764817434755","0.297628006381506"
2026,"Week 37","Local authority","E92000001","England","E12000009","South West","E06000022","Bath and North East Somerset","800","Secondary",14,"10703.2","94881","95292","411","5171","3029","2142","2976","100463","44805","47322","92127","2754","1819","318","0","0","16","0","82","353","2","5","434","146","0","84","162","8","11","256","222","1477","187",14,"13199","94.8528313906612","5.14716860933876","3.01504036311876","2.13212824622","1.81061684401222","0.316534445517255","0.254820182554771","1.47019300638046","0.220976877059216","0.186138180225556","0","0","0.0159262614096732","0.0816220897245752","0.00199078267620915","0.00497695669052288","0.431999840737386","0.351373142350915"
2026,"Week 37","Local authority","E92000001","England","E12000005","West Midlands","E10000028","Staffordshire","860","Secondary",70.6,"50673.8","463725","465117","1392","22559","14806","7753","9812","487676","224972","229592","454564","9161","10368","1506","4","0","18","0","523","1738","0","13","636","429","0","107","525","26","305","1695","651","4883","524",71,"56201","95.3741828591114","4.62581714088862","3.03603211968602","1.5897850212026","2.1260016896464","0.308811588021555","0.347566827155735","1.00127953805395","0.13349026812884","0.107448387864074","0.000820216701252471","0","0.00369097515563612","0.107243333688761","0","0.00266570427907053","0.130414455499143","0.356384156694199"
2026,"Week 37","Local authority","E92000001","England","E12000007","London","E09000014","Haringey","309","Secondary",12,"12465.4","111749","112109","360","6424","3248","3176","3505","118533","53098","55259","108357","3392","1981","535","0","0","0","0","79","526","7","28","92","218","0","9","125","0","8","763","113","1946","354",14,"15625","94.5804122058836","5.41958779411641","2.74016518606633","2.67942260805008","1.67126454236373","0.451351100537403","0.643702597588857","1.6417369002725","0.0953321016088347","0.298651008579889","0","0","0","0.066648106434495","0.0059055284182464","0.0236221136729856","0.0776155163540955","0.443758278285372"
2026,"Week 37","Local authority","E92000001","England","E12000007","London","E09000015","Harrow","310","Secondary",13,"13395.8","123929","124124","195","6337","3621","2716","3129","130461","59278","61595","120873","3056","2322","425","0","0","0","0","59","588","3","133","91","15","0","1","159","0","20","548","73","1768","327",13,"16369","95.1426096687899","4.85739033121009","2.77554211603468","2.08184821517542","1.77984225170741","0.32576785399468","0.420048903503729","1.35519427261787","0.0559554196273216","0.250649619426495","0","0","0","0.045224243260438","0.00229953779290363","0.101946175485394","0.0697526463847433","0.450709407409111"
2026,"Week 37","Local authority","E92000001","England","E12000004","East Midlands","E06000016","Leicester","856","Secondary",21,"22864.4","212492","214483","1991","12852","7620","5232","5965","227335","101587","105637","207224","5268","5531","657","4","1","1","0","337","867","0","37","185","615","0","32","1331","10","3","596","697","3771","168",23,"25047","94.3466690126905","5.65333098730948","3.35188158444586","2.30144940286362","2.43297336529791","0.289000813777025","0.262168165922537","1.65878549277498","0.306595992698001","0.0738997514680977","0.00175951789209757","0.000439879473024391","0.000439879473024391","0.14823938240922","0","0.0162755405019025","0.0813777025095124","0.381375503112147"
2026,"Week 37","Local authority","E92000001","England","E12000007","London","E09000025","Newham","316","Secondary",21,"23368.8","215212","215783","571","13014","4704","8310","4978","228797","103777","106881","210658","4554","3172","577","0","4","0","0","190","708","0","22","31","368","0","51","114","8","30","1367","424","6133","386",23,"28317","94.3119883564907","5.68801164350931","2.05597101360595","3.63204062990336","1.38638181444687","0.252188621354301","0.597472868962443","2.68054213997561","0.185317115171965","0.168708505793345","0","0.00174827467143363","0","0.0830430468930974","0","0.00961551069288496","0.0135491287036106","0.309444616843752"
2026,"Week 37","Local authority","E92000001","England","E12000007","London","E09000031","Waltham Forest","320","Secondary",17,"14603","133568","134929","1361","9072","3571","5501","3629","144001","63712","66464","130176","3392","2278","495","4","0","0","0","89","664","1","12","28","230","0","13","891","0","227","1193","237","3662","409",18,"16429","93.7000437496962","6.29995625030382","2.47984388997299","3.82011236033083","1.58193345879542","0.3437476128638","0.828466468982854","2.54303789557017","0.164582190401456","0.284025805376352","0.00277775848778828","0","0","0.0618051263532892","0.00069443962194707","0.00833327546336484","0.019444309414518","0.461107908972854"
2026,"Week 37","Local authority","E92000001","England","E12000002","North West","E08000009","Trafford","358","Secondary",19,"17522","165625","167322","1697","6695","4731","1964","2916","174017","80686","82170","162856","2769","3556","466","1","0","0","0","135","410","4","15","144","128","0","374","1128","6","61","379","147","1154","284",19,"20503","96.152674738675","3.84732526132504","2.71869989713649","1.12862536418856","2.04347851072022","0.267789928570197","0.217794813150439","0.663153599935638","0.0844745053644184","0.16320244573806","0.000574656499077676","0","0","0.0775786273754863","0.00229862599631071","0.00861984748616514","0.0827505358671854","0.235609164621847"
2026,"Week 37","Local authority","E92000001","England","E12000002","North West","E06000049","Cheshire East","895","Secondary",22,"21365","201177","202361","1184","10166","7549","2617","4410","212527","97095","99940","197035","4142","5197","708","6","0","0","0","289","757","5","21","566","360","0","121","324","20","359","547","268","1734","68",23,"25128","95.216607772189","4.78339222781105","3.55201927284533","1.23137295496572","2.44533635726284","0.333134142955954","0.25737906242501","0.815896333171785","0.12610162473474","0.0319959346341877","0.00282317070301656","0","0","0.135982722195298","0.0023526422525138","0.00988109746055795","0.266319102984562","0.356190037030589"
2026,"Week 37","Local authority","E92000001","England","E12000008","South East","E06000041","Wokingham","872","Secondary",10,"11375.2","106922","107717","795","5160","3297","1863","3322","112877","50802","52933","103735","3187","2327","321","2","0","0","0","47","394","4","2","200","179","0","39","307","7","263","178","135","1123","427",10,"13724","95.428652426978","4.57134757302196","2.92087847834368","1.65046909467828","2.06153600822134","0.284380343205436","0.157693772867812","0.99488824118288","0.119599209759296","0.37828787086829","0.00177184014458216","0","0","0.0416382433976807","0.00354368028916431","0.00177184014458216","0.177184014458216","0.349052508482685"
2026,"Week 37","Local authority","E92000001","England","E12000005","West Midlands","E08000031","Wolverhampton","336","Secondary",20,"19065","178117","179602","1485","9610","4293","5317","7278","189212","83426","87658","171084","7033","2903","399","7","0","0","0","85","731","6","8","154","451","0","11","931","2","90","1183","245","3718","171",20,"22228","94.921040948777","5.07895905122297","2.2688835803226","2.81007547090037","1.53425786947974","0.210874574551297","0.625224615774898","1.96499164957825","0.129484387882375","0.0903748176648416","0.00369955393949644","0","0","0.0449231549795996","0.00317104623385409","0.00422806164513879","0.0813901866689216","0.386339132824557"
2026,"Week 37","Local authority","E92000001","England","E12000001","North East","E06000057","Northumberland","929","Secondary",27.2,"18246.2","169370","170410","1040","10620","6571","4049","4307","181030","81606","83644","165250","4120","3686","651","0","0","0","0","338","1094","20","13","769","269","0","79","382","31","279","998","187","2832","32",27,"20761","94.1335690217091","5.86643097829089","3.62978511848865","2.23664585980224","2.03612660884936","0.359608904601447","0.551289841462741","1.5643815942109","0.103297795945423","0.0176766281831741","0","0","0","0.186709385184776","0.0110478926144838","0.00718113019941446","0.424791471026902","0.604319726012263"
2026,"Week 37","Local authority","E92000001","England","E12000006","East of England","E06000034","Thurrock","883","Secondary",13,"11043.8","98298","99013","715","5308","2625","2683","1917","104321","48031","48521","96552","1746","1346","295","0","0","78","0","173","598","0","26","109","99","0","10","528","0","78","354","171","2021","137",13,"12104","94.9118585903126","5.08814140968741","2.51627189156546","2.57186951812195","1.29024836801794","0.282781031623547","0.339337237948256","1.93728971156335","0.163917140364835","0.131325428245511","0","0","0.0747692219208021","0.165834299901266","0","0.0249230739736007","0.10448519473548","0.573230701392816"
2026,"Week 37","Local authority","E92000001","England","E12000002","North West","E08000013","St. Helens","342","Secondary",9.4,"10041.8","93175","93896","721","5961","2972","2989","2597","99857","44381","46348","90729","2446","1945","281","0","0","0","0","157","556","0","13","20","233","0","20","456","2","10","419","151","2358","61",9,"9891","94.0304635628949","5.96953643710506","2.97625604614599","2.99328039095907","1.94778533302623","0.281402405439779","0.419600028040097","2.36137676877935","0.151216239222088","0.0610873549175321","0","0","0","0.157224831509058","0","0.0130186166217691","0.0200286409565679","0.556796218592587"
2026,"Week 37","Local authority","E92000001","England","E12000008","South East","E06000039","Slough","871","Secondary",15,"12800.2","119349","119991","642","6295","4163","2132","3104","126286","56976","59386","116362","2987","2536","317","1","0","0","0","41","1204","6","2","56","130","0","93","409","0","10","726","117","1138","151",15,"15856","95.0152827708535","4.98471722914654","3.29648575455712","1.68823147458942","2.00814025307635","0.251017531634544","0.574885577181952","0.901129182965649","0.0926468492152733","0.119569865226549","0.000791853412096353","0","0","0.0324659898959505","0.00475112047257812","0.00158370682419271","0.0443437910773957","0.953391508164009"
2026,"Week 37","Local authority","E92000001","England","E12000006","East of England","E06000033","Southend-on-Sea","882","Secondary",12,"12530.8","117800","118373","573","5882","3607","2275","3237","124255","56272","58534","114806","2994","2595","355","0","0","0","0","196","360","1","5","95","49","0","6","448","0","70","198","243","1527","307",12,"15150","95.2661864713694","4.73381352863064","2.90290129169852","1.83091223693212","2.08844714498411","0.285702788620176","0.159349724357169","1.22892438936059","0.19556557080198","0.247072552412378","0","0","0","0.157740131181844","0.000804796587662468","0.00402398293831234","0.0764556758279345","0.289726771558489"
2026,"Week 37","Local authority","E92000001","England","E12000001","North East","E06000047","County Durham","840","Secondary",30,"26200.8","242443","244304","1861","14207","8267","5940","4031","258511","118480","120107","238587","3856","5683","901","6","0","0","0","439","1046","0","3","189","1396","0","30","330","8","97","1208","175","4282","275",31,"29901","94.5042957553064","5.49570424469365","3.19792968190909","2.29777456278456","2.19835906402436","0.34853449176244","0.467291527246423","1.65640920502416","0.0676953785332152","0.106378451980767","0.00232098440685309","0","0","0.169818692434751","0","0.00116049220342655","0.0731110088158724","0.404624948261389"
2026,"Week 37","Local authority","E92000001","England","E12000007","London","E09000027","Richmond upon Thames","318","Secondary",11,"10454.6","92738","94303","1565","3930","2270","1660","2549","98233","44338","45986","90324","2414","1363","254","0","0","0","0","65","488","2","15","83","239","0","82","1139","2","103","157","135","1280","88",11,"12627","95.9993077682653","4.00069223173475","2.31083240866104","1.68985982307371","1.38751743304185","0.258568912687183","0.159824091700345","1.30302444188816","0.137428359105392","0.0895829303798113","0","0","0","0.0661692099396333","0.00203597569045026","0.0152698176783769","0.0844929911536856","0.496778068469862"
2026,"Week 37","Local authority","E92000001","England","E12000002","North West","E08000001","Bolton","350","Secondary",20,"21276.2","198052","198477","425","11448","6361","5087","6569","209925","93943","98099","192042","6010","4060","523","16","0","22","0","835","787","4","9","105","215","0","83","70","4","53","1035","559","3163","330",20,"22379","94.5466237942122","5.45337620578778","3.03012980826486","2.42324639752292","1.93402405621055","0.249136596403477","0.493033226152197","1.50672859354531","0.266285578182684","0.15719899964273","0.00762176967964749","0","0.0104799333095153","0.397761105156604","0.00190544241991187","0.00428724544480171","0.0500178635226867","0.374895796117661"
2026,"Week 37","Local authority","E92000001","England","E12000007","London","E09000017","Hillingdon","312","Secondary",18,"16640.6","152837","153656","819","9011","5097","3914","3914","162667","73320","75848","149168","3669","3351","573","0","0","0","0","135","965","4","13","56","443","0","20","311","4","41","642","245","2861","166",22,"22591","94.4604621711841","5.53953782881592","3.13339521845242","2.4061426103635","2.06003676221975","0.352253376529966","0.394671322394831","1.75880787129535","0.150614445462202","0.102048971211125","0","0","0","0.0829916332138664","0.00245901135448493","0.00799178690207602","0.034426158962789","0.593236489269489"
2026,"Week 37","Local authority","E92000001","England","E12000001","North East","E08000023","South Tyneside","393","Secondary",8,"8662.4","80056","80519","463","5572","3729","1843","1398","86091","38909","39829","78738","1318","2701","209","0","0","0","0","143","445","0","0","231","340","0","4","2","0","117","533","80","964","266",8,"9334","93.5277787457458","6.47222125425422","4.33146321915183","2.14075803510239","3.13737789083644","0.242766375114704","0.619112334622667","1.11974538569653","0.092924928273571","0.308975386509624","0","0","0","0.166103309289008","0","0","0.268320730389936","0.516894913521739"
2026,"Week 37","Local authority","E92000001","England","E12000009","South West","E10000013","Gloucestershire","916","Secondary",41,"37439.8","337371","338656","1285","18660","13170","5490","7238","357316","163208","167483","330691","6680","9057","1102","5","1","6","0","399","2159","1","16","424","591","0","128","460","4","102","682","558","3825","425",41,"44118","94.7777317556449","5.22226824435514","3.68581311780049","1.53645512655465","2.5347311623325","0.308410482598036","0.190867467451779","1.07048103079627","0.156164291551456","0.118942336755141","0.00139932160888401","0.000279864321776803","0.00167918593066082","0.111665864388944","0.000279864321776803","0.00447782914842884","0.118662472433364","0.604227070716117"
2026,"Week 37","Local authority","E92000001","England","E12000007","London","E09000011","Greenwich","203","Secondary",16,"15604.4","143834","145109","1275","8453","3735","4718","3963","153562","68360","71683","140043","3791","2294","530","0","0","0","0","129","691","3","9","79","649","0","64","396","0","166","649","172","3775","122",17,"18895","94.4953829723499","5.50461702765007","2.43224235162345","3.07237467602662","1.49385915786458","0.345137468905068","0.422630598715828","2.45829046248421","0.112006876701267","0.0794467381253175","0","0","0","0.0840051575259504","0.00195360831455699","0.00586082494367096","0.0514450189500006","0.449981115119626"
2026,"Week 37","Local authority","E92000001","England","E12000008","South East","E10000030","Surrey","936","Secondary",58.6,"60903.6","562029","564850","2821","26882","18183","8699","15427","591732","269070","278485","547555","14474","11678","2053","22","1","28","0","395","2872","38","25","1071","1554","0","257","709","40","261","880","953","6488","378",63,"67416","95.4570650226792","4.54293497732081","3.07284378739024","1.47009118993058","1.97352855684668","0.346947604658866","0.148715972771457","1.09644230834229","0.161052638694544","0.0638802701222851","0.00371789931928643","0.000168995423603929","0.00473187186091001","0.0667531923235519","0.0064218260969493","0.00422488559009822","0.180994098679808","0.485354856590483"
2026,"Week 37","Local authority","E92000001","England","E12000007","London","E09000021","Kingston upon Thames","314","Secondary",11,"9787.8","91535","92029","494","3932","2416","1516","2669","95961","43560","45480","89040","2495","1397","389","0","0","0","0","49","466","0","5","110","304","0","15","125","0","50","289","174","870","183",11,"12867","95.9025020581278","4.09749794187222","2.51768947801711","1.57980846385511","1.45579975198258","0.405373016121133","0.301164014547577","0.906618313689937","0.181323662737987","0.190702472879607","0","0","0","0.0510624107710424","0","0.0052104500786778","0.114629901730912","0.485613947332771"
2026,"Week 37","Local authority","E92000001","England","E12000001","North East","E08000037","Gateshead","390","Secondary",10,"10581.4","98649","99354","705","6069","2724","3345","1621","105423","48048","49104","97152","1497","1761","226","0","0","0","0","285","245","22","4","181","338","0","36","0","2","329","575","124","2627","19",10,"12084","94.2431917133832","5.75680828661677","2.58387638371133","3.17293190290544","1.67041347713497","0.214374472363716","0.545421777031578","2.49186610132514","0.117621391916375","0.0180226326323478","0","0","0","0.270339489485217","0.0208683114690343","0.00379423844891532","0.171689289813418","0.232397104996063"
2026,"Week 37","Local authority","E92000001","England","E12000008","South East","E06000037","West Berkshire","869","Secondary",10,"10306.4","96883","97141","258","5625","3590","2035","2238","102766","46851","47950","94801","2082","1949","384","0","0","0","0","151","610","1","0","495","168","0","28","0","30","32","180","156","1587","112",10,"11359","94.5263997820291","5.47360021797092","3.49337329466944","1.98022692330148","1.89654165774673","0.373664441546815","0.17515520697507","1.5442850748302","0.151801179378394","0.108985462117821","0","0","0","0.146935756962419","0.000973084483194831","0","0.481676819181441","0.593581534748847"
2026,"Week 37","Local authority","E92000001","England","E12000007","London","E09000029","Sutton","319","Secondary",15,"16944.4","160372","160757","385","5637","3247","2390","2736","166394","78287","79552","157839","2533","2160","497","0","0","0","0","74","374","29","6","107","172","0","29","122","0","62","318","203","1739","130",15,"21666","96.6122576535212","3.38774234647884","1.95139247809416","1.43634986838468","1.29812373042297","0.298688654638989","0.191112660312271","1.0451097996322","0.121999591331418","0.07812781710879","0","0","0","0.0444727574311574","0.0174285130473455","0.00360589925117492","0.0643052033126194","0.224767719989903"
2026,"Week 37","Local authority","E92000001","England","E12000002","North West","E08000007","Stockport","356","Secondary",14,"15837.2","148552","149009","457","8059","4882","3177","3621","157068","71285","73955","145240","3312","3443","415","0","0","0","0","130","622","10","3","259","274","0","26","60","0","97","486","309","2341","41",14,"16223","94.8691012809739","5.13089871902615","3.10820790994983","2.02269080907632","2.19204421015102","0.264216772353376","0.30942012376805","1.49043726284157","0.196730078692031","0.0261033437746708","0","0","0","0.0827666997733466","0.00636666921333435","0.00191000076400031","0.16489673262536","0.396006825069397"
2026,"Week 37","Local authority","E92000001","England","E12000008","South East","E10000014","Hampshire","850","Secondary",69,"73452.2","680296","686393","6097","41649","27587","14062","19011","728042","326960","335523","662483","17813","17784","2306","4","0","26","0","641","3760","41","56","2969","1497","0","243","1177","2849","331","1495","1198","10773","596",72,"75236","94.2793135560861","5.72068644391395","3.78920446897294","1.93148197494101","2.44271621692155","0.316739968298532","0.205345296013142","1.47972232371209","0.164550946236618","0.0818634089791523","0.000549418852209076","0","0.00357122253935899","0.0880443710665044","0.00563154323514303","0.00769186393092706","0.407806143052187","0.516453721076531"
2026,"Week 37","Local authority","E92000001","England","E12000008","South East","E06000040","Windsor and Maidenhead","868","Secondary",14,"9828.2","91593","92204","611","4758","3083","1675","2695","96962","43948","45113","89061","2532","2149","240","2","0","9","0","46","464","2","90","81","221","0","37","237","14","102","159","163","1147","206",14,"11930","95.0929230007632","4.90707699923681","3.17959613044285","1.72748086879396","2.2163321713661","0.24751964687197","0.16398176605268","1.18293764567563","0.168107093500547","0.212454363565108","0.00206266372393309","0","0.00928198675769889","0.047441265650461","0.00206266372393309","0.0928198675769889","0.08353788081929","0.478537983952476"
2026,"Week 37","Local authority","E92000001","England","E12000003","Yorkshire and The Humber","E08000035","Leeds","383","Secondary",45,"50670.6","466120","469551","3431","30373","12793","17580","12272","499924","222977","231796","454773","11347","8453","1102","3","0","0","0","629","1784","14","9","799","1180","0","197","1878","56","120","4098","925","12131","426",47,"57750","93.9244765204311","6.07552347956889","2.55898896632288","3.51653451324601","1.69085701026556","0.220433505892896","0.819724598138917","2.42656883846345","0.18502812427489","0.0852129523687601","0.000600091213864507","0","0","0.125819124506925","0.00280042566470103","0.00180027364159352","0.15982429329258","0.35685424184476"
2026,"Week 37","Local authority","E92000001","England","E12000007","London","E09000023","Lewisham","209","Secondary",14,"12577.2","114426","115135","709","6209","2689","3520","3543","121344","54248","56802","111050","3376","1710","318","2","0","0","0","68","497","5","35","54","213","0","38","196","0","262","552","167","2557","244",14,"14328","94.8831421413502","5.11685785864979","2.21601397679325","2.90084388185654","1.4092167721519","0.262064873417722","0.454905063291139","2.10723233122363","0.13762526371308","0.201081223628692","0.00164820675105485","0","0","0.056039029535865","0.00412051687763713","0.0288436181434599","0.044501582278481","0.409579377637131"
2026,"Week 37","Local authority","E92000001","England","E12000002","North West","E06000050","Cheshire West and Chester","896","Secondary",20,"18965.4","175903","176775","872","10631","6590","4041","5258","187406","84266","86810","171076","4827","4471","582","2","0","0","0","352","740","0","10","433","497","0","50","133","4","188","810","431","2618","182",21,"21416","94.3272894144264","5.67271058557357","3.51642957002444","2.15628101554913","2.38572937899534","0.310555691920216","0.432216684631228","1.39696701279575","0.229981964291431","0.0971153538307205","0.00106720169044748","0","0","0.187827497518756","0","0.00533600845223739","0.231049165981879","0.394864625465567"
2026,"Week 37","Local authority","E92000001","England","E12000002","North West","E10000017","Lancashire","888","Secondary",81,"68575.2","639757","644249","4492","34997","22462","12535","14101","679246","310249","316405","626654","13103","14877","2255","18","0","10","0","992","3344","12","23","931","1441","0","198","2343","36","474","2562","998","8574","401",82,"71517","94.8476693274602","5.15233067253985","3.30690206493671","1.84542860760314","2.19022268809827","0.331985760681697","0.377182935195791","1.26228200092455","0.146927622687509","0.0590360487952818","0.00264999720278073","0","0.00147222066821152","0.146044290286582","0.00176666480185382","0.00338610753688649","0.137063744210492","0.492310591449931"
2026,"Week 37","Local authority","E92000001","England","E12000008","South East","E10000011","East Sussex","845","Secondary",25,"26142.4","241008","242169","1161","14870","8104","6766","5680","257039","116215","119304","235519","5489","5414","626","2","0","14","0","288","1286","8","15","451","631","0","28","232","50","220","846","191","5478","251",26,"27264","94.214885678827","5.78511432117305","3.15282894813627","2.63228537303678","2.10629515365373","0.243542808678839","0.329132933134661","2.13119409894996","0.0743077898684635","0.0976505510836877","0.000778092040507472","0","0.0054466442835523","0.112045253833076","0.00311236816202989","0.00583569030380604","0.175459755134435","0.500313182046304"
2026,"Week 37","Local authority","E92000001","England","E12000005","West Midlands","E06000019","Herefordshire, County of","884","Secondary",15,"9272.6","86937","87129","192","4729","3396","1333","1429","91858","42520","43136","85656","1281","2179","420","0","0","22","0","64","548","8","10","145","134","0","22","9","4","23","197","148","902","86",16,"9713","94.8518365302968","5.14816346970324","3.69701060332252","1.45115286638072","2.37213960678438","0.45722745977487","0.214461451370594","0.981950401706982","0.161118247730192","0.0936227655729496","0","0","0.0239500097977313","0.0696727557752183","0.00870909447190228","0.0108863680898779","0.157852337303229","0.596572971325307"
2026,"Week 37","Local authority","E92000001","England","E12000003","Yorkshire and The Humber","E06000011","East Riding of Yorkshire","811","Secondary",13.6,"13324.8","100458","101276","818","4497","2162","2335","1412","105773","49297","49833","99130","1328","1314","231","0","0","0","0","91","392","0","14","120","147","0","27","59","0","585","177","84","1927","147",18,"19435","95.7484424191429","4.25155758085712","2.0439998865495","2.20755769430762","1.24228300227846","0.218392217295529","0.167339491174496","1.8218259858376","0.0794153517438288","0.1389768655517","0","0","0","0.0860332977224812","0","0.0132358919573048","0.113450502491184","0.370604974804534"
2026,"Week 37","Local authority","E92000001","England","E12000002","North West","E06000007","Warrington","877","Secondary",13,"13484.2","127200","127620","420","6647","4008","2639","2863","134267","61248","63311","124559","2641","2467","436","0","0","0","0","103","883","2","14","103","163","0","48","5","0","204","406","222","1654","357",14,"14302","95.0494164612302","4.95058353876976","2.98509685924315","1.96548667952661","1.83738372049722","0.32472610544661","0.302382566081018","1.23187380368966","0.165342191305384","0.26588811845055","0","0","0","0.076712818488534","0.0014895692910395","0.0104269850372765","0.076712818488534","0.657644841993937"
2026,"Week 37","Local authority","E92000001","England","E12000002","North West","E08000002","Bury","351","Secondary",14,"11179.6","104010","104299","289","6099","3574","2525","3691","110398","49403","51225","100628","3382","2400","308","3","0","8","0","195","560","10","3","87","79","0","29","128","0","53","371","309","1738","107",14,"10382","94.4754433957137","5.52455660428631","3.23737748872262","2.28717911556369","2.1739524266744","0.278990561423214","0.336056812623417","1.57430388231671","0.279896374934329","0.0969220456892335","0.002717440533343","0","0.00724650808891465","0.176633634667295","0.00905813511114332","0.002717440533343","0.0788057754669469","0.507255566224026"
2026,"Week 37","Local authority","E92000001","England","E12000003","Yorkshire and The Humber","E08000032","Bradford","380","Secondary",35,"35646.6","325890","328958","3068","24299","11302","12997","10720","353257","154858","161464","316322","9568","6952","904","4","0","0","0","953","1057","2","17","1413","821","0","45","1836","11","355","1852","1152","9768","225",37,"40384","93.1214384994494","6.87856150055059","3.19937043002686","3.67919107052373","1.96797232609686","0.255904341598326","0.524264204247899","2.76512567337661","0.326108187523531","0.0636930053756897","0.00113232009556782","0","0","0.269775262769032","0.000566160047783908","0.00481236040616322","0.399992073759331","0.299215585253795"
2026,"Week 37","Local authority","E92000001","England","E12000008","South East","E10000016","Kent","886","Secondary",102.4,"94878.4","887390","890630","3240","47828","28804","19024","24916","938458","423746","439923","863669","23721","19702","3268","15","0","28","0","1028","3529","7","64","1162","1112","0","248","1591","44","245","2225","1195","14620","984",104,"115866","94.903554554386","5.09644544561398","3.06929026125836","2.02715518435561","2.09940135839856","0.348230821198178","0.237091057884317","1.5578747264129","0.127336545695172","0.104852854363221","0.00159836668236618","0","0.00298361780708354","0.109541396631495","0.000745904451770884","0.00681969784476237","0.123820138993967","0.37604240147135"
2026,"Week 37","Local authority","E92000001","England","E12000009","South West","E10000008","Devon","878","Secondary",42.8,"36397.4","313373","314543","1170","17887","10228","7659","4464","332430","153495","155914","309409","3964","5650","893","0","0","20","0","383","1490","0","29","1763","586","0","89","211","109","175","730","500","5985","444",43,"39083","94.6193183527359","5.38068164726409","3.07673795987125","2.30394368739283","1.69960593207593","0.268627981830761","0.219595102728394","1.80037902716361","0.150407604608489","0.133561952892338","0","0","0.00601630418433956","0.115212225130103","0","0.00872364106729236","0.530337213849532","0.448214661733297"
2026,"Week 37","Local authority","E92000001","England","E12000004","East Midlands","E10000018","Leicestershire","855","Secondary",43,"40046.8","371642","373669","2027","24615","17221","7394","8391","398284","179676","184041","363717","7925","12675","1432","0","2","43","0","578","1474","3","5","1009","1057","0","121","730","9","110","685","466","5808","435",45,"44555","93.8197366703157","6.18026332968435","4.32379909813098","1.85646423155336","3.18240250675397","0.359542437054966","0.171987827781181","1.45825591788774","0.117001938315373","0.109218547569071","0","0.00050215424169688","0.0107963161964829","0.145122575850398","0.000753231362545319","0.0012553856042422","0.253336814936076","0.3700876761306"
2026,"Week 37","Local authority","E92000001","England","E12000007","London","E09000006","Bromley","305","Secondary",19,"18590.4","173627","174641","1014","7909","5141","2768","4290","182550","83207","86355","169562","4065","3218","574","2","0","2","0","66","1058","17","8","196","410","0","79","255","0","270","241","225","2248","54",19,"24379","95.6674883593536","4.3325116406464","2.81621473568885","1.51629690495755","1.76280471103807","0.314434401533826","0.132018625034237","1.23144344015338","0.123253903040263","0.0295809367296631","0.00109559024924678","0","0.00109559024924678","0.0361544782251438","0.00931251711859764","0.00438236099698713","0.107367844426185","0.579567241851548"
2026,"Week 37","Local authority","E92000001","England","E12000007","London","E09000007","Camden","202","Secondary",10,"6646.6","61073","61527","454","3950","2024","1926","5271","65477","27043","28836","55879","5194","1262","235","2","0","0","0","71","405","0","3","46","148","0","7","299","0","0","320","77","1468","61",10,"9701","93.9673473127969","6.03265268720314","3.09116178199979","2.94149090520335","1.92739435221528","0.358904653542465","0.488721230355697","2.24200864425676","0.11759854605434","0.0931624845365548","0.00305450768972311","0","0","0.10843502298517","0","0.00458176153458466","0.0702536768636315","0.618537807168929"
2026,"Week 37","Local authority","E92000001","England","E12000001","North East","E08000022","North Tyneside","392","Secondary",15.6,"12533.2","112474","112803","329","6814","4021","2793","2592","119617","54714","55325","110039","2435","2708","387","0","0","0","0","245","389","2","6","276","168","0","56","36","0","69","692","157","1878","66",16,"13237","94.3034852905523","5.69651470944765","3.36156231973716","2.33495238971049","2.26389225611744","0.323532608241303","0.578513087604605","1.57001095162059","0.131252246754224","0.055176103731075","0","0","0","0.204820385062324","0.00167200314336591","0.00501600943009773","0.230736433784496","0.325204611384669"
2026,"Week 37","Local authority","E92000001","England","E12000009","South West","E06000066","Somerset","933","Secondary",36,"28614.2","253796","254592","796","14246","8700","5546","4246","268838","123876","125971","249847","3949","5538","764","0","0","12","0","414","1194","9","7","762","533","0","44","103","48","68","623","297","4216","410",36,"28212","94.7008979385355","5.29910206146453","3.23614965146296","2.06295241000156","2.05997664020711","0.284186015369851","0.231738072742693","1.56823068167447","0.110475453618908","0.152508201965496","0","0","0.00446365469167305","0.15399608686272","0.00334774101875479","0.00260379857014261","0.283442072921239","0.444133641821469"
2026,"Week 37","Local authority","E92000001","England","E12000008","South East","E06000035","Medway","887","Secondary",20,"19666.4","183824","185342","1518","9367","6013","3354","4046","194709","88829","91178","180007","3817","4103","575","0","0","0","0","406","838","2","6","83","747","0","33","281","3","454","642","229","2265","218",20,"23049","95.1892311089883","4.81076889101172","3.08819828564679","1.72257060536493","2.10724722534654","0.295312491975204","0.329722817127097","1.16327442491102","0.117611409847516","0.111961953479295","0","0","0","0.208516298681622","0.00102717388513114","0.00308152165539343","0.0426277162329425","0.43038585786995"
2026,"Week 37","Local authority","E92000001","England","E12000007","London","E09000030","Tower Hamlets","211","Secondary",18,"14599","125512","126608","1096","5850","3392","2458","3877","132458","59282","62361","121643","3869","2335","286","6","0","0","0","65","619","2","2","77","378","0","6","540","0","172","550","8","1794","106",19,"19456","95.5835057150191","4.4164942849809","2.56081172900089","1.85568255598001","1.76282293255221","0.215917498376844","0.415225958417008","1.35439158072748","0.00603965030424738","0.0800253665312778","0.00452973772818554","0","0","0.04907215872201","0.00150991257606185","0.00150991257606185","0.0581316341783811","0.467317942291141"
2026,"Week 37","Local authority","E92000001","England","E12000002","North West","E06000006","Halton","876","Secondary",8,"7823.8","72513","72744","231","4997","2315","2682","2485","77741","34289","35959","70248","2265","1630","240","0","0","0","0","104","241","0","7","93","73","0","28","1","10","119","392","220","2048","22",8,"7970","93.5722463050385","6.42775369496147","2.97783666276482","3.44991703219665","2.09670572799424","0.308717407802833","0.504238432744626","2.63438854658417","0.282990957152596","0.0282990957152596","0","0","0","0.133777543381227","0","0.00900425772758261","0.119627995523598","0.310003730335344"
2026,"Week 37","Local authority","E92000001","England","E12000002","North West","E08000011","Knowsley","340","Secondary",6,"6027.8","53886","54616","730","4395","1397","2998","2548","59011","24693","26754","51447","2439","827","118","0","0","0","0","130","207","0","2","113","177","0","0","511","15","27","530","109","2331","28",6,"6023","92.5522360237922","7.44776397620783","2.36735523885377","5.08040873735405","1.40143363101795","0.199962718815136","0.89813763535612","3.95011099625494","0.184711325007202","0.047448780735795","0","0","0","0.220297910559048","0","0.00338919862398536","0.191489722255173","0.350782057582485"
2026,"Week 37","Local authority","E92000001","England","E12000003","Yorkshire and The Humber","E08000019","Sheffield","373","Secondary",30.8,"31556.4","293167","294103","936","18161","7631","10530","8432","312264","139847","145763","285610","7557","4839","858","2","1","0","0","611","785","1","6","528","597","0","102","141","8","88","2233","875","6972","450",32,"35779","94.184087823124","5.81591217687598","2.44376553172956","3.37214664514641","1.54965029590347","0.274767504419338","0.715100043552891","2.2327261547921","0.280211615812261","0.144108830989163","0.000640483693285169","0.000320241846642584","0","0.195667768298619","0.000320241846642584","0.00192145107985551","0.169087695027285","0.251389849614429"
2026,"Week 37","Local authority","E92000001","England","E12000004","East Midlands","E10000007","Derbyshire","830","Secondary",42.8,"38642.8","337143","338719","1576","16585","9275","7310","4784","355304","165054","167590","332644","4499","4919","861","2","0","16","0","282","1920","2","10","1263","785","0","52","595","4","140","1549","285","4806","670",45,"45602","95.3321662576273","4.66783374237273","2.6104406367505","2.05739310562223","1.38444824713485","0.242327696845518","0.435964695021728","1.35264449598091","0.0802130006979938","0.1885709139216","0.000562898250512237","0","0.0045031860040979","0.0793686533222255","0.000562898250512237","0.00281449125256119","0.355470245198478","0.540382320491748"
2026,"Week 37","Local authority","E92000001","England","E12000003","Yorkshire and The Humber","E08000033","Calderdale","381","Secondary",13,"14625.2","136934","137572","638","7744","4385","3359","4027","145316","65370","67705","133075","3859","3086","331","0","0","0","0","190","619","4","6","149","368","0","31","126","6","107","737","168","2441","13",14,"16881","94.6709240551625","5.32907594483746","3.01756172754549","2.31151421729197","2.12364777450522","0.227779459935589","0.507170579977429","1.67978749759146","0.115610118638003","0.00894602108508354","0","0","0","0.130749538935836","0.0027526218723334","0.0041289328085001","0.102535164744419","0.425968234743593"
2026,"Week 37","Local authority","E92000001","England","E12000007","London","E09000020","Kensington and Chelsea","207","Secondary",6,"5105","46335","47482","1147","2386","939","1447","785","49868","22478","23129","45607","728","599","179","0","0","0","0","21","127","10","0","3","105","0","12","1000","0","30","160","57","970","260",6,"6174","95.2153685730328","4.78463142696719","1.88297104355499","2.90166038341221","1.20117109168204","0.358947621721344","0.320847036175503","1.94513515681399","0.114301756637523","0.521376433785193","0","0","0","0.0421111734980348","0.020052939760969","0","0.00601588192829069","0.254672334964306"
2026,"Week 37","Local authority","E92000001","England","E12000004","East Midlands","E10000019","Lincolnshire","925","Secondary",54,"42864.6","401824","402824","1000","20485","12897","7588","6294","423309","196881","199052","395933","5891","8621","1250","0","2","6","0","676","1656","0","14","672","209","0","130","482","10","169","1313","403","5663","209",54,"49359","95.1607454601721","4.83925453982788","3.04671055895339","1.79254398087449","2.03657375581431","0.295292564060769","0.310175309289432","1.33779343222091","0.0952023226531919","0.0493729167109606","0","0.00047246810249723","0.00141740430749169","0.159694218644064","0","0.00330727671748061","0.158749282439069","0.391203588867707"
2026,"Week 37","Local authority","E92000001","England","E12000002","North West","E08000010","Wigan","359","Secondary",19,"19428.2","181556","183752","2196","9990","6200","3790","4757","193742","87211","89934","177145","4411","4388","595","0","0","0","0","256","855","0","8","98","347","0","103","1595","0","151","701","346","2599","144",19,"19770","94.8436580607199","5.15634193928007","3.20013213448813","1.95620980479194","2.26486771066676","0.307109454842006","0.361821391334868","1.34147474476365","0.178588019118209","0.0743256495752083","0","0","0","0.132134488133704","0","0.00412920275417824","0.0505827337386834","0.441308544352799"
2026,"Week 37","Local authority","E92000001","England","E12000006","East of England","E10000012","Essex","881","Secondary",81,"84900","780548","785175","4627","44929","25156","19773","21126","830104","375806","384774","760580","19968","15582","2750","14","0","24","0","881","3855","50","13","1987","1518","0","358","625","63","2063","2223","1158","15730","662",82,"95997","94.5875456569297","5.41245434307027","3.03046365274713","2.38199069032314","1.87711419292041","0.331283790946677","0.267797769917986","1.89494328421499","0.139500592696819","0.0797490434933454","0.00168653566300126","0","0.00289120399371645","0.106131279936008","0.00602334165357594","0.00156606882992974","0.239367597313108","0.464399641490705"
2026,"Week 37","Local authority","E92000001","England","E12000004","East Midlands","E10000024","Nottinghamshire","891","Secondary",45,"48189","451495","454696","3201","25291","14552","10739","9032","479987","219573","223615","443188","8307","9103","1480","2","1","9","0","750","2023","10","17","1157","1435","0","491","1185","5","85","1548","725","8184","282",45,"55011","94.7308989618469","5.26910103815312","3.03174877652936","2.23735226162375","1.89650969713763","0.308341684253949","0.322508734611562","1.705046178334","0.151045757489265","0.058751591188928","0.000416677951694525","0.000208338975847263","0.00187505078262536","0.156254231885447","0.00208338975847263","0.00354176258940346","0.241048195055283","0.421469748139012"
2026,"Week 37","Local authority","E92000001","England","E12000002","North West","E08000003","Manchester","352","Secondary",32,"34938.6","324757","325925","1168","17980","7850","10130","10737","343905","154638","160477","315115","9642","5116","755","4","1","7","0","468","1017","19","23","440","675","0","84","376","0","33","2134","1095","6324","577",33,"37647","94.7718119829604","5.22818801703959","2.28260711533708","2.94558090170251","1.48762012765153","0.219537372239427","0.620520201799916","1.83887992323461","0.318401884241288","0.167778892426688","0.00116311190590425","0.000290777976476062","0.00203544583533243","0.136084092990797","0.00552478155304517","0.00668789345894942","0.127942309649467","0.295721202076155"
2026,"Week 37","Local authority","E92000001","England","E12000002","North West","E08000008","Tameside","357","Secondary",16,"14561.6","136601","137057","456","7677","3436","4241","3055","144734","65940","68007","133947","2654","2227","333","0","0","0","0","310","388","22","7","149","331","0","65","23","0","37","717","401","3026","97",17,"14825","94.6957867536308","5.3042132463692","2.37401025329225","2.93020299307695","1.53868475962801","0.230077245153178","0.495391545870355","2.09073196346401","0.277059985905178","0.0670194978374121","0","0","0","0.214186024016472","0.0152002984785883","0.00483645860682355","0.10294747605953","0.268077991349648"
2026,"Week 37","Local authority","E92000001","England","E12000004","East Midlands","E06000018","Nottingham","892","Secondary",19,"18304","170392","170809","417","11059","4206","6853","5405","181868","80967","84547","165514","4878","2635","438","2","0","0","0","344","608","0","18","161","302","0","10","4","0","101","883","527","5129","314",20,"20169","93.9192161347791","6.08078386522093","2.31266632942574","3.76811753579519","1.44885301427409","0.240834011480854","0.485516968350672","2.82017727142763","0.289770602854818","0.172652693162074","0.00109969868256098","0","0","0.189148173400488","0","0.0098972881430488","0.0885257439461588","0.334308399498537"
2026,"Week 37","Local authority","E92000001","England","E12000002","North West","E06000008","Blackburn with Darwen","889","Secondary",12,"10807.8","100235","100563","328","5323","2790","2533","2880","105886","48760","48781","97541","2694","1875","331","0","0","0","0","113","382","0","22","67","99","0","25","159","2","43","629","186","1551","167",12,"11736","94.9728953780481","5.02710462195191","2.634909242015","2.39219537993691","1.77077234006384","0.312600343765937","0.59403509434675","1.46478287970081","0.175660616134333","0.15771678975502","0","0","0","0.106718546361181","0","0.0207770621234157","0.063275598284948","0.360765351415673"
2026,"Week 37","Local authority","E92000001","England","E12000003","Yorkshire and The Humber","E08000036","Wakefield","384","Secondary",18,"20523.2","189878","190414","536","12063","6069","5994","3456","202477","92313","94446","186759","3119","3727","470","0","2","12","0","428","1042","0","6","382","482","0","10","0","6","38","1064","337","4371","222",20,"21687","94.0422862843681","5.9577137156319","2.9973774799113","2.9603362357206","1.84070289464976","0.232125130261709","0.525491784252038","2.15876371143389","0.166438657230204","0.109642082804467","0","0.000987766511751952","0.00592659907051171","0.211382033514918","0","0.00296329953525586","0.188663403744623","0.514626352622767"
2026,"Week 37","Local authority","E92000001","England","E12000007","London","E09000004","Bexley","303","Secondary",15.8,"15461.2","142110","143062","952","5793","3600","2193","3213","148855","68478","70502","138980","3130","2331","478","8","0","0","0","101","550","10","8","114","328","0","41","443","2","138","235","83","1690","185",16,"19809","96.1082933055658","3.89170669443418","2.41846091834335","1.47324577609083","1.56595344462732","0.321117866380034","0.157871754391858","1.1353330422223","0.0557589600618051","0.124282019414867","0.00537435759631857","0","0","0.0678512646535219","0.00671794699539821","0.00537435759631857","0.0765845957475395","0.369487084746901"
2026,"Week 37","Local authority","E92000001","England","E12000007","London","E09000022","Lambeth","208","Secondary",16.6,"11866.6","106533","107025","492","6494","3156","3338","2544","113519","51894","52347","104241","2292","1661","365","2","0","0","0","68","922","2","4","132","404","0","14","38","0","36","453","252","2082","551",19,"15332","94.279371735128","5.72062826487196","2.78015134030427","2.94047692456769","1.46319118385469","0.3215320783305","0.399052141051278","1.83405421118932","0.221989270518592","0.485381301808508","0.00176181960729041","0","0","0.0599018666478739","0.00176181960729041","0.00352363921458082","0.116280094081167","0.812198838960879"
2026,"Week 37","Local authority","E92000001","England","E12000009","South West","E06000058","Bournemouth, Christchurch and Poole","839","Secondary",24,"21593.6","192845","195056","2211","10738","6687","4051","5046","205794","92640","95422","188062","4783","4339","574","2","0","10","0","481","623","0","16","642","394","0","83","1074","0","660","470","263","3250","68",24,"25542","94.7821608015783","5.21783919842172","3.24936587072509","1.96847332769663","2.10841909871036","0.278919696395425","0.228383723529355","1.57924915206469","0.127797700613235","0.0330427514893534","0.000971845632039807","0","0.00485922816019903","0.233728874505574","0","0.00777476505631845","0.311962447884778","0.3027299143804"
2026,"Week 37","Local authority","E92000001","England","E12000007","London","E09000033","Westminster","213","Secondary",11,"8783.2","74172","74341","169","4279","2036","2243","1891","78620","36596","35793","72389","1783","1129","320","2","0","0","0","49","510","4","3","19","102","0","11","28","0","28","555","108","1294","286",12,"12415","94.5573645382854","5.44263546171458","2.58967183922666","2.85296362248792","1.4360213686085","0.4070211142203","0.705927244975833","1.64589163062834","0.137369626049351","0.363775120834393","0.00254388196387688","0","0","0.0623251081149835","0.00508776392775375","0.00381582294581531","0.0241668786568303","0.648689900788603"
2026,"Week 37","Local authority","E92000001","England","E12000006","East of England","E06000032","Luton","821","Secondary",13,"15601","145887","146453","566","7690","3636","4054","3691","154143","70257","72235","142492","3395","2439","500","0","2","1","0","94","515","0","13","72","440","0","0","0","0","126","704","296","2626","428",13,"16190","95.0111260323206","4.98887396767936","2.35884860162317","2.63002536605619","1.5822969580195","0.324374120135199","0.45671876115036","1.70361287895007","0.192029479120038","0.27766424683573","0","0.0012974964805408","0.000648748240270398","0.0609823345854174","0","0.00843372712351518","0.0467098732994687","0.334105343739255"
2026,"Week 37","Local authority","E92000001","England","E12000009","South West","E06000025","South Gloucestershire","803","Secondary",16,"14811.6","134849","135396","547","8024","4908","3116","2721","143420","65883","66543","132426","2423","3045","485","10","0","44","0","133","820","1","6","364","388","0","6","71","21","61","366","298","2312","140",17,"17425","94.4052433412355","5.59475665876447","3.42211685957328","2.17263979919119","2.12313484869614","0.338167619578859","0.255194533537861","1.61204852879654","0.207781341514433","0.0976153953423511","0.00697252823873937","0","0.0306791242504532","0.0927346255752336","0.000697252823873937","0.00418351694324362","0.253800027890113","0.571747315576628"
2026,"Week 37","Local authority","E92000001","England","E12000005","West Midlands","E06000020","Telford and Wrekin","894","Secondary",13,"12660.8","118788","119918","1130","6152","3239","2913","2774","126070","57356","58860","116216","2572","1976","320","0","0","0","0","225","445","0","7","266","229","0","84","804","10","3","292","202","2371","48",13,"14343","95.1201713333862","4.87982866661379","2.56920758308876","2.31062108352503","1.56738319980963","0.253827238835568","0.231617355437455","1.88070119774728","0.160228444514952","0.0380740858253351","0","0","0","0.178472277306258","0","0.00555247084952804","0.210993892282066","0.352978504005711"
2026,"Week 37","Local authority","E92000001","England","E12000004","East Midlands","E06000017","Rutland","857","Secondary",3,"2960","27684","27977","293","1527","1201","326","291","29504","13643","13763","27406","278","703","128","0","0","20","0","8","227","0","1","114","17","0","13","234","0","29","36","13","275","2",4,"3287","94.8244305856833","5.1755694143167","4.07063449023861","1.10493492407809","2.38272776572668","0.433839479392625","0.122017353579176","0.932077006507592","0.0440618221258134","0.00677874186550976","0","0","0.0677874186550976","0.027114967462039","0","0.00338937093275488","0.386388286334056","0.769387201735358"
2026,"Week 37","Local authority","E92000001","England","E12000008","South East","E06000045","Southampton","852","Secondary",13,"13511.8","124541","124907","366","9359","4739","4620","4469","134266","58591","61920","120511","4030","3140","335","2","0","0","0","111","619","0","3","529","235","0","48","18","12","53","547","439","3623","11",14,"13819","93.0295085874309","6.97049141256908","3.5295607227444","3.44093068982468","2.33864120477262","0.249504714521919","0.407400235353701","2.69837486779974","0.326962894552605","0.00819269211863018","0.00148958038520549","0","0","0.0826717113789046","0","0.00223437057780823","0.393994011886852","0.461025129221098"
2026,"Week 37","Local authority","E92000001","England","E12000007","London","E09000013","Hammersmith and Fulham","205","Secondary",11,"7199.2","65501","65898","397","2796","1479","1317","1473","68694","31931","32171","64102","1399","915","257","0","0","0","0","20","266","2","8","11","52","0","15","310","0","20","254","74","660","329",12,"9936","95.9297755262468","4.07022447375317","2.15302646519347","1.9171980085597","1.33199406061665","0.374122921943692","0.369755728302326","0.960782601100533","0.107724109820363","0.478935569336478","0","0","0","0.0291146242757737","0.00291146242757737","0.0116458497103095","0.0160130433516755","0.38722450286779"
2026,"Week 37","Local authority","E92000001","England","E12000001","North East","E06000002","Middlesbrough","806","Secondary",8,"8846.4","77699","77996","297","6734","2358","4376","3287","84730","37365","37267","74632","3067","1420","281","0","0","0","0","311","281","0","3","62","196","0","11","31","0","59","964","220","2964","228",8,"9366","92.0524017467249","7.94759825327511","2.7829576301192","5.16464062315591","1.67591171957984","0.331641685353476","1.13773161808096","3.49817065974271","0.259648294582792","0.269090050749439","0","0","0","0.367048270978402","0","0.00354065856249262","0.0731736102915142","0.331641685353476"
2026,"Week 37","Local authority","E92000001","England","E12000004","East Midlands","E06000015","Derby","831","Secondary",15.2,"16814.6","143289","143953","664","9422","4116","5306","2821","153375","69311","71402","140713","2576","2555","393","2","0","0","0","140","912","0","18","96","451","0","8","203","2","0","1060","245","3440","561",16,"20056","93.8568867155664","6.14311328443358","2.68361858190709","3.45949470252649","1.66585167074165","0.256234718826406","0.691116544417278","2.24286878565607","0.159739201303993","0.365770171149144","0.0013039934800326","0","0","0.091279543602282","0","0.0117359413202934","0.0625916870415648","0.594621026894866"
2026,"Week 37","Local authority","E92000001","England","E12000008","South East","E06000042","Milton Keynes","826","Secondary",15,"19407","176309","176535","226","9614","5983","3631","4208","186149","87889","84617","172506","3803","4173","531","0","0","6","0","179","857","19","6","212","107","0","21","25","12","61","569","405","2336","321",16,"24412","94.8353200930437","5.16467990695626","3.21409193710415","1.95058796985211","2.24175257455049","0.285255359953586","0.305669114526535","1.25490870216869","0.217567647422226","0.172442505734653","0","0","0.0032232244062552","0.0961595281199469","0.0102068772864748","0.0032232244062552","0.113887262354351","0.460383886026785"
2026,"Week 37","Local authority","E92000001","England","E12000007","London","E09000009","Ealing","307","Secondary",17,"18360","152899","153109","210","8798","4394","4404","4442","161907","72569","76084","148653","4246","2552","531","2","0","0","0","54","1102","3","29","121","162","0","15","13","0","20","922","196","2497","789",17,"23579","94.5660162933042","5.43398370669582","2.71390366074351","2.72008004595231","1.5762135052839","0.327966054586892","0.569462716250687","1.54224338663554","0.121057150092337","0.487316792973744","0.00123527704175854","0","0","0.0333524801274806","0.00185291556263781","0.0179115171054988","0.0747342610263917","0.680637650008956"
2026,"Week 37","Local authority","E92000001","England","E12000002","North West","E08000005","Rochdale","354","Secondary",13,"14317.6","133134","133683","549","8650","3965","4685","3498","142333","63967","66178","130145","2989","2411","459","0","0","0","0","166","763","17","6","143","313","0","4","172","0","60","1112","509","3010","54",14,"14496","93.9227023950876","6.07729760491242","2.78572080965061","3.29157679526182","1.69391497403975","0.322483190827145","0.781266466666198","2.11475905095796","0.357612078716812","0.0379391989208406","0","0","0","0.116627907793695","0.0119438218824868","0.00421546654676006","0.100468619364448","0.536066829196321"
2026,"Week 37","Local authority","E92000001","England","E12000005","West Midlands","E08000027","Dudley","332","Secondary",19,"18513.6","170207","170735","528","9442","5190","4252","6211","180177","81036","83428","164464","5743","3525","475","3","0","0","0","179","754","7","14","233","171","0","31","309","17","0","708","468","2983","93",20,"19043","94.759597506896","5.240402493104","2.88050084083984","2.35990165226416","1.95640953062822","0.263629653063377","0.392946935513412","1.655594221238","0.259744584491916","0.0516159110208295","0.00166502938776869","0","0","0.0993467534701988","0.00388506857146029","0.00777013714292057","0.129317282450035","0.418477386125865"
2026,"Week 37","Local authority","E92000001","England","E12000002","North West","E08000006","Salford","355","Secondary",15.8,"13410.4","122370","122836","466","8918","3572","5346","4027","131754","58136","60623","118759","3611","2202","299","0","0","16","0","388","417","9","9","232","270","0","22","15","0","159","973","416","3841","116",16,"13512","93.2313250451599","6.76867495484008","2.71111313508508","4.057561819755","1.67129650712692","0.226938081576271","0.738497502922112","2.91528150947979","0.315739939584377","0.0880428677687205","0","0","0.0121438438301683","0.294488212881582","0.00683091215446969","0.00683091215446969","0.176085735537441","0.316498929823762"
2026,"Week 37","Local authority","E92000001","England","E12000007","London","E09000032","Wandsworth","212","Secondary",11,"9336","86894","87404","510","4440","2360","2080","2958","91844","41257","42748","84005","2889","1561","242","0","0","0","0","37","451","0","22","47","278","0","8","186","0","38","434","69","1227","350",11,"12751","95.1657157789295","4.83428422107051","2.56957449588433","2.26470972518619","1.69962109664213","0.263490266103393","0.472540394582118","1.33596097730935","0.0751273899220417","0.381080963372675","0","0","0","0.0402857018422543","0","0.0239536605548539","0.0511737293671878","0.491050041374505"
2026,"Week 37","Local authority","E92000001","England","E12000001","North East","E08000024","Sunderland","394","Secondary",18,"15303.2","133556","134076","520","9214","4097","5117","2758","143290","64833","66199","131032","2524","2365","433","2","0","10","0","465","452","6","0","364","332","0","15","58","22","93","1086","234","3694","103",18,"16353","93.5696838579105","6.43031614208947","2.85923651336451","3.57107962872496","1.65049898806616","0.302184381324586","0.757903552236723","2.5779886942564","0.163305185288576","0.0718821969432619","0.00139577081443227","0","0.00697885407216135","0.324516714355503","0.00418731244329681","0","0.254030288226673","0.315444204061693"
2026,"Week 37","Local authority","E92000001","England","E12000005","West Midlands","E06000021","Stoke-on-Trent","861","Secondary",15,"15213.2","141403","141843","440","9337","5086","4251","4382","151180","67304","69819","137123","4280","3469","324","10","0","0","0","317","824","0","16","126","313","0","18","43","0","66","798","102","3232","119",16,"15721","93.8239185077391","6.17608149226088","3.3642016139701","2.81187987829078","2.29461568990607","0.214314062706707","0.527847598888742","2.13784892181505","0.0674692419632227","0.0787141156237598","0.00661463156502183","0","0","0.209683820611192","0","0.0105834105040349","0.083344357719275","0.545045640957799"
2026,"Week 37","Local authority","E92000001","England","E12000003","Yorkshire and The Humber","E06000010","Kingston upon Hull, City of","810","Secondary",8.6,"10587.4","78108","78291","183","5436","1840","3596","1845","83727","36688","39664","76352","1756","846","211","0","0","0","0","197","508","0","4","74","84","0","87","0","4","8","740","89","2442","325",13,"16894","93.5074707083736","6.49252929162636","2.19761845044012","4.29491084118624","1.01042674406106","0.252009507088514","0.883824811590049","2.91662187824716","0.106297848961506","0.388166302387521","0","0","0","0.235288497139513","0","0.00477743141400026","0.0883824811590049","0.606733789578033"
2026,"Week 37","Local authority","E92000001","England","E12000007","London","E09000016","Havering","311","Secondary",18,"16201.8","149414","150884","1470","6716","4013","2703","3992","157600","71120","74529","145649","3765","2471","290","4","1","14","0","104","888","42","18","181","284","0","122","786","4","274","465","227","1649","362",19,"17903","95.738578680203","4.26142131979695","2.54631979695431","1.71510152284264","1.56789340101523","0.184010152284264","0.29505076142132","1.04631979695431","0.144035532994924","0.229695431472081","0.00253807106598985","0.000634517766497462","0.00888324873096447","0.065989847715736","0.0266497461928934","0.0114213197969543","0.114847715736041","0.563451776649746"
2026,"Week 37","Local authority","E92000001","England","E12000009","South West","E06000059","Dorset","838","Secondary",29.2,"20834.8","194088","195521","1433","11344","7189","4155","4417","206865","93974","95870","189844","4244","5254","701","10","0","10","0","177","568","0","6","463","418","0","47","412","128","428","431","173","3312","239",29,"22770","94.5162303918014","5.48376960819858","3.4752133033621","2.00855630483649","2.53982065598337","0.33886834408914","0.208348439803737","1.60104415923428","0.08362942015324","0.115534285645228","0.00483407052908902","0","0.00483407052908902","0.0855630483648756","0","0.00290044231745341","0.223817465496822","0.274575206052256"
2026,"Week 37","Local authority","E92000001","England","E12000008","South East","E10000025","Oxfordshire","931","Secondary",42,"37374.8","342670","345481","2811","21958","13805","8153","9421","367439","165750","168270","334020","8650","8237","1267","10","2","12","0","292","2284","55","5","1641","1324","0","72","1224","93","98","891","771","5473","1018",42,"44746","94.0240420858972","5.97595791410275","3.75708621022809","2.21887170387466","2.24173264133639","0.344819140047736","0.242489229504761","1.48949893723856","0.209830747416578","0.277052789714755","0.00272154017401528","0.000544308034803056","0.00326584820881833","0.0794689730812461","0.014968470957084","0.00136077008700764","0.446604742555907","0.62159977574509"
2026,"Week 37","Local authority","E92000001","England","E12000005","West Midlands","E08000029","Solihull","334","Secondary",15,"15900","144764","145359","595","8100","4520","3580","4645","153459","70110","70231","140341","4423","3048","458","4","0","0","0","201","626","5","15","163","281","0","28","226","0","60","549","222","2686","123",16,"17754","94.7217172013372","5.27828279866284","2.9454121296242","2.33287066903864","1.98619826794127","0.298451052072541","0.357750278576037","1.75030464163066","0.144664047074463","0.0801517017574727","0.00260655940674708","0","0","0.130979610189041","0.00325819925843385","0.00977459777530155","0.106217295824943","0.407926547155918"
2026,"Week 37","Local authority","E92000001","England","E12000008","South East","E06000046","Isle of Wight","921","Secondary",7,"6403.8","58417","58713","296","4021","2911","1110","2096","62734","27961","28472","56433","1984","2009","217","0","0","0","0","81","406","0","0","198","73","0","43","166","12","2","162","112","818","18",7,"7302","93.5903975515669","6.40960244843307","4.64022699014888","1.76937545828418","3.20241017629993","0.345904931934836","0.258233174992827","1.30391813051934","0.178531577772819","0.028692574999203","0","0","0","0.129116587496413","0","0","0.315618324991233","0.647176969426467"
2026,"Week 37","Local authority","E92000001","England","E12000005","West Midlands","E10000031","Warwickshire","937","Secondary",39,"34925.4","323577","325641","2064","19122","12082","7040","9233","344763","155449","159442","314891","8686","8286","1028","2","0","0","0","440","1778","24","16","508","755","0","91","1084","12","122","683","547","5444","366",40,"41085","94.4535811557505","5.54641884424953","3.50443638093415","2.04198246331538","2.40339015497603","0.298175848336393","0.198107105460853","1.57905575714331","0.158659716964988","0.106159883746226","0.00058010865435096","0","0","0.127623903957211","0.00696130385221152","0.00464086923480768","0.147347598205144","0.515716593718003"
2026,"Week 37","Local authority","E92000001","England","E12000001","North East","E06000001","Hartlepool","805","Secondary",5,"5497.2","50772","50977","205","3634","1593","2041","878","54611","24826","25196","50022","750","1008","149","0","0","0","0","205","174","1","0","56","42","0","59","104","0","0","530","128","1365","18",5,"5677","93.3456629616744","6.65433703832561","2.91699474464851","3.7373422936771","1.84578198531431","0.272838805368882","0.970500448627566","2.49949643844647","0.234385014008167","0.0329603925948985","0","0","0","0.375382248997455","0.0018311329219388","0","0.102543443628573","0.318617128417352"
2026,"Week 37","Local authority","E92000001","England","E12000007","London","E09000019","Islington","206","Secondary",10,"6947.8","60619","61081","462","3386","1361","2025","1640","64467","29089","29966","59055","1564","747","148","0","0","0","0","45","362","4","3","52","297","0","11","74","2","78","367","76","1514","68",11,"8918","94.7477003738347","5.25229962616532","2.11115764654785","3.14114197961748","1.15873237470334","0.229574821226364","0.569283509392402","2.34848837389672","0.117889773062187","0.105480323266167","0","0","0","0.0698031551026106","0.00620472489800983","0.00465354367350738","0.0806614236741278","0.56152760326989"
2026,"Week 37","Local authority","E92000001","England","E12000001","North East","E06000003","Redcar and Cleveland","807","Secondary",10,"8002","74236","74428","192","4934","2572","2362","1568","79362","36032","36896","72928","1308","1723","261","0","0","0","0","264","185","0","1","138","65","0","24","34","0","69","328","260","1712","62",11,"8273","93.7829187772486","6.21708122275144","3.2408457448149","2.97623547793654","2.17106423729241","0.328872760263098","0.413296035886192","2.15720369950354","0.327612711373201","0.0781230311736095","0","0","0","0.332652906932789","0","0.00126004888989693","0.173886746805776","0.233109044630932"
2026,"Week 37","Local authority","E92000001","England","E12000008","South East","E06000036","Bracknell Forest","867","Secondary",7,"7472.6","69816","70041","225","4194","2891","1303","1247","74235","33931","34783","68714","1102","1612","260","0","0","0","0","39","805","0","14","161","92","0","12","119","0","2","122","145","1017","19",7,"8624","94.3503738128915","5.64962618710851","3.89438943894389","1.75523674816461","2.17148245436789","0.350239105543207","0.164342964908736","1.36997373206708","0.195325655014481","0.0255943961743113","0","0","0","0.0525358658314811","0","0.0188590287600189","0.216878830740217","1.08439415370108"
2026,"Week 37","Local authority","E92000001","England","E12000003","Yorkshire and The Humber","E06000013","North Lincolnshire","813","Secondary",14,"9967.6","92730","93199","469","5972","3033","2939","1442","99171","45254","46127","91381","1349","2043","340","0","0","0","0","162","294","0","3","190","254","0","63","88","4","60","562","93","2075","209",14,"10130","93.9780782688487","6.02192173115124","3.05835375260913","2.96356797854211","2.06007804700971","0.342842161518992","0.566697925804923","2.09234554456444","0.0937774147684303","0.210747093404322","0","0","0","0.163354206370814","0","0.00302507789575582","0.191588266731202","0.29645763378407"
2026,"Week 37","Local authority","E92000001","England","E12000001","North East","E08000021","Newcastle upon Tyne","391","Secondary",17,"16330.2","126835","127252","417","9419","3963","5456","4174","136671","61317","61627","122944","3891","2409","363","0","0","0","0","547","482","10","6","146","188","0","13","193","6","17","1201","283","3857","115",18,"18657","93.1082672988417","6.89173270115826","2.89966415699014","3.99206854416811","1.76262703865487","0.26560133459183","0.878752624916771","2.82210564055286","0.207066605205201","0.0841436734932795","0","0","0","0.400231212181077","0.00731684117332865","0.00439010470399719","0.106825881130598","0.352671744554441"
2026,"Week 37","Local authority","E92000001","England","E12000003","Yorkshire and The Humber","E08000016","Barnsley","370","Secondary",11,"13583.6","126348","127159","811","8131","4026","4105","2299","135290","61336","62983","124319","2029","2191","312","9","0","0","0","538","437","2","2","535","181","0","38","511","4","77","753","270","2582","500",11,"13922","93.9899475201419","6.01005247985808","2.97582969916476","3.03422278069333","1.61948407125434","0.230615714391308","0.556582156848252","1.90849286717422","0.19957129130017","0.369576465370685","0.00665237637667233","0","0","0.397664276738857","0.00147830586148274","0.00147830586148274","0.395446817946633","0.323009830733979"
2026,"Week 37","Local authority","E92000001","England","E12000009","South West","E06000024","North Somerset","802","Secondary",11,"12426.4","106821","107673","852","5822","3512","2310","2211","113495","51528","53354","104882","1939","2142","399","2","0","0","0","87","669","1","3","209","276","0","166","381","6","23","291","272","1562","185",11,"14113","94.8702586017005","5.12974139829948","3.09440944535002","2.03533195294947","1.88730781091678","0.351557337327636","0.256398960306621","1.37627208247059","0.239658134719591","0.163002775452663","0.00176219216705582","0","0","0.0766553592669281","0.000881096083527909","0.00264328825058373","0.184149081457333","0.589453279880171"
2026,"Week 37","Local authority","E92000001","England","E12000008","South East","E06000060","Buckinghamshire","825","Secondary",37,"34414.8","324104","325325","1221","15669","11379","4290","9151","340994","155113","160206","315319","8785","8161","1143","4","0","32","0","192","1370","23","20","434","345","0","171","508","11","186","777","366","2752","395",37,"42900","95.4049044851229","4.59509551487709","3.33700886232602","1.25808665255107","2.39329724276674","0.335196513721649","0.227863246860649","0.807052323501293","0.107333266861","0.115837815328129","0.00117304116787979","0","0.00938432934303829","0.0563059760582298","0.00674498671530877","0.00586520583939893","0.127274966714957","0.401766599998827"
2026,"Week 37","Local authority","E92000001","England","E12000003","Yorkshire and The Humber","E06000014","York","816","Secondary",8.2,"8403.8","57927","58106","179","3137","1698","1439","1366","61243","28038","28640","56678","1249","911","168","4","0","0","0","57","423","0","1","134","135","0","12","0","6","26","241","117","1051","30",9,"11365","94.8777819505903","5.12221804940973","2.77256176216057","2.34965628724916","1.48751694071159","0.274317064807407","0.393514360824911","1.71611449471776","0.191042241562301","0.0489851901441797","0.00653135868589063","0","0","0.0930718612739415","0","0.00163283967147266","0.218800515977336","0.690691181032934"
2026,"Week 37","Local authority","E92000001","England","E12000001","North East","E06000005","Darlington","841","Secondary",8,"6206","57756","58196","440","3393","1924","1469","1082","61589","28155","28646","56801","955","1185","232","0","0","30","0","119","255","0","3","100","176","0","39","153","0","72","254","127","1050","38",9,"6610","94.4908993489097","5.50910065109029","3.12393446881748","2.38516618227281","1.92404487814382","0.376690642809593","0.412411307213951","1.70484989202617","0.206205653606975","0.0616993294257091","0","0","0.0487099969150335","0.1932163210963","0","0.00487099969150335","0.162366656383445","0.414034973777785"
2026,"Week 37","Local authority","E92000001","England","E12000002","North West","E08000012","Liverpool","341","Secondary",32,"28217.8","258043","259328","1285","18146","7060","11086","10002","277474","121215","127585","248800","9243","4576","912","0","0","0","0","476","939","1","13","143","142","0","182","517","2","442","2093","759","8016","218",35,"33600","93.460288171144","6.53971182885604","2.54438253674218","3.99532929211386","1.64916352523119","0.328679443839783","0.754304907847222","2.88891932217073","0.273539142406135","0.0785659196897727","0","0","0","0.171547604460238","0.000360394127017306","0.00468512365122498","0.0515363601634748","0.33841008526925"
2026,"Week 37","Local authority","E92000001","England","E12000004","East Midlands","E06000061","North Northamptonshire","940","Secondary",21,"21167.6","196348","197978","1630","12683","7282","5401","5519","210661","94404","96833","191237","5111","5004","756","12","0","0","0","307","832","0","9","362","284","0","23","1195","4","124","897","408","3877","219",21,"24398","93.9794266617931","6.02057333820688","3.45673855151167","2.56383478669521","2.37538035042082","0.358870412653505","0.425802592791262","1.8403976056318","0.193676095717765","0.103958492554388","0.00569635575640484","0","0","0.145731768101357","0","0.00427226681730363","0.171840065318213","0.394947332444069"
2026,"Week 37","Local authority","E92000001","England","E12000007","London","E09000010","Enfield","308","Secondary",21,"19624.4","179079","179775","696","9531","4240","5291","6851","189306","83987","88544","172531","6548","2652","534","0","0","1","0","80","871","15","17","70","450","0","45","189","0","12","978","303","3446","564",21,"24825","94.9652942854426","5.03470571455738","2.23975996534711","2.79494574921027","1.40090646889164","0.282082976767773","0.516623878799404","1.82033321711937","0.160058318278343","0.297930335013153","0","0","0.000528245274846016","0.0422596219876813","0.00792367912269025","0.00898016967238228","0.0369771692392212","0.46010163439088"
2026,"Week 37","Local authority","E92000001","England","E12000005","West Midlands","E08000026","Coventry","331","Secondary",22,"22233.2","205656","206481","825","13933","6634","7299","8519","220414","96565","101218","197783","7873","4602","488","0","0","8","0","336","970","1","12","217","437","0","21","352","3","12","1771","646","4583","299",22,"26263","93.6787136933226","6.32128630667743","3.00979066665457","3.31149564002287","2.08788915404648","0.22140154436651","0.803487981707151","2.07926901195024","0.293084831272061","0.135653815093415","0","0","0.00362953351420509","0.152440407596614","0.000453691689275636","0.00544430027130763","0.098451096572813","0.440080938597367"
2026,"Week 37","Local authority","E92000001","England","E12000002","North West","E08000004","Oldham","353","Secondary",14,"17694.4","164567","164950","383","10046","4160","5886","5241","174996","78388","81333","159721","4846","2943","512","0","0","0","0","186","337","2","39","141","277","0","46","24","2","34","1687","395","3760","44",15,"18610","94.2592973553681","5.74070264463188","2.3771971930787","3.36350545155318","1.68175272577659","0.292578116071224","0.964022034789367","2.14862053989805","0.225719445015886","0.0251434318498709","0","0","0","0.106288143729","0.00114288326590322","0.0222862236851128","0.0805732702461771","0.192575830304693"
2026,"Week 37","Local authority","E92000001","England","E12000007","London","E09000005","Brent","304","Secondary",16,"17481.2","159587","160047","460","8409","4150","4259","3574","168456","76704","79471","156175","3412","2496","544","4","0","2","0","102","948","2","13","39","176","0","93","111","0","80","1014","162","2180","903",16,"21602","95.0081920501496","4.99180794985041","2.46355131310253","2.52825663674787","1.48169254879612","0.322932991404284","0.601937597948426","1.29410647290687","0.0961675452343639","0.536045020658213","0.00237450728973738","0","0.00118725364486869","0.0605499358883032","0.00118725364486869","0.00771714869164648","0.0231514460749394","0.562758227667759"
2026,"Week 37","Local authority","E92000001","England","E12000003","Yorkshire and The Humber","E08000018","Rotherham","372","Secondary",16,"17022.6","158464","159268","804","10308","4204","6104","4375","169576","76177","78266","154443","4021","2641","448","0","0","10","0","244","473","0","2","386","464","0","30","302","0","8","1193","354","4492","65",17,"18838","93.9213096192858","6.07869038071425","2.47912440439685","3.5995659763174","1.55741378496957","0.264188328537057","0.703519365948011","2.64895975845639","0.208755956031514","0.0383308958814927","0","0","0.00589706090484503","0.143888286078219","0","0.001179412180969","0.227626550927018","0.27893098079917"
2026,"Week 37","Local authority","E92000001","England","E12000003","Yorkshire and The Humber","E08000017","Doncaster","371","Secondary",20,"17754.8","163572","164478","906","10884","4988","5896","4037","175362","78582","81290","159872","3700","3356","423","0","0","2","0","388","688","5","13","113","581","0","49","186","34","56","1370","337","3929","260",21,"19334","93.7934102028946","6.20658979710542","2.84440186585463","3.36218793125078","1.91375554567124","0.241215314606357","0.781241089859833","2.24050820588269","0.192173903126105","0.148264732382158","0","0","0.00114049794140122","0.221256600631836","0.00285124485350304","0.0074132366191079","0.0644381336891687","0.392331291842018"
2026,"Week 37","Local authority","E92000001","England","E12000006","East of England","E06000055","Bedford","822","Secondary",14,"12616.2","116127","116753","626","7208","4454","2754","2520","123961","56212","57568","113780","2347","2676","439","4","0","0","0","176","888","11","4","256","430","0","77","47","6","66","546","173","1937","98",15,"14056","94.1852679471769","5.81473205282307","3.59306556094255","2.22166649188051","2.15874347577061","0.354143641951904","0.440461112769339","1.56258823339599","0.139560022910432","0.0790571228047531","0.00322682133896951","0","0","0.141980138914659","0.00887375868216617","0.00322682133896951","0.206516565694049","0.716354337251232"
2026,"Week 37","Regional","E92000001","England","E12000006","East of England","","","","Secondary",388,"370552.8","3419076","3437947","18871","196546","119611","76935","81264","3634493","1651845","1691239","3343084","75992","75202","12036","57","6","261","0","4258","18611","261","211","8708","5726","0","1654","7095","212","4184","10230","5272","57848","3585",396,"425053","94.5922030940767","5.40779690592333","3.29099547034483","2.1168014355785","2.06911940675082","0.331160357166736","0.281469795099344","1.59163877877877","0.145054619722751","0.0986382419776293","0.00156830677621335","0.000165084923811932","0.00718119418581904","0.117155267598534","0.00718119418581904","0.00580548648738627","0.239593252759051","0.512065919510644"
2026,"Week 37","Regional","E92000001","England","E12000003","Yorkshire and The Humber","","","","Secondary",301,"302684.2","2703992","2720437","16445","169558","79548","90010","64788","2889995","1301483","1343244","2644727","59265","50422","7202","31","4","28","0","5507","10504","56","106","5687","5863","0","907","7510","224","1941","17186","5523","64057","3244",332,"355589","94.1329310258322","5.86706897416778","2.75253071372096","3.11453826044682","1.74470890088045","0.249204583398933","0.594672309121642","2.21650902510212","0.191107597071967","0.112249329151088","0.00107266621568549","0.000138408543959419","0.00096885980771593","0.19055396289613","0.00193771961543186","0.00366782641492459","0.196782347374303","0.363460836437433"
2026,"Week 37","Regional","E92000001","England","E12000005","West Midlands","","","","Secondary",423.6,"368602.8","3408041","3423882","15841","192567","107417","85150","98299","3616449","1635338","1681072","3316410","91631","73045","9958","53","2","104","0","4310","15404","59","275","4207","5346","0","827","7955","119","1594","16561","6668","58172","3749",432,"414569","94.6752463535363","5.3247536464637","2.97023406109142","2.35451958537228","2.01979897960679","0.275352977464911","0.457935394637115","1.6085392051706","0.184379760367145","0.103665225197424","0.00146552598972086","5.53028675366361e-05","0.00287574911190508","0.119177679541451","0.00163143459233076","0.00760414428628746","0.116329581863314","0.425942685767171"
2026,"Week 37","Regional","E92000001","England","E12000008","South East","","","","Secondary",516.6,"514625.2","4753847","4783634","29787","271853","171637","100216","131345","5055487","2281151","2349075","4630226","123621","112345","16180","80","3","181","0","4690","25781","231","369","11776","10950","0","1550","10849","3259","3179","12406","7724","74264","5822",530,"588634","94.6226149923835","5.37738500761648","3.39506362097262","1.98232138664386","2.22223892574543","0.320048296039531","0.24539673428099","1.46897816174782","0.152784489407252","0.115162001207797","0.00158243904098656","5.93414640369958e-05","0.00358026833023208","0.0927704887778368","0.00456929273084868","0.00729900007655049","0.232935026833221","0.50996076144593"
2026,"Week 37","Regional","E92000001","England","E12000007","London","","","","Secondary",498,"457166","4146115","4168222","22107","214505","107054","107451","113962","4382727","1987618","2050328","4037946","108169","66951","13523","98","9","20","0","2734","20524","194","533","2468","8200","0","894","10084","22","2907","19282","5793","72704","9672",519,"576474","95.1056727923049","4.89432720769512","2.44263446023446","2.45169274746066","1.52761054932237","0.308552186800592","0.439954393691416","1.65887585514681","0.132177979600372","0.220684519022061","0.00223605075105066","0.000205351599586285","0.000456336887969522","0.0623812525854337","0.00442646781330436","0.0121613780643878","0.056311971975439","0.468292914434324"
2026,"Week 37","Regional","E92000001","England","E12000002","North West","","","","Secondary",465.2,"434760.2","4036567","4061073","24506","237052","127930","109122","111335","4298125","1936926","1997313","3934239","102328","85396","12902","99","1","63","0","6573","16900","131","281","5584","8066","0","1982","9644","1904","2910","21388","9007","74768","3959",478,"466993","94.4847578886142","5.51524211138578","2.97641413407009","2.53882797731569","1.98681983423004","0.300177402937327","0.497612330958267","1.7395492220445","0.209556492656682","0.0921099316562455","0.00230332994038098","2.32659589937473e-05","0.00146575541660608","0.152927148465901","0.00304784062818089","0.00653773447724298","0.129917115021085","0.393194706994329"
2026,"Week 37","Regional","E92000001","England","E12000001","North East","","","","Secondary",169.8,"148102.2","1332524","1339476","6952","87385","44990","42395","30725","1426861","646221","657799","1304020","28504","28500","4456","8","0","40","0","3834","5450","63","41","2590","3701","0","389","1453","73","1336","9132","2221","29663","1379",174,"162613","93.8757173964387","6.12428260356124","3.15307517690931","2.97120742665193","1.99739147681519","0.312293909497842","0.640006279518467","2.07889906585154","0.15565636736865","0.0966457139132684","0.000560671291737597","0","0.00280335645868799","0.268701716565244","0.00441528642243358","0.00287344037015519","0.181517330700047","0.381957317496238"
2026,"Week 37","Regional","E92000001","England","E12000009","South West","","","","Secondary",339.6,"298531.8","2654123","2668299","14176","153806","92017","61789","55629","2822105","1293508","1309691","2603199","50924","58455","8782","36","3","135","0","3709","13223","24","140","7510","6177","0","903","4611","408","2077","6793","4705","45942","4349",342,"333887","94.5499547323718","5.45004526762824","3.26058031150506","2.18946495612318","2.07132619091069","0.311186153598112","0.240706848256886","1.62793375866596","0.166719523192794","0.154104826007537","0.0012756435355878","0.00010630362796565","0.00478366325845424","0.131426718708198","0.000850429023725198","0.00496083597173032","0.266113415340677","0.468550957529929"
2026,"Week 37","Regional","E92000001","England","E12000004","East Midlands","","","","Secondary",287,"277996","2554790","2568316","13526","148493","86692","61801","54735","2716809","1237682","1266449","2504131","50659","57675","8307","38","6","105","0","3712","11383","17","146","5302","5457","0","976","6188","51","854","9609","4076","45089","3027",296,"317328","94.5342863631562","5.46571363684381","3.1909493821612","2.27476425468261","2.12289491090467","0.305763121367752","0.353686990877901","1.65963083897322","0.15002894940351","0.111417475427975","0.00139869972456658","0.000220847324931565","0.00386482818630239","0.136630878357662","0.000625734087306101","0.00537395157333475","0.195155419464526","0.418984183282667"
2026,"Week 37","National","E92000001","England","","","","","","Secondary",3388.8,"3173021.2","29009075","29171286","162211","1671765","936896","734869","742082","30843051","13971772","14346210","28317982","691093","607991","93346","500","34","937","0","39327","137780","1036","2102","53832","59486","0","10082","65389","6272","20982","122587","50989","522507","38786",3499,"3641140","94.5797677408762","5.42023225912378","3.03762426097211","2.38260799815167","1.9712414313357","0.302648398824098","0.397454194787669","1.69408337716006","0.16531762697536","0.125752799228585","0.00162111070010551","0.000110235527607175","0.00303796145199773","0.127506841006099","0.00335894137061862","0.00681514938324357","0.17453526241616","0.446713264521075"
2026,"Week 37","Local authority","E92000001","England","E12000009","South West","E10000008","Devon","878","Special",13,"1644.4","13816","14128","312","1518","905","613","98","15646","6909","6826","13735","81","391","88","0","0","2","0","20","167","0","0","237","230","0","0","82","0","0","40","17","435","121",13,"1815","90.2978397034386","9.70216029656142","5.78422600025566","3.91793429630577","2.49904128850824","0.562444075162981","0.255656397801355","2.78026332608974","0.108653969065576","0.773360603349099","0","0","0.0127828198900677","0.127828198900677","0","0","1.51476415697303","1.06736546082066"
2026,"Week 37","Local authority","E92000001","England","E12000004","East Midlands","E10000019","Lincolnshire","925","Special",17,"2248","19499","19587","88","2676","2135","541","74","22263","9737","9711","19448","51","776","222","0","0","0","0","24","430","1","0","682","64","0","0","6","5","13","82","23","424","12",17,"2447","87.9800565961461","12.0199434038539","9.58990252885954","2.43004087499439","3.48560391681265","0.997170192696402","0.368324125230203","1.90450523289763","0.103310425369447","0.0539010914971028","0","0","0","0.107802182994206","0.00449175762475857","0","3.06337870008534","1.93145577864618"
2026,"Week 37","Local authority","E92000001","England","E12000003","Yorkshire and The Humber","E06000012","North East Lincolnshire","812","Special",2,"298.6","2819","2821","2","164","112","52","20","2985","1393","1413","2806","13","51","17","0","0","0","0","0","37","0","0","7","2","0","0","0","0","0","6","7","39","0",2,"345","94.5058626465662","5.49413735343384","3.75209380234506","1.74204355108878","1.70854271356784","0.569514237855946","0.201005025125628","1.30653266331658","0.234505862646566","0","0","0","0","0","0","0","0.234505862646566","1.23953098827471"
2026,"Week 37","Local authority","E92000001","England","E12000006","East of England","E06000056","Central Bedfordshire","823","Special",4,"746.4","6536","6572","36","745","632","113","30","7317","3252","3273","6525","11","160","59","0","0","0","0","0","157","0","0","256","30","0","0","0","0","6","30","19","54","10",4,"919","89.8182315156485","10.1817684843515","8.63741970753041","1.5443487768211","2.186688533552","0.806341396747301","0.410004100041","0.738007380073801","0.2596692633593","0.136668033347","0","0","0","0","0","0","3.4987016536832","2.1456881235479"
2026,"Week 37","Local authority","E92000001","England","E12000007","London","E09000026","Redbridge","317","Special",5,"692.6","5908","5925","17","790","410","380","134","6715","2854","2976","5830","78","195","66","0","0","0","0","0","127","7","1","14","17","0","0","0","0","0","68","56","234","22",5,"855","88.2352941176471","11.7647058823529","6.10573343261355","5.65897244973939","2.90394638868206","0.982874162323157","1.0126582278481","3.48473566641847","0.833953834698436","0.327624720774386","0","0","0","0","0.104244229337305","0.0148920327624721","0.208488458674609","1.89128816083395"
2026,"Week 37","Local authority","E92000001","England","E12000006","East of England","E10000029","Suffolk","935","Special",15,"1960.4","16716","16806","90","2075","1377","698","163","18881","8463","8116","16579","137","467","168","0","0","0","0","16","378","0","0","348","46","0","3","5","0","36","62","26","572","38",15,"1938","89.0101159896192","10.9898840103808","7.29304591917801","3.6968380912028","2.47338594354113","0.889783380117578","0.328372437900535","3.02950055611461","0.137704570732482","0.201260526455167","0","0","0","0.0847412742969122","0","0","1.84312271595784","2.00201260526455"
2026,"Week 37","Local authority","E92000001","England","E12000009","South West","E06000066","Somerset","933","Special",8.2,"1038.4","8386","8458","72","1050","603","447","44","9508","4186","4179","8365","21","168","69","0","0","0","0","2","109","0","0","255","63","0","2","2","5","0","37","23","229","158",9,"1204","88.9566680689945","11.0433319310055","6.34202776609171","4.70130416491376","1.76693310896088","0.725704669751788","0.389145982330669","2.40849810685738","0.241901556583929","1.66175851914178","0","0","0","0.0210349179638199","0","0","2.68195204038704","1.14640302902819"
2026,"Week 37","Local authority","E92000001","England","E12000007","London","E09000020","Kensington and Chelsea","207","Special",2,"201.4","1799","1799","0","202","96","106","16","2001","890","893","1783","16","41","28","0","0","0","0","0","0","0","0","27","0","0","0","0","0","0","34","0","72","0",3,"331","89.9050474762619","10.0949525237381","4.7976011994003","5.29735132433783","2.04897551224388","1.39930034982509","1.69915042478761","3.59820089955022","0","0","0","0","0","0","0","0","1.34932533733133","0"
2026,"Week 37","Local authority","E92000001","England","E12000008","South East","E06000046","Isle of Wight","921","Special",3,"394.2","3335","3366","31","511","360","151","24","3877","1688","1640","3328","7","85","44","0","0","0","0","2","58","0","0","171","13","0","0","0","0","18","36","17","65","33",3,"483","86.8197059582151","13.1802940417849","9.28553004900696","3.89476399277792","2.19241681712664","1.13489811710085","0.928553004900696","1.67655403662626","0.438483363425329","0.851173587825638","0","0","0","0.0515862780500387","0","0","4.41062677327831","1.49600206345112"
2026,"Week 37","Local authority","E92000001","England","E12000009","South West","E06000026","Plymouth","879","Special",6.8,"717.4","5960","5999","39","704","420","284","50","6703","3000","2924","5924","36","149","60","0","0","0","0","25","110","0","0","76","24","0","5","6","0","4","20","14","230","20",7,"687","89.4972400417723","10.5027599582277","6.26585111144264","4.23690884678502","2.22288527524989","0.895121587348948","0.298373862449649","3.43129941817097","0.208861703714755","0.298373862449649","0","0","0","0.372967328062062","0","0","1.13382067730867","1.64105624347307"
2026,"Week 37","Local authority","E92000001","England","E12000007","London","E09000006","Bromley","305","Special",4,"796.2","6631","6678","47","989","676","313","75","7667","3288","3278","6566","65","281","77","0","0","0","0","27","101","0","0","190","46","0","0","1","0","0","62","10","223","18",4,"959","87.1005608451806","12.8994391548194","8.81700795617582","4.08243119864354","3.66505804095474","1.00430416068867","0.808660493022043","2.9085691926438","0.130429111777749","0.234772401199948","0","0","0","0.352158601799922","0","0","2.47815312377723","1.31733402895526"
2026,"Week 37","Local authority","E92000001","England","E12000002","North West","E06000007","Warrington","877","Special",4,"493","4290","4354","64","512","331","181","36","4866","2147","2123","4270","20","110","45","0","0","0","0","6","78","0","0","92","50","0","0","4","0","10","37","16","60","68",4,"530","89.4780106863954","10.5219893136046","6.80230168516235","3.71968762844225","2.26058364159474","0.92478421701603","0.760378133990958","1.23304562268804","0.328812166050144","1.39745170571311","0","0","0","0.123304562268804","0","0","1.89066995478833","1.60295930949445"
2026,"Week 37","Local authority","E92000001","England","E12000005","West Midlands","E08000029","Solihull","334","Special",6,"790.6","6858","6907","49","892","584","308","116","7799","3379","3406","6785","73","198","74","0","0","0","0","20","234","0","1","57","39","0","0","0","0","10","24","43","236","5",6,"879","88.5626362354148","11.4373637645852","7.48813950506475","3.94922425952045","2.53878702397743","0.948839594819849","0.307731760482113","3.02602897807411","0.551352737530453","0.0641107834337736","0","0","0","0.256443133735094","0","0.0128221566867547","0.730862931145019","3.0003846647006"
2026,"Week 37","Local authority","E92000001","England","E12000001","North East","E06000047","County Durham","840","Special",9,"1771.4","15407","15555","148","1750","922","828","63","17305","7747","7630","15377","30","456","176","0","0","0","0","0","192","1","0","97","94","0","0","38","0","16","118","33","510","167",9,"1867","89.8873158046807","10.1126841953193","5.3279399017625","4.78474429355678","2.63507656746605","1.01704709621497","0.681883848598671","2.94712510835019","0.190696330540306","0.965039006067611","0","0","0","0","0.00577867668303958","0","0.56053163825484","1.1095059231436"
2026,"Week 37","Local authority","E92000001","England","E12000009","South West","E06000024","North Somerset","802","Special",3.6,"489.4","4349","4373","24","320","220","100","81","4693","2120","2165","4285","64","74","35","0","0","0","0","0","69","0","0","42","16","0","1","0","0","7","16","17","67","0",4,"535","93.1813339015555","6.81866609844449","4.68783294268059","2.1308331557639","1.57681653526529","0.745791604517366","0.340933304922225","1.42765821436182","0.362241636479864","0","0","0","0","0","0","0","0.89494992542084","1.47027487747709"
2026,"Week 37","Local authority","E92000001","England","E12000001","North East","E08000021","Newcastle upon Tyne","391","Special",6,"986","7640","7694","54","1253","592","661","75","8947","3834","3757","7591","49","245","88","0","0","0","0","41","35","2","0","181","30","0","0","0","6","18","72","26","506","57",6,"1122","85.9953056890578","14.0046943109422","6.61674304236057","7.38795126858165","2.73834804962557","0.983569911702247","0.804739018665474","5.65552699228792","0.290600201184755","0.637085056443501","0","0","0","0.458254163406729","0.0223538616295965","0","2.02302447747848","0.391192578517939"
2026,"Week 37","Local authority","E92000001","England","E12000005","West Midlands","E06000021","Stoke-on-Trent","861","Special",5,"1025.4","8842","8888","46","1243","797","446","96","10131","4396","4372","8768","74","337","82","0","0","0","0","3","136","0","0","239","44","0","0","0","0","2","50","22","357","17",5,"1046","87.7307274701411","12.2692725298588","7.86694304609614","4.40232948376271","3.32642384759649","0.809396900602112","0.493534695489093","3.52383772579212","0.217155266015201","0.167801796466292","0","0","0","0.0296120817293456","0","0","2.35909584443786","1.34241437173033"
2026,"Week 37","Local authority","E92000001","England","E12000002","North West","E08000002","Bury","351","Special",4,"576.4","4948","5010","62","689","520","169","79","5699","2428","2484","4912","36","256","47","0","0","0","0","0","129","0","0","88","60","0","0","2","0","0","61","43","59","6",4,"647","87.9101596771363","12.0898403228637","9.1244077908405","2.96543253202316","4.49201614318302","0.824706088787507","1.07036322161783","1.03526934549921","0.754518336550272","0.105281628355852","0","0","0","0","0","0","1.54413054921916","2.26355500965082"
2026,"Week 37","Local authority","E92000001","England","E12000004","East Midlands","E10000024","Nottinghamshire","891","Special",12.8,"1378.8","11316","11339","23","1079","833","246","59","12418","5645","5631","11276","40","320","125","0","0","0","0","6","115","0","0","267","16","0","3","0","0","4","45","19","174","8",13,"1251","91.3110001610565","8.68899983894347","6.70800450958286","1.98099532936061","2.57690449347721","1.00660331776454","0.362377194395233","1.40119181832823","0.153003704300209","0.0644226123369303","0","0","0","0.0483169592526977","0","0","2.15010468674505","0.926075052343373"
2026,"Week 37","Local authority","E92000001","England","E12000005","West Midlands","E10000034","Worcestershire","885","Special",10,"1588.4","13923","14077","154","1708","1237","471","165","15785","6874","6930","13804","119","407","148","2","0","10","0","27","259","0","0","384","133","0","0","3","0","18","98","46","228","99",10,"1894","89.179600886918","10.820399113082","7.83655369021223","2.98384542286981","2.57839721254355","0.937598986379474","0.620842572062084","1.4444092492873","0.291415901171999","0.627177700348432","0.0126702565726956","0","0.063351282863478","0.171048463731391","0","0","2.43268926195755","1.64079822616408"
2026,"Week 37","Local authority","E92000001","England","E12000002","North West","E08000012","Liverpool","341","Special",13,"2201.4","19028","19131","103","2300","1267","1033","172","21431","9449","9446","18895","133","629","211","0","0","0","0","22","272","0","0","133","95","0","0","2","6","0","303","39","635","56",14,"2408","89.267882973263","10.732117026737","5.91199664038076","4.82012038635621","2.93500069992068","0.984555083757174","1.41383976482665","2.96299752694695","0.181979375670757","0.261303718911857","0","0","0","0.102655032429658","0","0","0.62059633241566","1.26918949185759"
2026,"Week 37","Local authority","E92000001","England","E12000007","London","E09000029","Sutton","319","Special",4,"637.2","4921","4956","35","595","381","214","71","5551","2586","2279","4865","56","174","48","0","0","0","0","0","84","0","0","75","18","0","0","7","0","10","17","15","120","62",4,"732","89.281210592686","10.718789407314","6.86362817510359","3.85516123221041","3.1345703476851","0.864709061430373","0.306251125923257","2.16177265357593","0.270221581696992","1.11691587101423","0","0","0","0","0","0","1.35110790848496","1.51324085750315"
2026,"Week 37","Local authority","E92000001","England","E12000005","West Midlands","E08000031","Wolverhampton","336","Special",7,"899.2","7991","8031","40","842","542","300","51","8873","3975","3976","7951","40","227","68","0","0","0","0","10","150","0","0","87","38","0","0","0","2","0","22","11","245","22",8,"1124","90.5105375859349","9.48946241406514","6.1084187986025","3.38104361546264","2.55832300236673","0.766369886171532","0.24794319846726","2.76118561929449","0.12397159923363","0.24794319846726","0","0","0","0.112701453848755","0","0","0.980502648484165","1.69052180773132"
2026,"Week 37","Local authority","E92000001","England","E12000003","Yorkshire and The Humber","E06000011","East Riding of Yorkshire","811","Special",2,"218.4","1594","1602","8","128","101","27","5","1730","794","796","1590","4","44","19","0","0","0","0","0","27","0","0","11","8","0","0","0","0","0","12","1","8","6",3,"440","92.6011560693642","7.39884393063584","5.83815028901734","1.5606936416185","2.54335260115607","1.09826589595376","0.69364161849711","0.46242774566474","0.0578034682080925","0.346820809248555","0","0","0","0","0","0","0.635838150289017","1.5606936416185"
2026,"Week 37","Local authority","E92000001","England","E12000003","Yorkshire and The Humber","E06000013","North Lincolnshire","813","Special",2,"334","3106","3113","7","203","136","67","11","3316","1545","1555","3100","6","60","19","0","0","0","0","0","36","0","0","21","7","0","0","0","0","0","14","5","48","0",3,"417","93.8781664656212","6.12183353437877","4.10132689987937","2.0205066344994","1.80940892641737","0.572979493365501","0.422195416164053","1.4475271411339","0.150784077201448","0","0","0","0","0","0","0","0.63329312424608","1.08564535585042"
2026,"Week 37","Local authority","E92000001","England","E12000008","South East","E06000044","Portsmouth","851","Special",5,"849.2","6336","6654","318","1468","693","775","120","8122","3104","3115","6219","117","276","64","0","0","0","0","7","153","0","0","193","231","0","0","0","0","87","73","3","382","317",5,"833","81.9256340802758","18.0743659197242","8.53238118689978","9.54198473282443","3.39817778872199","0.787983255355824","0.898793400640236","4.70327505540507","0.0369367150948042","3.90297956168431","0","0","0","0.0861856685545432","0","0","2.37626200443241","1.88377246983502"
2026,"Week 37","Local authority","E92000001","England","E12000008","South East","E06000036","Bracknell Forest","867","Special",2,"190","1736","1736","0","152","115","37","49","1888","834","877","1711","25","50","20","0","0","0","0","0","18","0","0","27","0","0","0","0","0","0","10","24","1","2",2,"210","91.9491525423729","8.05084745762712","6.09110169491525","1.95974576271186","2.64830508474576","1.0593220338983","0.529661016949152","0.0529661016949153","1.27118644067797","0.105932203389831","0","0","0","0","0","0","1.43008474576271","0.953389830508475"
2026,"Week 37","Local authority","E92000001","England","E12000007","London","E09000008","Croydon","306","Special",9,"1131","10088","10169","81","1003","631","372","127","11172","4970","5028","9998","90","355","73","1","0","0","0","10","141","0","1","50","73","0","0","0","0","8","36","37","211","88",9,"1372","91.0221983530254","8.97780164697458","5.64804869316148","3.3297529538131","3.17758682420337","0.653419262441819","0.322234156820623","1.88865019692087","0.331185105621196","0.787683494450412","0.00895094880057286","0","0","0.0895094880057286","0","0.00895094880057286","0.447547440028643","1.26208378088077"
2026,"Week 37","Local authority","E92000001","England","E12000007","London","E09000005","Brent","304","Special",6,"888","7633","7643","10","874","482","392","96","8517","3802","3755","7557","76","211","133","0","0","0","0","0","131","6","0","1","9","0","0","1","0","0","84","20","130","158",6,"971","89.7381707173888","10.2618292826112","5.65926969590231","4.60255958670894","2.4773981448867","1.5615827169191","0.986262768580486","1.52635904661266","0.23482446870964","1.85511330280615","0","0","0","0","0.0704473406128919","0","0.011741223435482","1.53810027004814"
2026,"Week 37","Local authority","E92000001","England","E12000006","East of England","E10000020","Norfolk","926","Special",16,"1986.4","17510","17938","428","1812","1363","449","142","19750","8708","8711","17419","91","568","203","0","0","8","0","33","267","2","0","282","394","0","0","34","0","0","56","51","290","52",16,"2371","90.8253164556962","9.1746835443038","6.90126582278481","2.27341772151899","2.87594936708861","1.02784810126582","0.283544303797468","1.46835443037975","0.258227848101266","0.263291139240506","0","0","0.0405063291139241","0.167088607594937","0.010126582278481","0","1.42784810126582","1.35189873417722"
2026,"Week 37","Local authority","E92000001","England","E12000008","South East","E06000042","Milton Keynes","826","Special",6,"910.6","7786","7802","16","984","808","176","74","8786","3858","3869","7727","59","214","92","0","0","0","0","39","196","0","0","267","14","0","0","0","0","2","36","15","114","11",6,"1042","88.8003642157979","11.1996357842021","9.19644889597086","2.00318688823128","2.4356931481903","1.04712041884817","0.409742772592761","1.29751877987708","0.170726155246984","0.125199180514455","0","0","0","0.443888003642158","0","0","3.03892556339631","2.23082176189392"
2026,"Week 37","Local authority","E92000001","England","E12000002","North West","E08000011","Knowsley","340","Special",4,"771.6","6695","6768","73","927","495","432","97","7695","3266","3346","6612","83","108","80","0","0","0","0","42","184","0","0","81","73","0","0","0","0","0","84","14","334","0",4,"824","87.953216374269","12.046783625731","6.4327485380117","5.6140350877193","1.40350877192982","1.03963612735543","1.0916179337232","4.3404808317089","0.181936322287199","0","0","0","0","0.545808966861599","0","0","1.05263157894737","2.39116309291748"
2026,"Week 37","Local authority","E92000001","England","E12000003","Yorkshire and The Humber","E06000010","Kingston upon Hull, City of","810","Special",4.2,"542.2","4119","4173","54","314","208","106","19","4487","2051","2057","4108","11","91","36","0","0","0","0","0","59","0","0","22","50","0","0","0","0","4","62","8","34","2",6,"787","93.0020057945175","6.99799420548251","4.63561399598841","2.36238020949409","2.02808112324493","0.802317806997994","1.38176955649655","0.757744595498106","0.178292845999554","0.0445732114998886","0","0","0","0","0","0","0.490305326498774","1.31490973924671"
2026,"Week 37","Local authority","E92000001","England","E12000002","North West","E06000006","Halton","876","Special",5,"492","4393","4399","6","474","256","218","11","4873","2205","2181","4386","7","127","26","0","0","0","0","0","86","0","0","17","6","0","0","0","0","0","23","4","185","6",5,"533","90.2729324851221","9.7270675148779","5.25343730761338","4.47363020726452","2.60619741432383","0.533552226554484","0.47198850810589","3.79642930432998","0.0820849579314591","0.123127436897189","0","0","0","0","0","0","0.348861071208701","1.76482659552637"
2026,"Week 37","Local authority","E92000001","England","E12000005","West Midlands","E08000027","Dudley","332","Special",7.2,"927.8","8537","8545","8","716","490","226","99","9261","4200","4282","8482","55","283","44","0","0","8","0","8","81","0","0","66","7","0","0","1","0","0","36","44","140","6",7,"903","92.2686534931433","7.73134650685671","5.29100529100529","2.44034121585142","3.0558255048051","0.475110679192312","0.388726919339164","1.51171579743008","0.475110679192312","0.0647878198898607","0","0","0.0863837598531476","0.0863837598531476","0","0","0.712666018788468","0.87463556851312"
2026,"Week 37","Local authority","E92000001","England","E12000009","South West","E06000025","South Gloucestershire","803","Special",6,"658","5773","5843","70","686","576","110","29","6529","2877","2880","5757","16","231","53","0","0","0","0","0","206","0","0","86","70","0","0","0","0","0","6","13","90","1",6,"745","89.4930310920508","10.5069689079492","8.82217797518762","1.68479093276153","3.5380609587992","0.811762903966917","0.0918976872415378","1.37846530862307","0.199111655689998","0.015316281206923","0","0","0","0","0","0","1.31720018379537","3.15515392862613"
2026,"Week 37","Local authority","E92000001","England","E12000006","East of England","E06000034","Thurrock","883","Special",3,"482","4331","4339","8","439","370","69","8","4778","2178","2152","4330","1","126","52","0","0","0","0","0","160","0","0","32","8","0","0","0","0","0","42","7","14","6",3,"564","90.812055253244","9.18794474675597","7.74382586856425","1.44411887819171","2.63708664713269","1.08832147341984","0.879028882377564","0.293009627459188","0.146504813729594","0.125575554625366","0","0","0","0","0","0","0.669736291335287","3.34868145667643"
2026,"Week 37","Local authority","E92000001","England","E12000007","London","E09000009","Ealing","307","Special",6,"876.6","7718","7720","2","840","640","200","78","8560","3786","3866","7652","66","313","122","0","0","0","0","0","203","0","0","2","2","0","0","0","0","0","55","12","116","17",6,"1071","90.1869158878505","9.81308411214953","7.47663551401869","2.33644859813084","3.65654205607477","1.42523364485981","0.642523364485981","1.35514018691589","0.14018691588785","0.198598130841121","0","0","0","0","0","0","0.0233644859813084","2.3714953271028"
2026,"Week 37","Local authority","E92000001","England","E12000008","South East","E10000011","East Sussex","845","Special",15,"1710","14063","14107","44","1773","1000","773","68","15880","7038","6988","14026","37","421","98","4","0","0","0","22","280","1","0","174","14","0","0","2","8","20","78","31","564","100",15,"1866","88.8350125944584","11.1649874055416","6.29722921914358","4.86775818639799","2.65113350125945","0.617128463476071","0.491183879093199","3.55163727959698","0.195214105793451","0.629722921914358","0.0251889168765743","0","0","0.138539042821159","0.00629722921914358","0","1.09571788413098","1.7632241813602"
2026,"Week 37","Local authority","E92000001","England","E12000007","London","E09000011","Greenwich","203","Special",5,"574.8","4877","4917","40","634","501","133","40","5551","2445","2399","4844","33","151","66","0","0","0","0","0","227","0","0","57","30","0","0","0","0","10","0","7","78","48",5,"647","88.5786344802738","11.4213655197262","9.02540082867952","2.39596469104666","2.72023058908305","1.18897495946676","0","1.40515222482436","0.126103404791929","0.864709061430373","0","0","0","0","0","0","1.02684201044857","4.08935326968114"
2026,"Week 37","Local authority","E92000001","England","E12000007","London","E09000015","Harrow","310","Special",4,"434.8","3751","3751","0","530","423","107","34","4281","1866","1858","3724","27","152","60","0","0","0","0","0","205","0","0","6","0","0","0","0","0","0","0","7","94","6",4,"533","87.6197150198552","12.3802849801448","9.88086895585144","2.49941602429339","3.55057229619248","1.40154169586545","0","2.19574865685587","0.163513197850969","0.140154169586545","0","0","0","0","0","0","0.140154169586545","4.78860079420696"
2026,"Week 37","Local authority","E92000001","England","E12000007","London","E09000023","Lewisham","209","Special",4,"667.4","5790","5861","71","662","525","137","84","6523","2838","2873","5711","79","116","90","0","0","0","0","0","315","0","0","4","70","0","0","0","0","1","0","5","114","18",5,"981","89.8512954162195","10.1487045837805","8.04844396749962","2.10026061628085","1.77832285758087","1.37973325157136","0","1.74766211865706","0.0766518473095202","0.275946650314273","0","0","0","0","0","0","0.0613214778476161","4.82906638049977"
2026,"Week 37","Local authority","E92000001","England","E12000003","Yorkshire and The Humber","E08000032","Bradford","380","Special",8,"1421.8","11945","12013","68","1751","1091","660","136","13764","5896","5951","11847","98","546","140","0","0","0","0","4","311","0","0","90","50","0","0","18","0","0","128","38","454","40",8,"1704","87.2784074396978","12.7215925603022","7.92647486195873","4.79511769834351","3.96687009590235","1.0171461784365","0.929962220284801","3.29845975007265","0.27608253414705","0.290613193839","0","0","0","0.0290613193839","0","0","0.653879686137751","2.25951758209823"
2026,"Week 37","Local authority","E92000001","England","E12000001","North East","E06000002","Middlesbrough","806","Special",5.6,"669.4","6003","6082","79","557","348","209","73","6639","2953","2999","5952","51","140","58","0","0","0","0","0","91","0","0","59","58","0","0","21","0","0","38","22","149","0",5,"582","91.6101822563639","8.38981774363609","5.2417532760958","3.14806446754029","2.10875131796957","0.873625546015966","0.572375357734599","2.24431390269619","0.331375207109504","0","0","0","0","0","0","0","0.888688055430035","1.37068835668022"
2026,"Week 37","Local authority","E92000001","England","E12000002","North West","E06000008","Blackburn with Darwen","889","Special",3,"437.4","3916","3932","16","399","271","128","33","4331","1953","1944","3897","19","152","32","0","0","0","0","0","19","0","0","68","16","0","0","0","0","0","12","14","100","2",3,"489","90.7873470330178","9.21265296698222","6.25721542368968","2.95543754329254","3.50958208265989","0.738859385823136","0.277072269683676","2.3089355806973","0.323250981297622","0.046178711613946","0","0","0","0","0","0","1.57007619487416","0.438697760332487"
2026,"Week 37","Local authority","E92000001","England","E12000002","North West","E08000005","Rochdale","354","Special",5,"663.6","5729","5786","57","729","472","257","77","6515","2849","2830","5679","50","277","56","0","0","0","0","0","59","0","0","80","43","0","0","14","0","0","56","27","172","2",5,"767","88.8104374520338","11.1895625479662","7.24481964696853","3.9447429009977","4.25172678434382","0.859554873369148","0.859554873369148","2.64006139677667","0.414428242517268","0.0306983883346124","0","0","0","0","0","0","1.2279355333845","0.905602455871067"
2026,"Week 37","Local authority","E92000001","England","E12000008","South East","E06000060","Buckinghamshire","825","Special",10,"1698.8","14579","14639","60","1680","1230","450","223","16319","7164","7248","14412","167","621","127","0","0","0","0","63","265","2","0","152","36","0","1","1","14","8","94","56","282","18",10,"1892","89.7052515472762","10.2947484527238","7.53722654574422","2.75752190697959","3.80538023163184","0.778233960414241","0.576015687235737","1.72804706170721","0.343158281757461","0.110300876279184","0","0","0","0.386053066977143","0.0122556529199093","0","0.931429621913107","1.62387401188798"
2026,"Week 37","Local authority","E92000001","England","E12000007","London","E09000003","Barnet","302","Special",7,"697.4","5359","5399","40","769","482","287","77","6168","2660","2661","5321","38","208","73","0","0","0","0","0","140","0","0","61","15","0","0","0","0","25","0","39","134","114",7,"857","87.5324254215305","12.4675745784695","7.81452658884565","4.65304798962387","3.37224383916991","1.18352788586252","0","2.17250324254215","0.632295719844358","1.84824902723735","0","0","0","0","0","0","0.988975356679637","2.26977950713359"
2026,"Week 37","Local authority","E92000001","England","E12000007","London","E09000033","Westminster","213","Special",3,"291.6","2517","2517","0","379","248","131","83","2896","1220","1235","2455","62","115","40","0","0","0","0","0","46","0","0","47","0","0","0","0","0","0","33","21","60","17",3,"331","86.9129834254144","13.0870165745856","8.56353591160221","4.52348066298343","3.97099447513812","1.38121546961326","1.13950276243094","2.07182320441989","0.725138121546961","0.587016574585635","0","0","0","0","0","0","1.62292817679558","1.58839779005525"
2026,"Week 37","Local authority","E92000001","England","E12000009","South West","E06000054","Wiltshire","865","Special",5,"1192.4","10628","10735","107","1097","867","230","21","11832","5323","5292","10615","13","272","108","0","0","0","0","6","95","2","0","384","101","0","0","3","2","1","26","8","196","0",5,"1225","90.7285327924273","9.27146720757268","7.32758620689655","1.94388100067613","2.29885057471264","0.912778904665314","0.21974306964165","1.65652467883705","0.0676132521974307","0","0","0","0","0.050709939148073","0.0169033130493577","0","3.24543610547667","0.80290736984449"
2026,"Week 37","Local authority","E92000001","England","E12000002","North West","E08000015","Wirral","344","Special",10,"1760","15398","15474","76","1805","1038","767","119","17279","7636","7679","15315","83","423","139","0","0","0","0","36","313","0","0","127","60","0","0","14","2","0","102","36","409","220",11,"1903","89.5537936223161","10.4462063776839","6.00729208866254","4.43891428902136","2.4480583367093","0.804444701660976","0.590311939348342","2.36703512934776","0.208345390358238","1.27322182996701","0","0","0","0.208345390358238","0","0","0.73499623820823","1.81144742172579"
2026,"Week 37","Local authority","E92000001","England","E12000003","Yorkshire and The Humber","E08000034","Kirklees","382","Special",7,"807","7197","7252","55","757","563","194","23","8009","3601","3577","7178","19","315","68","0","0","0","0","0","122","0","0","58","39","0","0","13","1","2","50","4","133","7",7,"954","90.5481333499813","9.45186665001873","7.02959170932701","2.42227494069172","3.93307529029841","0.849044824572356","0.624297665126732","1.66063178923711","0.0499438132101386","0.0874016731177425","0","0","0","0","0","0","0.72418529154701","1.52328630290923"
2026,"Week 37","Local authority","E92000001","England","E12000007","London","E09000032","Wandsworth","212","Special",5.6,"644.2","4992","5054","62","683","394","289","103","5737","2485","2424","4909","83","185","86","0","0","1","0","0","97","6","0","19","62","0","0","0","0","0","42","20","182","45",6,"894","88.0948230782639","11.9051769217361","6.86770088896636","5.03747603276974","3.22468188948928","1.49904131078961","0.732089942478647","3.17238975074081","0.348614258323165","0.784382081227122","0","0","0.0174307129161583","0","0.10458427749695","0","0.331183545407007","1.69077915286735"
2026,"Week 37","Local authority","E92000001","England","E12000006","East of England","E06000033","Southend-on-Sea","882","Special",5,"619.2","5174","5194","20","508","343","165","36","5702","2766","2378","5144","30","179","45","0","0","0","0","0","92","0","0","27","20","0","0","0","0","0","0","6","155","4",5,"728","91.0908453174325","8.90915468256752","6.01543318133988","2.89372150122764","3.13924938618029","0.789196773062083","0","2.71834444054718","0.105226236408278","0.0701508242721852","0","0","0","0","0","0","0.47351806383725","1.61346895826026"
2026,"Week 37","Local authority","E92000001","England","E12000007","London","E09000019","Islington","206","Special",6,"485","4021","4062","41","701","320","381","66","4763","1969","2005","3974","47","170","48","0","0","0","0","0","90","0","0","12","9","0","2","30","0","0","62","19","280","20",6,"663","85.2823850514382","14.7176149485618","6.71845475540626","7.99916019315557","3.56917908880957","1.00776821331094","1.30170060885996","5.87864791098047","0.398908251102246","0.419903422212891","0","0","0","0","0","0","0.251942053327735","1.88956539995801"
2026,"Week 37","Local authority","E92000001","England","E12000003","Yorkshire and The Humber","E08000033","Calderdale","381","Special",4,"541","4874","4890","16","424","313","111","25","5314","2451","2413","4864","10","186","34","0","0","0","0","0","93","0","0","0","7","0","9","0","0","0","5","15","91","0",4,"638","92.0210764019571","7.97892359804291","5.89010161836658","2.08882197967633","3.50018818216033","0.639819345126082","0.0940910801656003","1.71245765901393","0.282273240496801","0","0","0","0","0","0","0","0","1.75009409108017"
2026,"Week 37","Local authority","E92000001","England","E12000007","London","E09000028","Southwark","210","Special",8,"634.6","4793","4835","42","671","453","218","83","5506","1996","2741","4737","56","175","74","0","0","0","0","0","171","0","0","33","32","0","0","0","0","10","24","27","159","8",10,"924","87.8132945877225","12.1867054122775","8.22738830366873","3.95931710860879","3.17835088993825","1.34398837631675","0.435888122048674","2.88775880857247","0.490374137304758","0.145296040682891","0","0","0","0","0","0","0.599346167816927","3.1057028695968"
2026,"Week 37","Local authority","E92000001","England","E12000002","North West","E06000049","Cheshire East","895","Special",7,"715.4","5977","6024","47","645","500","145","24","6669","3144","2814","5958","19","201","52","0","0","0","0","7","101","0","0","139","38","0","0","9","0","0","21","5","119","0",7,"828","90.3283850652272","9.67161493477283","7.49737591842855","2.17423901634428","3.01394511920828","0.779727095516569","0.314889788573999","1.78437546858599","0.0749737591842855","0","0","0","0","0.104963262858","0","0","2.08427050532314","1.51446993552257"
2026,"Week 37","Local authority","E92000001","England","E12000002","North West","E10000017","Lancashire","888","Special",29,"3510.2","30839","31338","499","3147","2323","824","219","34485","15382","15315","30697","142","859","355","0","1","3","0","14","518","0","0","573","441","0","0","56","2","0","134","77","514","99",29,"4062","90.8742931709439","9.12570682905611","6.73626214296071","2.3894446860954","2.49093808902421","1.02943308684935","0.388574742641728","1.49050311729738","0.223285486443381","0.287081339712919","0","0.0028998115122517","0.00869943453675511","0.0405973611715239","0","0","1.66159199652023","1.50210236334638"
2026,"Week 37","Local authority","E92000001","England","E12000008","South East","E06000045","Southampton","852","Special",6,"809","6480","6581","101","543","310","233","44","7124","3254","3207","6461","19","212","38","0","0","0","0","7","30","0","0","23","89","0","0","0","10","2","18","25","181","9",5,"890","92.3778775968557","7.6221224031443","4.35148792813026","3.27063447501404","2.97585626052779","0.533408197641774","0.252667040988209","2.54070746771477","0.350926445816957","0.126333520494104","0","0","0","0.0982594048287479","0","0","0.3228523301516","0.421111734980348"
2026,"Week 37","Local authority","E92000001","England","E12000002","North West","E06000050","Cheshire West and Chester","896","Special",9.8,"1099.8","9576","9718","142","931","604","327","50","10649","4844","4701","9545","31","270","87","0","0","0","0","7","131","0","0","109","22","0","16","67","8","29","54","19","203","51",10,"1270","91.2573950605691","8.74260493943093","5.67189407456099","3.07071086486994","2.53544933796601","0.816978120011269","0.507089867593201","1.90628228002629","0.178420508967978","0.478918208282468","0","0","0","0.0657338717250446","0","0","1.02357028828998","1.23016245656869"
2026,"Week 37","Local authority","E92000001","England","E12000002","North West","E08000003","Manchester","352","Special",15,"2273.6","19604","19934","330","2336","1416","920","289","22270","9610","9810","19420","184","557","170","0","0","0","0","6","329","0","0","354","330","0","0","0","0","0","169","105","562","84",15,"2743","89.5105523125281","10.4894476874719","6.35832959137854","4.1311180960934","2.50112258643916","0.763358778625954","0.758868432869331","2.52357431522227","0.471486304445442","0.377189043556354","0","0","0","0.0269420745397396","0","0","1.58958239784463","1.47732375392905"
2026,"Week 37","Local authority","E92000001","England","E12000008","South East","E06000035","Medway","887","Special",5,"1041.8","9265","9291","26","1026","627","399","151","10317","4553","4631","9184","81","300","85","0","0","0","0","0","141","0","0","101","0","0","0","0","6","20","36","70","230","63",5,"1240","90.0552486187845","9.94475138121547","6.07734806629834","3.86740331491713","2.90782204129107","0.823882911699137","0.348938644954929","2.22933023165649","0.678491809634584","0.610642628671125","0","0","0","0","0","0","0.978966753901328","1.3666763594068"
2026,"Week 37","Local authority","E92000001","England","E12000009","South West","E06000052","Cornwall","908","Special",5,"546.8","4902","4934","32","468","333","135","24","5402","2463","2417","4880","22","125","66","0","0","0","0","2","88","0","0","52","28","0","0","0","0","4","16","2","78","39",5,"581","91.3365420214735","8.66345797852647","6.16438356164384","2.49907441688264","2.31395779340985","1.2217697149204","0.296186597556461","1.44390966308775","0.0370233246945576","0.721954831543873","0","0","0","0.0370233246945576","0","0","0.962606442058497","1.62902628656053"
2026,"Week 37","Local authority","E92000001","England","E12000007","London","E09000025","Newham","316","Special",3,"262","2026","2034","8","542","433","109","54","2576","990","1011","2001","25","133","32","0","0","0","0","2","144","0","0","122","8","0","0","0","0","0","30","29","50","0",3,"322","78.9596273291926","21.0403726708075","16.8090062111801","4.23136645962733","5.16304347826087","1.24223602484472","1.16459627329193","1.94099378881988","1.12577639751553","0","0","0","0","0.077639751552795","0","0","4.7360248447205","5.59006211180124"
2026,"Week 37","Local authority","E92000001","England","E12000008","South East","E06000038","Reading","870","Special",4,"429","3287","3302","15","591","267","324","87","3893","1618","1647","3265","22","114","25","0","0","0","0","4","56","0","0","68","15","0","0","0","0","0","16","65","142","101",4,"423","84.8189057282301","15.1810942717698","6.8584639095813","8.32263036218854","2.92833290521449","0.642178268687388","0.410994091959928","3.64757256614436","1.66966349858721","2.59440020549705","0","0","0","0.102748522989982","0","0","1.74672489082969","1.43847932185975"
2026,"Week 37","Local authority","E92000001","England","E12000009","South West","E06000058","Bournemouth, Christchurch and Poole","839","Special",8,"1155.6","10269","10366","97","1078","743","335","100","11444","5087","5126","10213","56","313","146","0","0","0","0","10","81","0","0","193","77","0","0","1","4","15","38","44","222","31",8,"1333","90.5802167074449","9.41978329255505","6.49248514505418","2.92729814750087","2.73505767214261","1.27577770010486","0.332051730164278","1.93988116043341","0.384480950716533","0.270884306186648","0","0","0","0.0873820342537574","0","0","1.68647326109752","0.707794477455435"
2026,"Week 37","Local authority","E92000001","England","E12000001","North East","E06000005","Darlington","841","Special",2,"419.4","3808","3842","34","302","100","202","38","4144","1877","1915","3792","16","45","11","0","0","4","0","0","29","0","0","11","34","0","0","0","0","0","40","22","140","0",2,"462","92.7123552123552","7.28764478764479","2.41312741312741","4.87451737451737","1.08590733590734","0.265444015444015","0.965250965250965","3.37837837837838","0.530888030888031","0","0","0","0.0965250965250965","0","0","0","0.265444015444015","0.69980694980695"
2026,"Week 37","Local authority","E92000001","England","E12000005","West Midlands","E10000031","Warwickshire","937","Special",11,"1511.6","13093","13181","88","1490","882","608","109","14671","6590","6427","13017","76","371","105","0","0","0","0","5","245","0","0","156","66","0","0","0","0","22","50","33","439","86",11,"1791","89.8439097539363","10.1560902460637","6.01186013223366","4.14423011383","2.52879830959035","0.715697634789721","0.340808397518915","2.99229773021607","0.224933542362484","0.586190443732534","0","0","0","0.0340808397518915","0","0","1.06332220025901","1.66996114784268"
2026,"Week 37","Local authority","E92000001","England","E12000002","North West","E06000063","Cumberland","942","Special",3,"470.8","4295","4313","18","324","247","77","15","4637","2141","2139","4280","15","150","64","0","0","0","0","0","24","0","0","9","8","0","10","0","0","0","10","0","58","9",3,"565","93.0127237437999","6.98727625620013","5.32671986197973","1.6605563942204","3.23485011861117","1.3802027172741","0.215656674574078","1.25080871252965","0","0.19409100711667","0","0","0","0","0","0","0.19409100711667","0.517576018977787"
2026,"Week 37","Local authority","E92000001","England","E12000002","North West","E08000004","Oldham","353","Special",6,"1257.8","10634","10825","191","1711","1032","679","155","12536","5242","5298","10540","94","366","106","0","0","0","0","70","247","0","0","243","184","0","1","6","0","0","76","61","501","41",6,"1638","86.351308232291","13.648691767709","8.23229100191449","5.41640076579451","2.91959157626037","0.845564773452457","0.606253988513082","3.99649010848756","0.486598596043395","0.327058072750479","0","0","0","0.558391831525207","0","0","1.93841735800893","1.97032546266752"
2026,"Week 37","Local authority","E92000001","England","E12000001","North East","E08000023","South Tyneside","393","Special",4,"646","5836","5935","99","518","339","179","29","6453","2889","2918","5807","29","166","63","0","0","0","0","6","50","0","0","54","95","0","0","0","4","0","64","0","106","9",4,"734","91.9727258639392","8.02727413606075","5.25337052533705","2.77390361072369","2.57244692391136","0.97629009762901","0.991786765845343","1.64264683093135","0","0.139470013947001","0","0","0","0.0929800092980009","0","0","0.836820083682008","0.774833410816674"
2026,"Week 37","Local authority","E92000001","England","E12000002","North West","E08000008","Tameside","357","Special",5,"896.4","7825","7986","161","840","591","249","89","8826","3907","3854","7761","64","206","86","0","0","0","0","1","102","0","0","196","83","0","10","64","0","4","80","25","143","1",5,"927","90.4826648538409","9.51733514615908","6.69612508497621","2.82121006118287","2.33401314298663","0.974393836392477","0.906412871062769","1.6202130070247","0.283254022207115","0.0113301608882846","0","0","0","0.0113301608882846","0","0","2.22071153410378","1.15567641060503"
2026,"Week 37","Local authority","E92000001","England","E12000009","South West","E06000030","Swindon","866","Special",7,"860.4","7587","7664","77","808","584","224","34","8472","3782","3798","7580","7","281","68","0","0","0","0","0","135","0","0","100","74","0","3","0","0","0","32","27","161","4",7,"1021","90.4627006610009","9.53729933899906","6.8932955618508","2.64400377714825","3.31680830972616","0.802644003777148","0.377714825306893","1.90037771482531","0.318696883852691","0.0472143531633617","0","0","0","0","0","0","1.18035882908404","1.59348441926346"
2026,"Week 37","Local authority","E92000001","England","E12000001","North East","E06000001","Hartlepool","805","Special",3,"295.6","2608","2642","34","310","253","57","26","2952","1306","1281","2587","21","63","21","0","0","0","0","7","46","0","0","116","24","0","0","0","0","10","6","5","46","0",3,"361","89.4986449864499","10.5013550135501","8.57046070460705","1.93089430894309","2.13414634146341","0.711382113821138","0.203252032520325","1.55826558265583","0.169376693766938","0","0","0","0","0.237127371273713","0","0","3.92953929539295","1.55826558265583"
2026,"Week 37","Local authority","E92000001","England","E12000002","North West","E08000010","Wigan","359","Special",6,"940.6","8451","8581","130","758","524","234","49","9339","4210","4210","8420","31","219","140","0","0","0","0","11","119","1","0","34","118","0","0","2","0","10","64","18","146","6",6,"1105","91.883499303994","8.116500696006","5.61087910911232","2.50562158689367","2.34500481850305","1.49908983831245","0.685298211799979","1.5633365456687","0.192740122068744","0.064246707356248","0","0","0","0.117785630153121","0.0107077845593747","0","0.364064675018739","1.27422636256559"
2026,"Week 37","Local authority","E92000001","England","E12000007","London","E09000027","Richmond upon Thames","318","Special",3,"341.8","2928","3049","121","220","159","61","63","3269","1426","1440","2866","62","46","36","0","0","0","0","0","60","0","0","17","6","0","0","115","0","0","12","1","45","3",3,"350","93.2701131844601","6.72988681553992","4.8638727439584","1.86601407158152","1.40715815234017","1.10125420617926","0.367084735393087","1.37656775772407","0.0305903946160906","0.0917711838482716","0","0","0","0","0","0","0.520036708473539","1.83542367696543"
2026,"Week 37","Local authority","E92000001","England","E12000007","London","E09000018","Hounslow","313","Special",5,"875.8","7805","7815","10","759","443","316","137","8574","3811","3884","7695","110","222","65","0","0","0","0","0","135","0","0","21","6","0","4","0","0","0","74","27","189","26",5,"1006","91.147655703289","8.85234429671099","5.16678329834383","3.68556099836716","2.58922323303009","0.758105901562864","0.86307441101003","2.20433869839048","0.314905528341498","0.303242360625146","0","0","0","0","0","0","0.244926522043387","1.57452764170749"
2026,"Week 37","Local authority","E92000001","England","E12000009","South West","E06000023","Bristol, City of","801","Special",10.4,"1124.2","8119","8322","203","1415","878","537","42","9737","4105","3987","8092","27","312","52","0","0","0","0","14","215","0","0","285","189","0","0","14","0","0","149","15","338","35",11,"1346","85.4678032248126","14.5321967751874","9.01715107322584","5.51504570196159","3.20427236315087","0.534045393858478","1.5302454554791","3.47129506008011","0.154051555920715","0.359453630481668","0","0","0","0.143781452192667","0","0","2.92697956249358","2.20807230153025"
2026,"Week 37","Local authority","E92000001","England","E12000007","London","E09000021","Kingston upon Thames","314","Special",4,"556.6","4860","4888","28","571","417","154","91","5459","2356","2434","4790","70","187","71","0","0","0","0","0","80","10","0","69","26","0","0","0","0","2","28","21","104","1",4,"610","89.5402088294559","10.4597911705441","7.638761677963","2.82102949258106","3.42553581241986","1.30060450631984","0.512914453196556","1.90511082615864","0.384685839897417","0.0183183733284484","0","0","0","0","0.183183733284484","0","1.26396775966294","1.46546986627587"
2026,"Week 37","Local authority","E92000001","England","E12000006","East of England","E06000032","Luton","821","Special",4,"907.8","7579","7594","15","913","642","271","183","8507","3740","3708","7448","131","330","104","0","0","0","0","0","147","0","0","61","15","0","0","0","0","0","26","52","154","39",4,"929","89.2676619254731","10.7323380745269","7.54672622546139","3.18561184906548","3.87915834019043","1.22252262842365","0.305630657105913","1.81027389208887","0.611261314211826","0.458445985658869","0","0","0","0","0","0","0.717056541671565","1.72798871517574"
2026,"Week 37","Local authority","E92000001","England","E12000001","North East","E06000057","Northumberland","929","Special",10,"1467.6","12364","12645","281","1942","1446","496","120","14587","6121","6149","12270","94","449","110","0","0","0","0","28","257","0","0","602","241","0","3","33","4","0","92","26","326","52",10,"1615","86.6867758963461","13.3132241036539","9.91293617604717","3.40028792760677","3.0780832247892","0.754096112977309","0.630698567217385","2.23486666209639","0.178240899431","0.356481798862","0","0","0","0.191951737848769","0","0","4.12696236374854","1.76184273668335"
2026,"Week 37","Local authority","E92000001","England","E12000007","London","E09000004","Bexley","303","Special",7,"909.2","7982","8058","76","950","648","302","113","9008","3953","3935","7888","94","400","66","0","0","0","0","2","101","0","0","79","72","0","0","0","0","4","20","19","242","21",7,"964","89.4538188277087","10.5461811722913","7.19360568383659","3.35257548845471","4.4404973357016","0.732682060390764","0.22202486678508","2.68650088809947","0.210923623445826","0.233126110124334","0","0","0","0.022202486678508","0","0","0.876998223801066","1.12122557726465"
2026,"Week 37","Local authority","E92000001","England","E12000003","Yorkshire and The Humber","E08000016","Barnsley","370","Special",2,"425","3580","3649","69","563","179","384","16","4212","1775","1797","3572","8","119","50","0","0","0","0","0","2","0","1","7","45","0","0","0","4","20","50","8","264","62",3,"476","86.633428300095","13.366571699905","4.24976258309592","9.11680911680912","2.82526115859449","1.18708452041785","1.18708452041785","6.26780626780627","0.189933523266857","1.47198480531814","0","0","0","0","0","0.0237416904083571","0.1661918328585","0.0474833808167142"
2026,"Week 37","Local authority","E92000001","England","E12000007","London","E09000030","Tower Hamlets","211","Special",5,"643.8","5557","5581","24","661","471","190","180","6242","2647","2731","5378","179","239","64","0","0","0","0","11","117","2","0","38","23","0","0","0","1","0","33","1","117","39",5,"866","89.4104453700737","10.5895546299263","7.54565844280679","3.04389618711951","3.82890099327139","1.02531239987184","0.528676706183915","1.8743992310157","0.0160205062479974","0.6247997436719","0","0","0","0.176225568727972","0.0320410124959949","0","0.608779237423903","1.8743992310157"
2026,"Week 37","Local authority","E92000001","England","E12000008","South East","E10000032","West Sussex","938","Special",14,"2169.4","18178","18358","180","1837","1563","274","174","20195","9378","8655","18033","145","525","229","0","0","0","0","24","471","0","1","313","119","0","0","12","0","49","34","29","183","28",14,"2445","90.9036890319386","9.0963109680614","7.73953948997277","1.35677147808864","2.59965337954939","1.13394404555583","0.168358504580342","0.906164892300074","0.143599900965586","0.138648180242634","0","0","0","0.118841297350829","0","0.00495172072295123","1.54988858628373","2.33226046051003"
2026,"Week 37","Local authority","E92000001","England","E12000009","South West","E06000027","Torbay","880","Special",2.8,"502","4079","4212","133","604","458","146","38","4816","2019","2033","4052","27","98","36","0","0","0","0","22","244","0","2","56","127","0","0","0","0","6","10","11","124","1",3,"607","87.4584717607973","12.5415282392027","9.50996677740864","3.03156146179402","2.03488372093023","0.747508305647841","0.207641196013289","2.57475083056478","0.228405315614618","0.0207641196013289","0","0","0","0.456810631229236","0","0.0415282392026578","1.16279069767442","5.06644518272425"
2026,"Week 37","Local authority","E92000001","England","E12000008","South East","E06000040","Windsor and Maidenhead","868","Special",2,"412.2","3615","3705","90","366","208","158","79","4071","1779","1798","3577","38","80","15","6","0","0","0","0","52","0","0","55","87","0","1","0","0","2","17","41","78","22",2,"435","91.0095799557848","8.99042004421518","5.10930975190371","3.88111029231147","1.96511913534758","0.368459837877671","0.417587816261361","1.91599115696389","1.00712355686563","0.540407762220585","0.147383935151069","0","0","0","0","0","1.35101940555146","1.27732743797593"
2026,"Week 37","Local authority","E92000001","England","E12000007","London","E09000022","Lambeth","208","Special",6,"651","5527","5589","62","535","305","230","63","6124","2702","2771","5473","54","128","71","0","0","0","0","0","81","0","0","25","62","0","0","0","0","0","28","9","192","1",6,"767","91.263879817113","8.736120182887","4.98040496407577","3.75571521881123","2.09013716525147","1.15937295885042","0.457217504898759","3.1352057478772","0.146962769431744","0.0163291966035271","0","0","0","0","0","0","0.408229915088178","1.3226649248857"
2026,"Week 37","Local authority","E92000001","England","E12000001","North East","E08000022","North Tyneside","392","Special",6,"827.8","7298","7376","78","840","541","299","31","8216","3646","3633","7279","19","263","91","0","0","0","0","21","73","0","0","93","78","0","0","0","0","0","114","12","164","9",6,"992","89.7760467380721","10.2239532619279","6.58471275559883","3.63924050632911","3.20107108081792","1.10759493670886","1.38753651411879","1.99610516066212","0.146056475170399","0.109542356377799","0","0","0","0.255598831548199","0","0","1.13193768257059","0.888510223953262"
2026,"Week 37","Local authority","E92000001","England","E12000005","West Midlands","E08000030","Walsall","335","Special",7,"1032.4","9325","9401","76","784","462","322","81","10185","4637","4643","9280","45","329","69","0","0","0","0","2","62","0","0","0","26","0","0","49","1","0","70","36","151","65",7,"1131","92.3024054982818","7.69759450171821","4.5360824742268","3.16151202749141","3.23024054982818","0.677466863033873","0.687285223367698","1.48257241040746","0.353460972017673","0.638193421698576","0","0","0","0.0196367206676485","0","0","0","0.608738340697104"
2026,"Week 37","Local authority","E92000001","England","E12000001","North East","E08000024","Sunderland","394","Special",7,"922.6","8260","8324","64","860","373","487","47","9184","4095","4138","8233","27","201","54","0","0","0","0","30","45","0","0","43","64","0","0","0","0","0","78","20","388","1",7,"1075","90.6358885017422","9.36411149825784","4.06141114982578","5.30270034843206","2.18858885017422","0.587979094076655","0.849303135888502","4.22473867595819","0.217770034843206","0.0108885017421603","0","0","0","0.326655052264808","0","0","0.468205574912892","0.489982578397212"
2026,"Week 37","Local authority","E92000001","England","E12000009","South West","E10000013","Gloucestershire","916","Special",12.6,"1522.4","13333","13496","163","1442","1077","365","167","14938","6572","6621","13193","140","428","165","0","0","14","10","5","230","0","0","225","97","0","0","15","0","51","40","27","279","19",13,"1653","90.3467666354264","9.65323336457357","7.20980050876958","2.44343285580399","2.86517606105235","1.10456553755523","0.267773463649752","1.86771990895702","0.180747087963583","0.127192395233632","0","0","0.0937207122774133","0.033471682956219","0","0","1.50622573302986","1.53969741598608"
2026,"Week 37","Local authority","E92000001","England","E12000004","East Midlands","E10000018","Leicestershire","855","Special",9,"1699.4","15052","15158","106","1556","1102","454","97","16714","7489","7491","14980","72","675","195","0","0","0","0","0","170","1","0","61","76","0","0","29","0","1","103","25","291","35",9,"2019","90.690439152806","9.30956084719397","6.59327509871964","2.71628574847433","4.03853057317219","1.16668661002752","0.616249850424794","1.74105540265646","0.149575206413785","0.209405288979299","0","0","0","0","0.00598300825655139","0","0.364963503649635","1.01711140361374"
2026,"Week 37","Local authority","E92000001","England","E12000005","West Midlands","E10000028","Staffordshire","860","Special",23,"2828.8","25986","26093","107","1988","1262","726","183","28081","12875","12983","25858","128","718","208","0","0","0","0","0","203","0","2","131","105","0","0","2","0","0","173","55","405","93",23,"3241","92.9204800398846","7.07951996011538","4.49414194651188","2.5853780136035","2.5568889996795","0.740714362024144","0.61607492610662","1.44225632990278","0.195861970727538","0.331184786866565","0","0","0","0","0","0.00712225348100139","0.466507603005591","0.722908728321641"
2026,"Week 37","Local authority","E92000001","England","E12000009","South West","E06000059","Dorset","838","Special",6,"827.2","7106","7164","58","881","685","196","59","8045","3566","3511","7077","29","237","86","0","0","0","0","1","19","0","2","340","29","0","0","13","0","16","20","30","144","2",6,"993","89.0490988191423","10.9509011808577","8.51460534493474","2.43629583592293","2.94592914853947","1.06898694841516","0.248601615910503","1.78993163455562","0.372902423865755","0.0248601615910503","0","0","0","0.0124300807955252","0","0.0248601615910503","4.22622747047856","0.236171535114978"
2026,"Week 37","Local authority","E92000001","England","E12000006","East of England","E06000055","Bedford","822","Special",4,"605","5496","5501","5","428","314","114","37","5929","2729","2753","5482","14","163","44","0","0","0","0","10","61","0","0","36","5","0","0","0","0","0","18","23","56","17",4,"590","92.7812447292967","7.21875527070332","5.2960026986001","1.92275257210322","2.74919885309496","0.742115027829314","0.303592511384719","0.944510035419126","0.387923764547141","0.286726260752235","0","0","0","0.168662506324844","0","0","0.607185022769438","1.02884128858155"
2026,"Week 37","Local authority","E92000001","England","E12000004","East Midlands","E06000018","Nottingham","892","Special",6,"644.8","5657","5677","20","727","525","202","56","6404","2787","2832","5619","38","147","86","0","0","0","0","4","123","0","2","163","0","0","0","0","0","20","40","18","128","16",6,"750","88.6477201748907","11.3522798251093","8.19800124921924","3.15427857589007","2.29544034978139","1.34291068082448","0.624609618988132","1.99875078076202","0.28107432854466","0.249843847595253","0","0","0","0.0624609618988132","0","0.0312304809494066","2.54528419737664","1.92067457838851"
2026,"Week 37","Local authority","E92000001","England","E12000007","London","E09000024","Merton","315","Special",3,"552.6","4799","4809","10","506","322","184","155","5315","2277","2402","4679","120","161","45","0","0","0","0","0","92","0","0","24","10","0","0","0","0","0","8","35","141","0",3,"619","90.4797742238946","9.52022577610536","6.05832549388523","3.46190028222013","3.02916274694262","0.846660395108184","0.150517403574788","2.65286923800564","0.658513640639699","0","0","0","0","0","0","0","0.451552210724365","1.73095014111007"
2026,"Week 37","Local authority","E92000001","England","E12000002","North West","E08000014","Sefton","343","Special",6,"846.6","7313","7381","68","772","524","248","42","8153","3645","3634","7279","34","225","73","0","0","0","0","0","107","0","0","119","64","0","0","4","0","0","50","8","162","28",6,"945","90.5310928492579","9.46890715074206","6.42708205568502","3.04182509505703","2.75972034833804","0.895375935238562","0.613271188519563","1.98699865080339","0.0981233901631301","0.343431865570956","0","0","0","0","0","0","1.45958542867656","1.31240034343187"
2026,"Week 37","Local authority","E92000001","England","E12000004","East Midlands","E10000007","Derbyshire","830","Special",6.4,"746.6","6720","6733","13","660","522","138","50","7393","3343","3341","6684","36","143","62","0","0","0","0","8","160","6","0","143","10","0","0","1","0","2","43","14","76","5",10,"1246","91.0726362775599","8.92736372244015","7.06073312592993","1.86663059651021","1.93426213986203","0.838631137562559","0.581631272825646","1.02799945894765","0.189368321385094","0.0676315433518193","0","0","0","0.108210469362911","0.0811578520221831","0","1.93426213986203","2.16420938725822"
2026,"Week 37","Local authority","E92000001","England","E12000007","London","E09000010","Enfield","308","Special",7,"968.6","8345","8487","142","862","557","305","146","9349","4054","4157","8211","134","231","105","0","0","0","0","14","134","0","0","73","132","0","0","0","0","10","71","12","200","22",7,"1305","90.7797625414483","9.22023745855172","5.95785645523585","3.26238100331586","2.47085249759333","1.12311477163333","0.759439512247299","2.13926623168253","0.128355973900952","0.235319285485079","0","0","0","0.149748636217777","0","0","0.780832174564124","1.4333083752273"
2026,"Week 37","Local authority","E92000001","England","E12000007","London","E09000016","Havering","311","Special",4,"355.8","3068","3107","39","295","214","81","36","3402","1544","1497","3041","27","91","26","0","0","0","0","0","72","0","0","25","39","0","0","0","0","0","10","9","59","3",4,"439","91.3286302175191","8.67136978248089","6.29041740152851","2.38095238095238","2.67489711934156","0.764256319811875","0.293944738389183","1.73427395649618","0.264550264550265","0.0881834215167548","0","0","0","0","0","0","0.734861845972957","2.11640211640212"
2026,"Week 37","Local authority","E92000001","England","E12000006","East of England","E06000031","Peterborough","874","Special",5,"713","6132","6147","15","649","441","208","64","6796","3073","3010","6083","49","223","69","0","0","0","0","10","39","0","1","99","5","0","0","0","0","10","22","15","161","10",5,"751","90.4502648616833","9.54973513831666","6.489111241907","3.06062389640965","3.28134196586227","1.01530311948205","0.323719835197175","2.36904061212478","0.220718069452619","0.147145379635079","0","0","0","0.147145379635079","0","0.0147145379635079","1.45673925838729","0.57386698057681"
2026,"Week 37","Local authority","E92000001","England","E12000007","London","E09000013","Hammersmith and Fulham","205","Special",5,"539.6","4538","4554","16","740","580","160","87","5294","2208","2246","4454","84","215","64","0","0","0","0","2","238","0","0","61","14","0","0","0","0","2","23","3","133","1",5,"626","86.0219115980355","13.9780884019645","10.955799017756","3.02228938420854","4.06120136003022","1.20891575368342","0.434454098979977","2.51227805062335","0.0566679259539101","0.0188893086513034","0","0","0","0.0377786173026067","0","0","1.1522478277295","4.4956554590102"
2026,"Week 37","Local authority","E92000001","England","E12000008","South East","E06000043","Brighton and Hove","846","Special",3,"489.4","4210","4220","10","587","469","118","62","4807","2082","2076","4158","52","182","66","0","0","0","0","0","70","2","0","149","7","0","0","0","0","3","0","10","95","13",3,"525","87.7886415643853","12.2113584356147","9.75660495111296","2.45475348450177","3.78614520490951","1.37299771167048","0","1.97628458498024","0.208029956313709","0.270438943207822","0","0","0","0","0.0416059912627418","0","3.09964634907427","1.45620969419596"
2026,"Week 37","Local authority","E92000001","England","E12000005","West Midlands","E08000028","Sandwell","333","Special",6,"1008","8458","8518","60","974","535","439","101","9492","4199","4210","8409","49","241","66","0","0","0","0","1","55","0","0","172","39","0","0","5","12","4","74","52","308","5",6,"1125","89.7387273493468","10.2612726506532","5.63632532659081","4.62494732406237","2.53898019384745","0.695322376738306","0.77960387694901","3.24483775811209","0.547829751369574","0.0526759376316898","0","0","0","0.010535187526338","0","0","1.81205225453013","0.579435313948588"
2026,"Week 37","Local authority","E92000001","England","E12000004","East Midlands","E06000061","North Northamptonshire","940","Special",8,"1209","10997","11017","20","903","637","266","165","11920","5373","5502","10875","122","254","139","0","0","2","0","0","174","0","0","68","20","0","0","0","0","0","22","43","194","7",8,"1372","92.4244966442953","7.5755033557047","5.34395973154362","2.23154362416107","2.13087248322148","1.16610738255034","0.184563758389262","1.62751677852349","0.360738255033557","0.0587248322147651","0","0","0.0167785234899329","0","0","0","0.570469798657718","1.45973154362416"
2026,"Week 37","Local authority","E92000001","England","E12000007","London","E09000014","Haringey","309","Special",5.8,"706.2","6104","6118","14","790","512","278","65","6908","3047","3020","6067","37","256","89","0","0","0","0","5","72","0","0","90","14","0","0","0","0","0","50","28","150","50",6,"816","88.5639837869137","11.4360162130863","7.41169658367111","4.02431962941517","3.70584829183555","1.28836132020845","0.723798494499131","2.17139548349739","0.405327156919514","0.723798494499131","0","0","0","0.0723798494499131","0","0","1.30283729009844","1.04226983207875"
2026,"Week 37","Local authority","E92000001","England","E12000008","South East","E10000014","Hampshire","850","Special",27.6,"3459","29442","30101","659","3563","2761","802","377","33664","14600","14558","29158","284","1137","244","0","0","0","0","37","479","2","0","862","506","0","0","98","4","51","36","93","608","65",29,"3726","89.4159933460076","10.5840066539924","8.2016397338403","2.38236692015209","3.37749524714829","0.724809885931559","0.106939163498099","1.80608365019011","0.276259505703422","0.193084600760456","0","0","0","0.109909695817491","0.00594106463878327","0","2.56059885931559","1.42288498098859"
2026,"Week 37","Local authority","E92000001","England","E12000002","North West","E06000064","Westmorland and Furness","943","Special",3,"314.8","2819","2821","2","300","232","68","33","3121","1385","1406","2791","28","126","25","0","0","0","0","0","58","0","0","23","2","0","0","0","0","0","8","5","54","1",3,"369","90.3876962512015","9.61230374879846","7.43351489907081","2.17878884972765","4.03716757449535","0.801025312399872","0.256328099967959","1.73021467478372","0.160205062479974","0.0320410124959949","0","0","0","0","0","0","0.736943287407882","1.8583787247677"
2026,"Week 37","Local authority","E92000001","England","E12000008","South East","E10000030","Surrey","936","Special",29.4,"3447.4","28730","28899","169","2825","2035","790","442","31724","14057","14288","28345","385","668","284","0","0","12","0","25","738","4","0","304","124","0","0","9","0","36","76","57","564","93",31,"4004","91.0950699785651","8.90493002143488","6.41470180305132","2.49022821838356","2.1056613289623","0.895221283570798","0.239566258983735","1.77783381666877","0.179674694237801","0.293153448493254","0","0","0.0378262514184844","0.0788046904551759","0.0126087504728281","0","0.958265035934939","2.32631446223679"
2026,"Week 37","Local authority","E92000001","England","E12000002","North West","E08000009","Trafford","358","Special",8,"903.8","8021","8151","130","741","390","351","85","8892","4024","3964","7988","33","221","48","0","0","0","0","0","76","0","0","45","30","0","0","99","1","0","56","52","237","6",8,"1078","91.6666666666667","8.33333333333333","4.3859649122807","3.94736842105263","2.48538011695906","0.539811066126856","0.629779577147998","2.66531713900135","0.584795321637427","0.0674763832658569","0","0","0","0","0","0","0.506072874493927","0.854700854700855"
2026,"Week 37","Local authority","E92000001","England","E12000007","London","E09000031","Waltham Forest","320","Special",4,"638.2","5455","5499","44","820","501","319","130","6319","2662","2718","5380","75","183","72","0","0","0","0","0","192","0","0","54","44","0","0","0","0","0","86","55","170","8",4,"818","87.0232631745529","12.9767368254471","7.92846969457193","5.04826713087514","2.89602785250831","1.1394207944295","1.36097483779079","2.69029909795854","0.870390884633645","0.126602310492166","0","0","0","0","0","0","0.854565595822124","3.038455451812"
2026,"Week 37","Local authority","E92000001","England","E12000007","London","E09000007","Camden","202","Special",3,"282.4","2435","2462","27","346","214","132","58","2808","1157","1232","2389","46","100","32","0","0","0","0","0","69","0","0","13","17","0","0","10","0","0","22","12","80","18",5,"388","87.6780626780627","12.3219373219373","7.62108262108262","4.7008547008547","3.56125356125356","1.13960113960114","0.783475783475784","2.84900284900285","0.427350427350427","0.641025641025641","0","0","0","0","0","0","0.462962962962963","2.45726495726496"
2026,"Week 37","Local authority","E92000001","England","E12000008","South East","E06000037","West Berkshire","869","Special",3,"459.8","3738","3752","14","380","255","125","59","4132","1914","1778","3692","46","94","54","0","0","0","0","0","75","0","0","32","14","0","0","0","0","0","0","13","77","35",3,"598","90.8034849951597","9.19651500484027","6.17134559535334","3.02516940948693","2.27492739593417","1.30687318489835","0","1.86350435624395","0.314617618586641","0.847047434656341","0","0","0","0","0","0","0.774443368828654","1.81510164569216"
2026,"Week 37","Local authority","E92000001","England","E12000008","South East","E10000025","Oxfordshire","931","Special",15,"1302.8","11173","11309","136","1214","845","369","114","12523","5460","5618","11078","95","352","114","0","0","10","0","3","193","0","0","173","109","0","3","0","0","24","86","19","231","33",17,"1441","90.3058372594426","9.69416274055737","6.7475844446219","2.94657829593548","2.81082807633954","0.910325001996327","0.686736405014773","1.84460592509782","0.151720833666054","0.263515132156831","0","0","0.079853070350555","0.0239559211051665","0","0","1.3814581170646","1.54116425776571"
2026,"Week 37","Local authority","E92000001","England","E12000007","London","E09000012","Hackney","204","Special",3,"423.4","3539","3564","25","303","197","106","90","3867","1719","1730","3449","90","85","20","0","0","0","0","0","57","0","0","35","25","0","0","0","0","0","32","0","55","19",3,"519","92.1644685802948","7.8355314197052","5.09438841479183","2.74114300491337","2.19808637186449","0.517196793379881","0.82751486940781","1.42229118179467","0","0.491336953710887","0","0","0","0","0","0","0.905094388414792","1.47401086113266"
2026,"Week 37","Local authority","E92000001","England","E12000005","West Midlands","E08000026","Coventry","331","Special",8,"1208.6","10694","10750","56","1128","801","327","53","11878","5357","5305","10662","32","395","93","0","0","0","0","18","178","3","0","114","55","0","0","0","0","1","69","21","227","10",7,"1210","90.5034517595555","9.49654824044452","6.74355952180502","2.7529887186395","3.3254756693046","0.782960094291968","0.58090587641017","1.91109614413201","0.176797440646574","0.0841892574507493","0","0","0","0.151540663411349","0.0252567772352248","0","0.959757534938542","1.49856878262334"
2026,"Week 37","Local authority","E92000001","England","E12000002","North West","E08000007","Stockport","356","Special",9,"1003.2","8902","8974","72","930","653","277","131","9904","4355","4447","8802","100","279","68","0","0","0","0","2","109","0","0","195","52","0","0","0","8","12","44","31","193","9",9,"1148","90.6098546042003","9.39014539579968","6.59329563812601","2.79684975767367","2.8170436187399","0.686591276252019","0.444264943457189","1.94870759289176","0.313004846526656","0.0908723747980614","0","0","0","0.0201938610662359","0","0","1.968901453958","1.10056542810985"
2026,"Week 37","Local authority","E92000001","England","E12000006","East of England","E10000012","Essex","881","Special",24.2,"3600","31667","31940","273","3376","2624","752","250","35316","15783","15692","31475","192","1012","317","1","0","6","0","59","733","0","0","496","146","0","57","36","14","20","113","58","483","98",24,"3927","90.4405934986975","9.55940650130253","7.43006002944841","2.12934647185412","2.86555668818666","0.897610148374674","0.319968286329143","1.36765205572545","0.164231509797259","0.277494620002265","0.00283157775512516","0","0.0169894665307509","0.167063087552384","0","0","1.40446256654208","2.07554649450674"
2026,"Week 37","Local authority","E92000001","England","E12000009","South West","E06000022","Bath and North East Somerset","800","Special",3,"531","4490","4555","65","477","311","166","43","5032","2236","2224","4460","30","120","34","0","0","0","0","0","64","0","0","93","65","0","0","0","0","0","8","13","142","3",3,"595","90.5206677265501","9.47933227344992","6.18044515103339","3.29888712241653","2.38473767885533","0.675675675675676","0.158982511923688","2.82193958664547","0.258346581875994","0.0596184419713831","0","0","0","0","0","0","1.84817170111288","1.27186009538951"
2026,"Week 37","Local authority","E92000001","England","E12000004","East Midlands","E06000062","West Northamptonshire","941","Special",9,"1247.6","11120","11196","76","1095","816","279","99","12291","5487","5556","11043","77","378","110","0","0","0","0","2","133","0","0","193","60","0","3","11","0","2","54","22","174","29",9,"1392","91.091042226019","8.90895777398096","6.63900414937759","2.26995362460337","3.07542103978521","0.894963794646489","0.439345862826458","1.41567000244081","0.178992758929298","0.235945000406802","0","0","0","0.0162720689935725","0","0","1.57025465787975","1.08209258807257"
2026,"Week 37","Local authority","E92000001","England","E12000008","South East","E10000016","Kent","886","Special",27,"5905.8","50108","50594","486","6854","4824","2030","661","57448","25000","24600","49600","508","1770","498","0","0","0","0","41","968","0","4","1543","304","0","52","74","10","46","256","153","1423","198",27,"6858","88.0692104163765","11.9307895836235","8.39715917003203","3.53363041359142","3.08104720790976","0.866870909344102","0.445620387132711","2.47702269878847","0.266327809497285","0.344659518172956","0","0","0","0.0713688901267233","0","0.00696281854894861","2.68590725525693","1.68500208884556"
2026,"Week 37","Local authority","E92000001","England","E12000003","Yorkshire and The Humber","E08000018","Rotherham","372","Special",7,"1194.6","10289","10363","74","1445","872","573","60","11808","5142","5097","10239","50","322","87","0","0","0","0","26","35","0","1","401","68","0","1","0","0","5","158","10","399","6",7,"1321","87.7625338753388","12.2374661246612","7.38482384823848","4.85264227642276","2.7269647696477","0.736788617886179","1.33807588075881","3.37906504065041","0.0846883468834688","0.0508130081300813","0","0","0","0.220189701897019","0","0.00846883468834688","3.3960027100271","0.296409214092141"
2026,"Week 37","Local authority","E92000001","England","E12000005","West Midlands","E08000025","Birmingham","330","Special",27,"4323.4","36637","36793","156","5019","3248","1771","572","41812","17967","18352","36319","318","1777","397","0","0","0","0","18","818","2","0","236","126","0","0","10","0","20","363","254","1090","64",27,"5013","87.9962690136803","12.0037309863197","7.76810485028222","4.2356261360375","4.24997608342103","0.949488185209988","0.868171816703339","2.60690710800727","0.607481105902612","0.15306610542428","0","0","0","0.0430498421505788","0.00478331579450875","0","0.564431263752033","1.95637615995408"
2026,"Week 37","Local authority","E92000001","England","E12000001","North East","E06000004","Stockton-on-Tees","808","Special",4,"595","5045","5299","254","548","244","304","61","5847","2493","2519","5012","33","144","49","0","0","0","0","2","25","0","0","24","9","0","0","240","0","5","49","28","227","0",4,"697","90.6276723105866","9.37232768941337","4.17308021207457","5.19924747733881","2.46280143663417","0.838036599965794","0.838036599965794","3.8823328202497","0.478878057123311","0","0","0","0","0.0342055755088079","0","0","0.410466906105695","0.427569693860099"
2026,"Week 37","Local authority","E92000001","England","E12000005","West Midlands","E06000051","Shropshire","893","Special",3,"543.4","4600","4679","79","701","480","221","79","5380","2225","2303","4528","72","166","33","0","0","0","0","2","129","0","0","150","79","0","0","0","0","0","52","7","144","18",3,"613","86.9702602230483","13.0297397769517","8.92193308550186","4.10780669144981","3.08550185873606","0.613382899628253","0.966542750929368","2.67657992565056","0.130111524163569","0.33457249070632","0","0","0","0.0371747211895911","0","0","2.78810408921933","2.39776951672862"
2026,"Week 37","Local authority","E92000001","England","E12000005","West Midlands","E06000019","Herefordshire, County of","884","Special",4,"389.8","3387","3416","29","464","369","95","35","3880","1683","1683","3366","21","174","52","0","0","0","0","0","84","0","0","59","28","0","0","1","0","0","24","14","53","4",5,"440","88.0412371134021","11.9587628865979","9.51030927835052","2.44845360824742","4.48453608247423","1.34020618556701","0.618556701030928","1.3659793814433","0.360824742268041","0.103092783505155","0","0","0","0","0","0","1.52061855670103","2.16494845360825"
2026,"Week 37","Local authority","E92000001","England","E12000004","East Midlands","E06000016","Leicester","856","Special",8.4,"1207.2","9829","9898","69","1869","1432","437","107","11767","4854","4887","9741","88","546","130","0","0","0","0","53","133","0","0","570","66","0","1","0","2","0","62","19","307","49",8,"1295","84.1165972635336","15.8834027364664","12.1696269227501","3.71377581371633","4.64009518143962","1.10478456700943","0.526897255035268","2.60899124670689","0.16146851363984","0.416418798334325","0","0","0","0.450412169626923","0","0","4.84405540919521","1.13027959547888"
2026,"Week 37","Local authority","E92000001","England","E12000003","Yorkshire and The Humber","E06000065","North Yorkshire","815","Special",9.2,"1121.8","8179","8252","73","901","545","356","43","9153","4093","4080","8173","6","151","72","0","0","0","0","0","176","0","0","146","73","0","0","0","0","0","58","37","225","36",11,"1474","90.1562329290943","9.84376707090571","5.95433191303398","3.88943515787174","1.6497323281984","0.786627335299902","0.633672020102699","2.45821042281219","0.404239047306894","0.393313667649951","0","0","0","0","0","0","1.59510542991369","1.92286681962198"
2026,"Week 37","Local authority","E92000001","England","E12000003","Yorkshire and The Humber","E08000019","Sheffield","373","Special",13,"1746.8","14049","14167","118","2681","1878","803","86","16848","7072","6920","13992","57","911","185","0","0","0","0","22","118","0","0","642","86","0","1","16","0","15","198","29","536","40",13,"1745","84.0871320037987","15.9128679962013","11.1467236467236","4.76614434947768","5.40716999050332","1.09805318138651","1.17521367521368","3.18138651471985","0.172127255460589","0.237416904083571","0","0","0","0.130579297245964","0","0","3.81054131054131","0.700379867046534"
2026,"Week 37","Local authority","E92000001","England","E12000005","West Midlands","E06000020","Telford and Wrekin","894","Special",4,"857.2","7413","7533","120","611","429","182","64","8144","3676","3697","7373","40","184","74","0","0","0","0","0","123","0","0","48","120","0","0","0","0","0","4","24","142","12",4,"806","92.4975442043222","7.5024557956778","5.26768172888016","2.23477406679764","2.25933202357564","0.908644400785855","0.0491159135559921","1.74361493123772","0.294695481335953","0.147347740667976","0","0","0","0","0","0","0.589390962671906","1.51031434184676"
2026,"Week 37","Local authority","E92000001","England","E12000006","East of England","E10000015","Hertfordshire","919","Special",27,"3120","26545","26763","218","3575","2802","773","375","30338","13212","13017","26229","316","1006","331","0","0","0","0","38","1066","2","2","357","95","0","9","83","4","27","166","59","519","29",27,"3298","88.21609862219","11.78390137781","9.23594172325137","2.54795965455864","3.31597336673479","1.09104093875667","0.547168567473136","1.71072582240095","0.194475575186235","0.0955896894983189","0","0","0","0.125255455204694","0.00659239237919441","0.00659239237919441","1.1767420396862","3.51374513811062"
2026,"Week 37","Local authority","E92000001","England","E12000001","North East","E06000003","Redcar and Cleveland","807","Special",4,"459","3901","3964","63","318","229","89","36","4282","1913","1955","3868","33","66","29","0","0","0","0","0","71","0","0","63","63","0","0","0","0","0","22","3","64","0",4,"571","92.5735637552546","7.42643624474545","5.34796823914059","2.07846800560486","1.54133582438113","0.67725361980383","0.513778608127043","1.49462867818776","0.0700607192900514","0","0","0","0","0","0","0","1.47127510509108","1.65810368986455"
2026,"Week 37","Local authority","E92000001","England","E12000002","North West","E08000001","Bolton","350","Special",7,"1126.6","9909","9935","26","960","702","258","81","10895","5027","4804","9831","78","333","123","0","0","0","0","28","101","0","0","117","25","0","0","0","1","0","89","3","134","32",7,"1343","91.1886186324002","8.81138136759982","6.44332262505737","2.36805874254245","3.05644791188619","1.12895823772373","0.816888480954566","1.22992198256081","0.0275355667737494","0.293712712253327","0","0","0","0.256998623221661","0","0","1.07388710417623","0.927030748049564"
2026,"Week 37","Local authority","E92000001","England","E12000003","Yorkshire and The Humber","E08000036","Wakefield","384","Special",4,"549","4750","4802","52","599","425","174","7","5401","2374","2372","4746","4","128","74","0","0","0","0","7","110","0","0","106","34","0","5","11","2","0","10","3","156","5",4,"691","88.9094612108869","11.0905387891131","7.86891316422885","3.22162562488428","2.36993149416775","1.37011664506573","0.185150897981855","2.88835400851694","0.0555452693945566","0.0925754489909276","0","0","0","0.129605628587299","0","0","1.96259951860767","2.03665987780041"
2026,"Week 37","Local authority","E92000001","England","E12000008","South East","E06000041","Wokingham","872","Special",4,"502.8","4499","4512","13","417","288","129","42","4929","2245","2235","4480","19","200","22","0","0","0","0","0","52","0","0","14","10","0","0","0","0","3","24","23","57","25",4,"601","91.5398660986001","8.46013390139988","5.84297017650639","2.61716372489349","4.05761817812944","0.446337999594238","0.486914181375533","1.15642118076689","0.466626090484885","0.50720227226618","0","0","0","0","0","0","0.284033272469061","1.05498072631365"
2026,"Week 37","Local authority","E92000001","England","E12000002","North West","E08000006","Salford","355","Special",5,"1056.8","8464","8963","499","1459","921","538","120","10422","4179","4213","8392","72","353","79","0","0","0","0","12","152","0","0","325","476","0","23","0","0","0","116","48","331","43",5,"1185","86.0007676069852","13.9992323930148","8.8370754173863","5.16215697562848","3.38706582229898","0.758011897908271","1.11303012857417","3.1759739013625","0.460564191134139","0.412588754557666","0","0","0","0.115141047783535","0","0","3.11840337747073","1.45845327192477"
2026,"Week 37","Local authority","E92000001","England","E12000003","Yorkshire and The Humber","E08000035","Leeds","383","Special",10,"2080.2","16508","17031","523","2317","1072","1245","353","19348","8189","8138","16327","181","528","167","0","0","0","0","0","102","0","0","275","490","0","0","12","0","21","225","172","710","138",10,"2653","88.0246020260492","11.9753979739508","5.54062435393839","6.4347736200124","2.72896423402936","0.863138308869134","1.16291089518296","3.66962993591069","0.888980773206533","0.713252015712218","0","0","0","0","0","0","1.42133553855696","0.527186272482944"
2026,"Week 37","Local authority","E92000001","England","E12000002","North West","E06000009","Blackpool","890","Special",4,"564.8","5058","5093","35","500","309","191","63","5593","2486","2537","5023","35","128","62","0","0","0","0","31","61","0","0","27","35","0","0","0","0","0","43","28","116","4",4,"646","91.0602538887896","8.93974611121044","5.52476309672805","3.41498301448239","2.28857500446987","1.10852851779009","0.768818165564098","2.07402109780082","0.500625782227785","0.0715179688896835","0","0","0","0.554264258895047","0","0","0.482746290005364","1.09064902556767"
2026,"Week 37","Local authority","E92000001","England","E12000007","London","E09000002","Barking and Dagenham","301","Special",4,"653","5631","5631","0","872","632","240","77","6503","2778","2808","5586","45","234","68","0","0","0","0","0","221","0","0","109","0","0","0","0","0","0","37","32","170","1",4,"704","86.590804244195","13.409195755805","9.71859141934492","3.6906043364601","3.59833922804859","1.04567122866369","0.568968168537598","2.61417807165923","0.492080578194679","0.0153775180685837","0","0","0","0","0","0","1.67614946947563","3.398431493157"
2026,"Week 37","Local authority","E92000001","England","E12000002","North West","E08000013","St. Helens","342","Special",4,"440.6","3875","3896","21","458","211","247","41","4354","1913","1930","3843","32","136","61","0","0","0","0","0","2","0","0","12","20","0","0","1","0","0","51","9","169","18",4,"548","89.4809370693615","10.5190629306385","4.84611851171337","5.67294441892513","3.12356453835553","1.4010105649977","1.17133670188333","3.88148828663298","0.20670647680294","0.41341295360588","0","0","0","0","0","0","0.275608635737253","0.0459347726228755"
2026,"Week 37","Local authority","E92000001","England","E12000008","South East","E06000039","Slough","871","Special",2,"391.6","3454","3454","0","424","249","175","62","3878","1674","1731","3405","49","123","72","0","0","0","0","0","54","0","0","0","0","0","0","0","0","0","0","13","162","0",2,"422","89.0665291387313","10.9334708612687","6.42083548220732","4.51263537906137","3.17173800928314","1.85662712738525","0","4.17741103661681","0.335224342444559","0","0","0","0","0","0","0","0","1.39247034553894"
2026,"Week 37","Local authority","E92000001","England","E12000003","Yorkshire and The Humber","E08000017","Doncaster","371","Special",7,"866.2","7780","7786","6","772","540","232","18","8558","3907","3857","7764","16","277","84","0","0","0","0","10","112","0","2","55","0","0","0","0","0","6","48","2","175","7",7,"968","90.9792007478383","9.02079925216172","6.30988548726338","2.71091376489834","3.23673755550362","0.981537742463192","0.560878709978967","2.04487029679832","0.0233699462491236","0.0817948118719327","0","0","0","0.116849731245618","0","0.0233699462491236","0.6426735218509","1.30871698995092"
2026,"Week 37","Local authority","E92000001","England","E12000007","London","E09000017","Hillingdon","312","Special",9,"1135.4","8809","8874","65","1065","592","473","127","9939","4302","4393","8695","114","343","103","0","0","0","0","0","82","0","4","60","63","0","0","1","0","1","117","13","288","55",9,"1339","89.284636281316","10.715363718684","5.95633363517456","4.75903008350941","3.4510514136231","1.0363215615253","1.17718080289768","2.89767582251736","0.130797866988631","0.553375591105745","0","0","0","0","0","0.0402454975349633","0.603682463024449","0.825032699466747"
2026,"Week 37","Local authority","E92000001","England","E12000004","East Midlands","E06000015","Derby","831","Special",6.2,"854.8","6966","6984","18","958","598","360","36","7942","3482","3455","6937","29","187","77","0","0","0","0","0","78","0","0","256","18","0","0","0","0","0","39","7","302","12",7,"1150","87.9375472173256","12.0624527826744","7.52958952404936","4.53286325862503","2.35457063711911","0.969529085872576","0.491060186351045","3.80256862251322","0.0881390078065978","0.151095441954168","0","0","0","0","0","0","3.22336942835558","0.98212037270209"
2026,"Week 37","Local authority","E92000001","England","E12000006","East of England","E10000003","Cambridgeshire","873","Special",13,"1738.8","15087","15213","126","1899","1408","491","122","17112","7533","7495","15028","59","485","167","0","0","0","0","25","153","0","0","578","71","0","0","0","11","44","98","63","310","20",13,"1972","88.9025245441795","11.0974754558205","8.22814399251987","2.86933146330061","2.83426834969612","0.975923328658252","0.572697522206639","1.81159420289855","0.368162692847125","0.116877045348294","0","0","0","0.146096306685367","0","0","3.37774661056569","0.894109396914446"
2026,"Week 37","Local authority","E92000001","England","E12000001","North East","E08000037","Gateshead","390","Special",4,"603","5516","5529","13","419","317","102","18","5948","2787","2716","5503","13","163","74","0","0","0","0","0","78","0","2","0","13","0","0","0","0","0","40","5","57","0",6,"887","92.955615332885","7.044384667115","5.32952252858104","1.71486213853396","2.7404169468729","1.24411566913248","0.672494956287828","0.958305312710155","0.0840618695359785","0","0","0","0","0","0","0.0336247478143914","0","1.31136516476126"
2026,"Week 37","Regional","E92000001","England","E12000003","Yorkshire and The Humber","","","","Special",82.6,"12342.8","102611","103741","1130","13140","8135","5005","829","116881","51196","50926","102122","489","3762","1063","0","0","0","0","69","1385","0","4","1852","964","0","16","70","7","73","1034","340","3280","351",90,"14978","88.7577963912013","11.2422036087987","6.96007049905459","4.2821331097441","3.21865829347798","0.909472027104491","0.884660466628451","2.80627304694518","0.290894157305293","0.300305438865171","0","0","0","0.0590344025119566","0","0.00342228420359169","1.58451758626295","1.18496590549362"
2026,"Week 37","Regional","E92000001","England","E12000005","West Midlands","","","","Special",128.2,"18934.6","165744","166812","1068","18560","12118","6442","1804","185372","82033","82569","164602","1142","5807","1513","2","0","18","0","114","2757","5","3","1899","905","0","0","71","15","77","1109","662","4165","506",129,"21216","89.9877004078286","10.0122995921714","6.53712534794899","3.47517424422243","3.13261981313251","0.816196620848888","0.598256478864122","2.24683339447166","0.3571197376087","0.272964633277949","0.00107891159398399","0","0.0097102043458559","0.0614979608570874","0.00269727898495997","0.00161836739097598","1.0244265584878","1.48727963230693"
2026,"Week 37","Regional","E92000001","England","E12000009","South West","","","","Special",97.4,"12809.6","108797","110249","1452","12548","8660","3888","830","122797","54245","53983","108228","569","3199","1066","0","0","16","10","107","1832","2","4","2424","1190","0","11","136","11","104","458","261","2735","434",100,"14340","89.7815093202603","10.2184906797397","7.05228955104766","3.16620112869207","2.60511250274844","0.868099383535428","0.372973281106216","2.2272531087893","0.212545909102014","0.353428829694536","0","0","0.013029634274453","0.0871356792104042","0.00162870428430662","0.00325740856861324","1.97398959257962","1.49189312442486"
2026,"Week 37","Regional","E92000001","England","E12000002","North West","","","","Special",174.8,"24817.2","215959","218787","2828","24647","15829","8818","2110","243434","107427","107109","214536","1423","6711","2235","0","1","3","0","295","3377","1","0","3206","2331","0","60","344","28","65","1743","687","5596","792",177,"28501","89.8752844713557","10.1247155286443","6.5023784680858","3.62233706055851","2.75680471914359","0.918113328458638","0.716005159509354","2.29877502731747","0.282212016398695","0.325344857332994","0","0.000410788961279032","0.0012323668838371","0.121182743577315","0.000410788961279032","0","1.31698940986058","1.38723432223929"
2026,"Week 37","Regional","E92000001","England","E12000001","North East","","","","Special",64.6,"9662.8","83686","84887","1201","9617","5704","3913","617","94504","41661","41610","83271","415","2401","824","0","0","4","0","135","992","3","2","1343","803","0","3","332","14","49","733","202","2683","295",66,"10965","89.8237111656649","10.1762888343351","6.03572335562516","4.1405654787099","2.54063320071108","0.871920765258613","0.7756285448235","2.83903326843308","0.213747566240582","0.312156099212732","0","0","0.00423262507407094","0.142851096249894","0.0031744688055532","0.00211631253703547","1.42110386861932","1.04969101836959"
2026,"Week 37","Regional","E92000001","England","E12000008","South East","","","","Special",183,"26572.8","224014","226382","2368","27195","18907","8288","2912","253577","111300","110559","221859","2155","7424","2191","10","0","22","0","274","4349","11","5","4621","1692","0","57","196","52","371","926","757","5439","1166",187,"29934","89.2754469056736","10.7245530943264","7.45611786557929","3.26843522874709","2.92771032073098","0.864037353545471","0.365175075026521","2.14491061886528","0.298528652046518","0.459820882808772","0.00394357532426048","0","0.00867586571337306","0.108053963884737","0.00433793285668653","0.00197178766213024","1.82232615734077","1.71506090852088"
2026,"Week 37","Regional","E92000001","England","E12000007","London","","","","Special",159.4,"20148.2","170206","171405","1199","21159","13859","7300","2839","192564","83288","84680","167968","2238","6096","2113","1","0","1","0","73","4025","31","6","1513","944","0","6","165","1","83","1198","601","4592","909",166,"24579","89.0119648532436","10.9880351467564","7.1970877214848","3.7909474252716","3.16570075403502","1.09729752186286","0.622130824037722","2.38466172285578","0.312104027751812","0.472050850626285","0.000519307866475561","0","0.000519307866475561","0.037909474252716","0.0160985438607424","0.00311584719885337","0.785712801977524","2.09021416256413"
2026,"Week 37","Regional","E92000001","England","E12000006","East of England","","","","Special",120.2,"16479","142773","144007","1234","16419","12316","4103","1410","160426","71437","70305","141742","1031","4719","1559","1","0","14","0","191","3253","4","3","2572","835","0","69","158","29","143","633","379","2768","323",120,"17987","89.7653746898882","10.2346253101118","7.6770598282074","2.55756548190443","2.94154314138606","0.971787615473801","0.394574445538753","1.72540610624213","0.236245995038211","0.201338935085335","0.000623340356301348","0","0.00872676498821887","0.119058008053557","0.00249336142520539","0.00187002106890404","1.60323139640707","2.02772617904828"
2026,"Week 37","Regional","E92000001","England","E12000004","East Midlands","","","","Special",82.8,"11236.2","97156","97589","433","11523","8600","2923","743","109112","48197","48406","96603","553","3426","1146","0","0","2","0","97","1516","8","2","2403","330","0","7","47","7","42","490","190","2070","173",87,"12922","89.4392917369309","10.5607082630691","7.88180951682675","2.67889874624239","3.13989295402889","1.0502969425911","0.449079844563384","1.89713322091062","0.174133000953149","0.158552679815236","0","0","0.00183297895740157","0.0888994794339761","0.00733191582960628","0.00183297895740157","2.20232421731798","1.38939804971039"
2026,"Week 37","National","E92000001","England","","","","","","Special",1093,"153003.2","1310946","1323859","12913","154808","104128","50680","14094","1478667","650784","650147","1300931","10015","43545","13710","14","1","80","10","1355","23486","65","29","21833","9994","0","229","1519","164","1007","8324","4079","33328","4949",1122,"175422","89.5305704394566","10.4694295605434","7.04201825022131","3.42741131032207","2.94488211341702","0.927186445629746","0.56293945830941","2.25392194456223","0.275856565406545","0.334693342043881","0.000946798704508858","6.76284788934899e-05","0.00541027831147919","0.0916365889006788","0.00439585112807684","0.00196122588791121","1.47653257968156","1.5883224552925"
2026,"Week 37","Local authority","E92000001","England","E12000003","Yorkshire and The Humber","E06000014","York","816","Special",2,"327","1822","1827","5","121","100","21","7","1948","913","903","1816","6","33","11","0","0","0","0","0","45","0","0","11","5","0","0","0","0","0","10","1","8","2",2,"365","93.788501026694","6.21149897330595","5.13347022587269","1.07802874743326","1.69404517453799","0.564681724845996","0.513347022587269","0.410677618069815","0.0513347022587269","0.102669404517454","0","0","0","0","0","0","0.564681724845996","2.31006160164271"
2026,"Week 37","Local authority","E92000001","England","E12000001","North East","E06000001","Hartlepool","805","Total",37.8,"11999.6","112370","112990","620","6302","3075","3227","1341","119292","55343","55880","111223","1147","2017","319","0","0","6","0","212","328","1","0","192","80","0","59","471","0","10","1140","194","1730","163",38,"14687","94.7171646044999","5.28283539550012","2.57770848003219","2.70512691546793","1.69080910706502","0.267411058578949","0.955638265768031","1.45022298226201","0.162626161016665","0.136639506421219","0","0","0.00502967508298964","0.177715186265634","0.000838279180498273","0","0.160949602655668","0.274955571203434"
2026,"Week 37","Local authority","E92000001","England","E12000001","North East","E06000002","Middlesbrough","806","Total",54.6,"20775.4","188593","189850","1257","12052","4790","7262","4564","201902","92261","92140","184401","4192","3021","545","0","0","0","0","319","702","0","7","196","322","0","142","714","0","79","2309","372","4257","324",54,"25131","94.0307674020069","5.96923259799309","2.37243811354023","3.59679448445285","1.49627046785074","0.269932937761884","1.14362413448108","2.10844865330705","0.184247803389763","0.160473893274955","0","0","0","0.157997444304663","0","0.00346702855840953","0.0970767996354667","0.34769343542907"
2026,"Week 37","Local authority","E92000001","England","E12000001","North East","E06000003","Redcar and Cleveland","807","Total",58,"16758","156786","157954","1168","8278","4374","3904","2257","166232","76865","78014","154879","1907","2875","465","0","0","0","0","273","445","1","1","314","140","0","174","785","0","69","1176","350","2260","118",59,"20284","95.0202127147601","4.97978728523991","2.63126233216228","2.34852495307763","1.72951056354974","0.279729534626305","0.707445016603301","1.35954569517301","0.210549112084316","0.0709851292169979","0","0","0","0.164228307425766","0.000601568891669474","0.000601568891669474","0.188892631984215","0.267698156792916"
2026,"Week 37","Local authority","E92000001","England","E12000001","North East","E06000004","Stockton-on-Tees","808","Total",77,"25707.6","240911","241974","1063","11823","5801","6022","3966","253797","118230","119127","237357","3554","3625","762","0","0","0","0","509","713","3","2","187","210","0","26","677","4","146","1934","412","3401","275",77,"29777","95.3415525006206","4.65844749937943","2.28568501597734","2.37276248340209","1.42830687517977","0.30023995555503","0.762026343889014","1.3400473606859","0.162334464158363","0.10835431466881","0","0","0","0.200553986059725","0.00118204706911429","0.000788031379409528","0.0736809339747909","0.280933186759497"
2026,"Week 37","Local authority","E92000001","England","E12000001","North East","E06000005","Darlington","841","Total",39,"13346","125320","126166","846","6301","3744","2557","1599","132467","61492","62446","123938","1382","2247","369","0","0","282","0","153","563","0","3","127","220","0","39","515","0","72","804","217","1476","60",40,"15631","95.2433436252048","4.75665637479523","2.82636430205259","1.93029207274265","1.69627152422868","0.278559943231144","0.606943616145908","1.11423977292458","0.163814383959779","0.0452942997123812","0","0","0.212883208648192","0.115500464266572","0","0.00226471498561906","0.0958729343912069","0.425011512301177"
2026,"Week 37","Local authority","E92000001","England","E12000001","North East","E06000047","County Durham","840","Total",246.4,"58131.4","545482","548557","3075","26289","15473","10816","5867","574846","268913","271104","540017","5465","10398","1859","16","6","42","0","481","2106","11","3","551","1658","0","82","1171","8","156","3474","402","6068","872",247,"70591","95.4267751710893","4.5732248289107","2.69167742317073","1.88154740573997","1.80883227855808","0.323390960361558","0.604335769927946","1.05558706157823","0.0699317730313858","0.151692801202409","0.00278335415050292","0.00104375780643859","0.00730630464507016","0.083674584149494","0.00191355597847076","0.000521878903219297","0.0958517585579442","0.366358990059946"
2026,"Week 37","Local authority","E92000001","England","E12000001","North East","E06000057","Northumberland","929","Total",164.2,"35866.2","334841","336298","1457","18118","11244","6874","5362","354416","163558","166225","329783","5058","6387","1147","1","0","34","0","386","1645","22","13","1609","601","0","82","443","35","296","2525","304","3790","255",164,"42515","94.8879283102343","5.1120716897657","3.17254300031601","1.93952868944969","1.80211954313575","0.323630987314342","0.712439618978827","1.06936481422961","0.0857749085820053","0.0719493476592479","0.00028215430454607","0","0.00959324635456638","0.108911561554783","0.00620739470001354","0.00366800595909891","0.453986276014627","0.464143830978285"
2026,"Week 37","Local authority","E92000001","England","E12000001","North East","E08000021","Newcastle upon Tyne","391","Total",94,"34648","266463","267599","1136","16239","7152","9087","5791","283838","132290","128826","261116","5347","4443","768","0","0","0","0","594","798","16","6","527","263","0","14","797","12","50","2746","444","5381","516",96,"42305","94.2787787399855","5.72122126001452","2.51974717972928","3.20147408028523","1.56532951895095","0.270576878360191","0.967453265595163","1.89579971673983","0.156427257801986","0.181793840148254","0","0","0","0.20927430435671","0.00563701829917065","0.002113881862189","0.185669290228933","0.281146287671136"
2026,"Week 37","Local authority","E92000001","England","E12000001","North East","E08000022","North Tyneside","392","Total",74.6,"24599.8","227084","227844","760","11665","6665","5000","3382","239509","111449","112476","223925","3159","4580","724","0","0","0","0","281","626","2","6","438","268","0","60","360","0","72","1981","223","2508","288",76,"29376","95.1296193462459","4.87038065375414","2.78277643011327","2.08760422364087","1.91224546885503","0.302285091583197","0.827108793406511","1.04714227857826","0.0931071483743826","0.120246003281714","0","0","0","0.117323357368617","0.000835041689456346","0.00250512506836904","0.18287412999094","0.261368048799836"
2026,"Week 37","Local authority","E92000001","England","E12000001","North East","E08000023","South Tyneside","393","Total",57,"18781.2","176067","177134","1067","9645","6330","3315","1999","186779","86551","87654","174205","1862","4461","529","2","0","0","0","169","784","0","1","384","458","0","7","477","4","121","1422","137","1374","382",57,"22363","94.8361432495088","5.16385675049122","3.38903195755411","1.77482479293711","2.38838413311989","0.283222417937777","0.761327558237275","0.735628737706059","0.0733487169328458","0.204519780060928","0.00107078418880067","0","0","0.0904812639536565","0","0.000535392094400334","0.205590564249728","0.419747402009862"
2026,"Week 37","Local authority","E92000001","England","E12000001","North East","E08000024","Sunderland","394","Total",105,"33093.6","298796","299627","831","16097","7685","8412","3739","315724","146698","148687","295385","3411","4827","906","12","0","24","0","507","913","6","0","490","441","0","40","217","22","111","2882","328","4768","434",106,"39998","94.9015595900217","5.09844040997833","2.43408800091219","2.66435240906615","1.52886698508824","0.286959496268893","0.912822591884051","1.51017977727382","0.103888206154743","0.137461833753532","0.00380078803005156","0","0.00760157606010313","0.160583294269679","0.00190039401502578","0","0.155198844560439","0.289176622619757"
2026,"Week 37","Local authority","E92000001","England","E12000001","North East","E08000037","Gateshead","390","Total",71.6,"21409","201451","202873","1422","9820","5079","4741","2190","212693","99232","100209","199441","2010","3367","540","0","0","0","0","287","596","22","6","261","453","0","59","559","2","349","1390","180","3060","111",82,"28249","95.3830168364732","4.61698316352677","2.387948827653","2.22903433587377","1.58303282195465","0.253887057872144","0.653524093411631","1.43869332794215","0.0846290192907148","0.0521878952292741","0","0","0","0.134936269646862","0.0103435468021985","0.00282096730969049","0.122712077971536","0.280216086095922"
2026,"Week 37","Local authority","E92000001","England","E12000002","North West","E06000006","Halton","876","Total",62,"16235.2","152402","152733","331","8268","4126","4142","3180","161001","73705","75812","149517","2885","2878","428","0","0","10","0","104","564","0","7","135","113","0","42","37","10","129","969","295","2749","129",62,"18055","94.8646281700114","5.13537182998863","2.56271700175775","2.57265482823088","1.78756653685381","0.265836858156161","0.601859615778784","1.70744281091422","0.183228675598288","0.0801237259395904","0","0","0.00621114154570468","0.0645958720753287","0","0.00434779908199328","0.0838504108670133","0.350308383177744"
2026,"Week 37","Local authority","E92000001","England","E12000002","North West","E06000007","Warrington","877","Total",85,"27785.8","264283","264958","675","10792","6737","4055","3980","275750","128995","131673","260668","3615","4303","849","0","0","0","0","109","1195","2","14","265","220","0","58","151","0","246","1102","365","2050","538",87,"31235","96.0863100634633","3.91368993653672","2.44315503173164","1.47053490480508","1.56047144152312","0.307887579329102","0.399637352674524","0.743427017225748","0.132366273798731","0.195104261106074","0","0","0","0.0395285584768812","0.000725294650951949","0.00507706255666364","0.0961015412511333","0.43336355394379"
2026,"Week 37","Local authority","E92000001","England","E12000002","North West","E06000008","Blackburn with Darwen","889","Total",71,"23981.6","223889","224792","903","9772","5502","4270","3994","234564","109774","110460","220234","3655","3593","644","3","0","2","0","127","939","8","22","164","238","0","37","583","2","43","1524","339","2112","295",71,"27378","95.8339728176532","4.16602718234682","2.34562848518954","1.82039869715728","1.53177810746747","0.274551934653229","0.649716068961989","0.900393922341024","0.144523456284852","0.125765249569414","0.00127896863968895","0","0.000852645759792637","0.0541430057468324","0.00341058303917055","0.009379103357719","0.0699169523029962","0.400317184222643"
2026,"Week 37","Local authority","E92000001","England","E12000002","North West","E06000009","Blackpool","890","Total",42,"16708.4","155812","157367","1555","7127","3188","3939","2279","164494","76156","77712","153868","1944","2121","416","1","0","30","0","90","413","0","10","107","253","0","74","1221","7","0","977","335","2349","278",43,"19371","95.6673191727358","4.33268082726422","1.93806461025934","2.39461621700488","1.28940873223339","0.252896762191934","0.593942636205576","1.42801561151167","0.203654844553601","0.169003124734033","0.000607924909115226","0","0.0182377472734568","0.0547132418203704","0","0.00607924909115226","0.0650479652753292","0.251072987464588"
2026,"Week 37","Local authority","E92000001","England","E12000002","North West","E06000049","Cheshire East","895","Total",151.8,"46933.8","444827","446712","1885","17838","13355","4483","5842","464550","217843","221632","439475","5352","9000","1359","12","0","0","0","312","1602","8","31","1031","549","0","219","718","20","379","1534","490","2230","229",154,"56769","96.1601549886987","3.83984501130126","2.87482509955871","0.965019911742547","1.93735873425896","0.292541168873103","0.330212033150361","0.480034441933053","0.105478419976321","0.0492950166828113","0.00258314497901195","0","0","0.0671617694543106","0.00172209665267463","0.0066731245291142","0.221935206113443","0.344849854698095"
2026,"Week 37","Local authority","E92000001","England","E12000002","North West","E06000050","Cheshire West and Chester","896","Total",156.4,"42114.6","394628","396578","1950","18519","11866","6653","6965","415097","192528","195826","388354","6274","7786","1293","2","0","185","0","376","1479","6","13","726","768","0","151","770","12","249","2042","691","3495","425",158,"50068","95.5386331387603","4.46136686123966","2.85860895164263","1.60275790959703","1.87570616024688","0.311493458155564","0.491933210791694","0.841971876452974","0.166467114915309","0.102385707437057","0.000481815093821444","0","0.0445678961784836","0.0905812376384315","0.00144544528146433","0.00313179810983939","0.174898879057184","0.356302261880958"
2026,"Week 37","Local authority","E92000001","England","E12000002","North West","E06000063","Cumberland","942","Total",166.8,"31655.4","298871","299998","1127","13897","8819","5078","3955","313895","146784","148443","295227","3644","6217","921","0","0","60","0","242","1094","0","4","281","232","0","328","540","15","12","1564","311","2863","340",167,"38469","95.572723362908","4.42727663709202","2.80953822137976","1.61773841571226","1.98059860781471","0.293410216792239","0.498255786170535","0.912088437216267","0.0990777170709951","0.108316475254464","0","0","0.019114672103729","0.0770958441517068","0","0.00127431147358193","0.0895203810191306","0.348524188024658"
2026,"Week 37","Local authority","E92000001","England","E12000002","North West","E06000064","Westmorland and Furness","943","Total",141.8,"24068.2","222748","225128","2380","10583","6983","3600","2659","235711","110959","109341","220300","2448","4570","793","42","0","9","0","137","1038","13","5","376","702","0","225","1241","154","58","1239","211","1852","298",144,"29709","95.5101798388705","4.48982016112952","2.96252614430383","1.52729401682569","1.93881490469261","0.336428932039659","0.525643690790841","0.785707921989216","0.0895163993195057","0.126426004726127","0.0178184301962997","0","0.00381823504206422","0.0581220223069776","0.00551522839409277","0.00212124169003568","0.159517375090683","0.440369774851407"
2026,"Week 37","Local authority","E92000001","England","E12000002","North West","E08000001","Bolton","350","Total",124,"45683.8","430073","431201","1128","20881","11995","8886","8735","452082","208525","213637","422162","7911","7778","1239","16","0","60","0","912","1585","6","11","388","359","0","90","599","5","75","3073","824","4373","616",124,"53202","95.381147667901","4.61885233209904","2.65327971474202","1.96557261735703","1.72048433691233","0.274065324432293","0.679743940258626","0.967302392043921","0.182267818670064","0.136258466384417","0.00353918094504979","0","0.0132719285439367","0.201733313867838","0.00132719285439367","0.00243318689972173","0.0858251379174575","0.350600112368995"
2026,"Week 37","Local authority","E92000001","England","E12000002","North West","E08000002","Bury","351","Total",79.6,"24253.4","229076","229680","604","11012","6541","4471","5134","240692","110716","113717","224433","4643","4283","684","3","0","16","0","206","977","19","6","347","202","0","29","287","0","86","1072","491","2638","270",82,"26189","95.4248583251625","4.57514167483755","2.71758097485583","1.85756069998172","1.77945257839895","0.284180612567098","0.445382480514516","1.09600651454972","0.203995147325212","0.112176557592276","0.00124640619546973","0","0.00664749970917189","0.085586558755588","0.00789390590464162","0.00249281239093946","0.144167649942665","0.405912950991308"
2026,"Week 37","Local authority","E92000001","England","E12000002","North West","E08000003","Manchester","352","Total",182,"75705.6","703948","707167","3219","36175","17131","19044","16980","743342","338997","349974","688971","14977","11003","1791","10","1","17","0","516","2305","20","31","1437","1061","0","118","2004","1","35","5038","2003","10294","1709",185,"90757","95.133464811621","4.86653518837897","2.30459196439862","2.56194322398035","1.4802069572283","0.24093889488284","0.67774994551633","1.38482690336346","0.269458741736643","0.229907633363916","0.00134527579499073","0.000134527579499073","0.00228696885148424","0.0694162310215217","0.00269055158998146","0.00417035496447127","0.193316131740168","0.310086070745364"
2026,"Week 37","Local authority","E92000001","England","E12000002","North West","E08000004","Oldham","353","Total",104,"38468.6","360533","361396","863","18948","8697","10251","7425","380344","174634","179211","353845","6688","5741","1194","0","0","8","0","278","903","15","39","519","567","0","62","176","2","56","3839","737","5400","275",107,"44348","95.0181940559073","4.98180594409272","2.28661422291399","2.69519172117872","1.50942304860863","0.313926340365564","1.00934943104137","1.41976736848747","0.193771953810235","0.0723029678396399","0","0","0.00210335906442589","0.0730917274887996","0.00394379824579854","0.0102538754390762","0.136455419304629","0.237416654397072"
2026,"Week 37","Local authority","E92000001","England","E12000002","North West","E08000005","Rochdale","354","Total",86,"32599.2","306121","307898","1777","15930","7577","8353","5518","323828","148953","152482","301435","4686","4918","889","4","0","0","0","171","1169","36","6","384","435","0","43","1215","0","84","2643","832","4653","225",88,"37353","95.0807218646936","4.9192781353064","2.33982237484096","2.57945576046543","1.51870746198599","0.274528453376484","0.816174018306014","1.43687389601887","0.256926516545821","0.0694813295947231","0.00123522363723952","0","0","0.0528058104919896","0.0111170127351557","0.00185283545585928","0.118581469174994","0.36099410798325"
2026,"Week 37","Local authority","E92000001","England","E12000002","North West","E08000006","Salford","355","Total",96.4,"32577","300402","301869","1467","18375","8445","9930","6341","320244","145326","149461","294787","5615","5092","767","0","0","42","0","410","1262","19","9","844","778","0","94","412","0","183","2828","726","5949","427",97,"37685","94.2621875819687","5.73781241803125","2.63705174804212","3.10076066998913","1.5900375963328","0.239504877530883","0.883076654051286","1.85764604489077","0.226702139618541","0.133335831428536","0","0","0.0131149998126429","0.128027379123418","0.00593297610571939","0.00281035710270918","0.263549043854061","0.394074518179888"
2026,"Week 37","Local authority","E92000001","England","E12000002","North West","E08000007","Stockport","356","Total",108.4,"36765.4","347156","348490","1334","15457","9588","5869","5647","363947","168887","173222","342109","5047","6625","1000","4","0","0","0","148","1249","19","3","540","343","0","37","822","8","124","1360","600","3487","422",108,"41748","95.7529530398657","4.24704696013431","2.63444952149626","1.61259743863804","1.82031999164714","0.274765281758058","0.373680783190959","0.958106537490349","0.164859169054835","0.115950948901901","0.00109906112703223","0","0","0.0406652617001926","0.00522054035340311","0.000824295845274175","0.148373252149351","0.343181836915815"
2026,"Week 37","Local authority","E92000001","England","E12000002","North West","E08000008","Tameside","357","Total",96,"31608.2","299154","300061","907","13909","6725","7184","4644","313970","145904","149225","295129","4025","4326","768","0","0","1","0","339","734","28","7","522","504","0","78","264","0","61","2135","619","4090","340",98,"36039","95.569958913272","4.43004108672803","2.14192438768035","2.28811669904768","1.37783864700449","0.244609357581935","0.680001274007071","1.30267222983088","0.197152594196898","0.108290601012836","0","0","0.000318501767684811","0.107972099245151","0.0089180494951747","0.00222951237379367","0.166257922731471","0.233780297480651"
2026,"Week 37","Local authority","E92000001","England","E12000002","North West","E08000009","Trafford","358","Total",88,"35167.6","333049","335431","2382","12582","8755","3827","4417","348013","163554","165401","328955","4094","6530","924","7","2","4","0","137","861","6","17","267","308","0","379","1595","7","93","1032","323","1908","564",89,"42810","96.3846178160011","3.61538218399887","2.51571062000557","1.0996715639933","1.87636668745133","0.265507323002302","0.296540646470103","0.548255381264493","0.0928126248157397","0.162062911442963","0.0020114191136538","0.000574691175329657","0.00114938235065931","0.0393663455100815","0.00172407352598897","0.00488487499030209","0.0767212719065092","0.247404550979417"
2026,"Week 37","Local authority","E92000001","England","E12000002","North West","E08000010","Wigan","359","Total",123,"41823.8","395654","399080","3426","18205","11417","6788","6620","417285","192772","196838","389610","6044","7913","1265","4","0","8","0","306","1578","5","10","328","534","0","185","2535","0","172","2193","576","3605","414",124,"47715","95.6372742849611","4.36272571503888","2.7360197466959","1.62670596834298","1.89630588207101","0.303150125214182","0.525540098493835","0.86391794576848","0.13803515582875","0.0992127682519142","0.000958577471032987","0","0.00191715494206597","0.0733311765340235","0.00119822183879123","0.00239644367758247","0.0786033526247049","0.378158812322513"
2026,"Week 37","Local authority","E92000001","England","E12000002","North West","E08000011","Knowsley","340","Total",60,"18369.4","168902","170166","1264","10301","4291","6010","4325","180467","80578","84242","164820","4082","2617","431","20","0","0","0","233","680","1","2","307","266","0","6","927","15","50","1716","243","3824","227",60,"21628","94.2920312300864","5.70796876991361","2.37772002637601","3.3302487435376","1.45012661594641","0.238824826699618","0.950866363379454","2.11894695429081","0.134650656352685","0.125784769514648","0.0110823585475461","0","0","0.129109477078912","0.000554117927377304","0.00110823585475461","0.170114203704832","0.376800190616567"
2026,"Week 37","Local authority","E92000001","England","E12000002","North West","E08000012","Liverpool","341","Total",158.4,"62305.4","578308","580422","2114","33345","13686","19659","15320","613767","276747","287363","564110","14198","9093","1731","2","0","4","0","527","1791","4","26","508","412","0","234","976","8","484","5839","1122","11565","1133",162,"75812","94.5671565919966","5.43284340800336","2.22983640371672","3.20300700428664","1.48150682588018","0.282028848080786","0.951338211405957","1.88426552747215","0.182805527178881","0.184597738229654","0.000325856554686062","0","0.000651713109372123","0.0858632021597772","0.000651713109372123","0.0042361352109188","0.0827675648902597","0.291804544721368"
2026,"Week 37","Local authority","E92000001","England","E12000002","North West","E08000013","St. Helens","342","Total",67.4,"22249.4","210130","210950","820","10320","5508","4812","3891","221270","101779","104785","206564","3566","3706","684","2","0","10","0","179","774","5","15","133","257","0","56","485","2","20","1191","325","3078","218",67,"25372","95.3360148235188","4.66398517648122","2.48926650698242","2.1747186694988","1.67487684729064","0.309124598906314","0.538256428797397","1.39106069507841","0.14687937813531","0.0985221674876847","0.000903873096217291","0","0.00451936548108646","0.0808966421114476","0.00225968274054323","0.00677904822162968","0.0601075608984499","0.349798888236092"
2026,"Week 37","Local authority","E92000001","England","E12000002","North West","E08000014","Sefton","343","Total",97.6,"33685.2","308768","312172","3404","17361","9292","8069","6461","329533","149976","152901","302877","5891","6193","1096","23","0","0","0","193","948","21","14","804","797","0","68","780","1605","154","2189","570","4922","388",98,"39649","94.7316353749093","5.26836462509066","2.81974794633618","2.44861667875448","1.87932619798321","0.332591880024155","0.664273380814668","1.49362886266322","0.172972054392125","0.117742380884464","0.0069795741245945","0","0","0.0585677306976843","0.00637265463549933","0.00424843642366622","0.24398163461626","0.287679837831113"
2026,"Week 37","Local authority","E92000001","England","E12000002","North West","E08000015","Wirral","344","Total",120,"40579.6","380236","381736","1500","19725","10832","8893","6628","401461","185361","188773","374134","6102","7082","1283","2","0","0","0","273","1656","6","10","520","1016","0","194","129","22","139","2839","526","4851","677",122,"48929","95.0866958434319","4.91330415656814","2.69814502529511","2.21515913127303","1.76405678260155","0.319582724100224","0.707167072268539","1.20833655074839","0.13102144417515","0.168634064080944","0.000498180396103233","0","0","0.0680016240680913","0.0014945411883097","0.00249090198051616","0.129526902986841","0.412493367973477"
2026,"Week 37","Local authority","E92000001","England","E12000002","North West","E10000017","Lancashire","888","Total",577.6,"150721.8","1404576","1414534","9958","63167","41073","22094","20481","1477701","688304","697685","1385989","18587","26589","4592","26","1","81","0","1220","6141","18","27","2378","2189","0","379","6724","38","628","6835","1894","12037","1328",589,"171231","95.7253192628279","4.27468073717213","2.7795203495159","1.49516038765623","1.79934912407855","0.310752987241668","0.462542828352962","0.814576155798771","0.128172072699416","0.0898693308050817","0.00175948991034045","6.76726888592482e-05","0.00548148779759911","0.0825606804082829","0.00121810839946647","0.0018271625991997","0.160925654107292","0.415577982284643"
2026,"Week 37","Local authority","E92000001","England","E12000003","Yorkshire and The Humber","E06000010","Kingston upon Hull, City of","810","Total",59,"23303.2","195368","195671","303","11260","3888","7372","2506","206931","94618","98444","193062","2306","2122","498","0","1","6","0","197","871","0","4","189","184","0","87","10","4","18","2674","200","3991","507",89,"41379","94.558572664318","5.44142733568194","1.87888716528698","3.56254017039496","1.02546259381146","0.240659930121635","1.29221817900653","1.92866221107519","0.096650574346038","0.245009205967206","0","0.00048325287173019","0.00289951723038114","0.0952008157308475","0","0.00193301148692076","0.091334792757006","0.420913251276996"
2026,"Week 37","Local authority","E92000001","England","E12000003","Yorkshire and The Humber","E06000011","East Riding of Yorkshire","811","Total",103.2,"27294.6","230227","231544","1317","9285","4406","4879","1791","240829","114067","114536","228603","1624","2648","489","2","0","23","0","95","839","0","14","296","216","0","37","472","0","592","1003","167","3316","393",144,"43859","96.1445673070934","3.85543269290658","1.82951388744711","2.02591880545948","1.0995353549614","0.203048636169232","0.416478081958568","1.37691058801058","0.069343808262294","0.163186327228033","0.000830464769608311","0","0.00955034485049558","0.0394470765563948","0","0.00581325338725818","0.12290878590203","0.348379970850687"
2026,"Week 37","Local authority","E92000001","England","E12000003","Yorkshire and The Humber","E06000012","North East Lincolnshire","812","Total",60,"19552.4","184002","184758","756","9933","4707","5226","2387","194691","90342","91526","181868","2134","3248","570","0","0","0","0","312","391","8","8","170","76","0","20","649","4","7","1632","253","3254","87",62,"22610","94.8980692481933","5.10193075180671","2.41767724239949","2.68425350940721","1.66828461510804","0.292771622725242","0.838251382960692","1.67136642166305","0.129949509735941","0.0446861950475369","0","0","0","0.160253940860132","0.00410907540667006","0.00410907540667006","0.0873178523917387","0.200831060500999"
2026,"Week 37","Local authority","E92000001","England","E12000003","Yorkshire and The Humber","E06000013","North Lincolnshire","813","Total",78,"20752.2","194242","195772","1530","10190","5104","5086","2134","205962","95577","96751","192328","1914","3530","596","2","0","0","0","162","499","0","3","311","295","0","84","1063","4","84","1359","220","3050","457",79,"23524","95.05248540993","4.94751459007001","2.47812703314204","2.46938755692798","1.71390839086822","0.289373767976617","0.659830454161447","1.48085569182665","0.106815820394053","0.221885590545829","0.000971052912673212","0","0","0.0786552859265301","0","0.00145657936900982","0.150998727920684","0.242277701711966"
2026,"Week 37","Local authority","E92000001","England","E12000003","Yorkshire and The Humber","E06000014","York","816","Total",49,"16620","133216","133727","511","5707","3200","2507","1774","139434","65442","66180","131622","1594","1786","366","4","0","34","0","60","674","0","3","273","180","0","16","277","6","32","688","180","1481","158",60,"24511","95.9070241117661","4.09297588823386","2.29499261299253","1.79798327524133","1.28089275212645","0.26248978011102","0.493423411793393","1.0621512687006","0.12909333448083","0.113315260266506","0.00286874076624066","0","0.0243842965130456","0.0430311114936099","0","0.00215155557468049","0.195791557295925","0.483382819111551"
2026,"Week 37","Local authority","E92000001","England","E12000003","Yorkshire and The Humber","E06000065","North Yorkshire","815","Total",264.8,"50986.2","437041","438400","1359","18433","10632","7801","3120","456833","217484","216818","434302","2739","5749","1107","6","0","114","0","334","2381","24","12","905","535","0","158","575","46","45","2736","381","3905","779",342,"79445","95.9650463079506","4.03495369204939","2.32732749166544","1.70762620038395","1.25844674093159","0.242320497862457","0.59890594593648","0.854798142866212","0.0834002797521195","0.170521831829137","0.00131339023231684","0","0.02495441441402","0.0731120562656375","0.00525356092926737","0.00262678046463368","0.19810302670779","0.521197023857734"
2026,"Week 37","Local authority","E92000001","England","E12000003","Yorkshire and The Humber","E08000016","Barnsley","370","Total",90,"30082","282547","284589","2042","14542","7379","7163","3327","299131","138732","140921","279653","2894","4386","778","17","0","24","0","556","842","2","3","771","335","0","112","1464","8","123","2289","433","3814","627",91,"34586","95.138584767209","4.86141523279098","2.46681219933741","2.39460303345357","1.46624722947471","0.260086717859399","0.765216577352397","1.27502666056009","0.144752633461594","0.20960716207949","0.00568312879641361","0","0.00802324065376039","0.185871741812116","0.000668603387813366","0.00100290508172005","0.257746606002053","0.281482026269427"
2026,"Week 37","Local authority","E92000001","England","E12000003","Yorkshire and The Humber","E08000017","Doncaster","371","Total",124,"40054.8","373404","374738","1334","19657","9780","9877","5849","394395","182203","185911","368114","5290","6551","961","6","0","56","0","427","1365","7","17","390","646","0","78","490","34","86","3362","559","5437","519",126,"48295","95.0159104451121","4.98408955488787","2.47974746130149","2.50434209358638","1.66102511441575","0.243664346657539","0.852444883936155","1.37856717250472","0.141736076775821","0.13159396036968","0.00152131746092116","0","0.0141989629685975","0.108267092635556","0.00177487037107468","0.00431039947260995","0.0988856349598752","0.346099722359563"
2026,"Week 37","Local authority","E92000001","England","E12000003","Yorkshire and The Humber","E08000018","Rotherham","372","Total",118,"36855.2","346289","347634","1345","19232","8876","10356","5782","366866","169181","171865","341046","5243","5497","964","10","0","20","0","313","935","3","4","1130","666","0","82","582","0","15","3325","539","6223","269",120,"44243","94.7577589637633","5.24224103623666","2.41941199238959","2.82282904384707","1.49836725125795","0.262766241625008","0.906325470335218","1.69625966974318","0.146920128875393","0.0733237748932853","0.00272579088822622","0","0.00545158177645244","0.0853172548014807","0.000817737266467866","0.00109031635529049","0.308014370369563","0.254861448049151"
2026,"Week 37","Local authority","E92000001","England","E12000003","Yorkshire and The Humber","E08000019","Sheffield","373","Total",175.8,"69097","645251","647981","2730","35827","17327","18500","12275","683808","312957","321413","634370","10881","10824","2009","6","1","0","0","677","1861","5","11","1933","942","0","259","1393","8","128","5909","1394","10396","801",176,"80147","94.7606638120642","5.23933618793579","2.53389840423043","2.70543778370537","1.58290046328794","0.293795919322383","0.864131452103514","1.52030979456222","0.203858392999204","0.117138144040432","0.000877439281201741","0.00014623988020029","0","0.0990043988955964","0.000731199401001451","0.00160863868220319","0.282681688427161","0.27215241705274"
2026,"Week 37","Local authority","E92000001","England","E12000003","Yorkshire and The Humber","E08000032","Bradford","380","Total",199.2,"78338.4","728955","733044","4089","40558","20246","20312","15364","773602","353046","362278","715324","13631","12769","1967","12","0","0","0","1034","2481","15","21","1947","1013","0","64","2630","11","371","4906","1733","12844","829",202,"95577","94.7572524372998","5.2427475627002","2.61710802195444","2.62563954074576","1.65059035524727","0.254265113068477","0.634176230154524","1.66028526296468","0.224017000990173","0.107161046636384","0.00155118523478481","0","0","0.133660461063958","0.00193898154348101","0.00271457416087342","0.251679804343836","0.32070754729176"
2026,"Week 37","Local authority","E92000001","England","E12000003","Yorkshire and The Humber","E08000033","Calderdale","381","Total",96.2,"28918.2","268202","269203","1001","12327","7347","4980","4994","281530","130358","133194","263552","4650","5152","637","0","0","0","0","198","1096","4","10","250","433","0","71","384","6","107","1473","344","3043","120",99,"34752","95.6214257805563","4.37857421944375","2.60966859659717","1.76890562284659","1.83000035520193","0.226263630874152","0.523212446275708","1.08087947998437","0.122189464710688","0.0426242318758214","0","0","0","0.0703299825951053","0.00142080772919405","0.00355201932298512","0.0888004830746279","0.389301317799169"
2026,"Week 37","Local authority","E92000001","England","E12000003","Yorkshire and The Humber","E08000034","Kirklees","382","Total",177.2,"56661.6","535948","539343","3395","23862","14050","9812","7115","563205","262886","266576","529462","6486","9585","1479","7","7","30","0","444","1579","25","11","883","579","0","236","2147","36","397","1835","629","6838","510",176,"63195","95.7631768183876","4.23682318161238","2.49465114833853","1.74217203327385","1.70186699336831","0.262604202732575","0.325813868839943","1.21412274393871","0.111682247139141","0.0905531733560604","0.0012428866931224","0.0012428866931224","0.00532665725623885","0.0788345273923349","0.00443888104686571","0.00195310766062091","0.156781278575297","0.280359726920038"
2026,"Week 37","Local authority","E92000001","England","E12000003","Yorkshire and The Humber","E08000035","Leeds","383","Total",273.8,"108199.4","999540","1005851","6311","54926","24902","30024","17532","1060777","486114","497686","983800","15740","16024","2557","15","2","41","0","679","3562","32","17","1973","2073","0","228","3762","56","192","10001","1792","16599","1632",278,"130207","94.822097387104","5.17790261289602","2.34752450326506","2.83037810963096","1.51059082163358","0.241049721100665","0.942799476232988","1.56479637096204","0.168932772863665","0.153849489572266","0.00141405780856862","0.000188541041142483","0.00386509134342091","0.0640096834678731","0.00301665665827973","0.00160259884971111","0.18599573708706","0.335791594274763"
2026,"Week 37","Local authority","E92000001","England","E12000003","Yorkshire and The Humber","E08000036","Wakefield","384","Total",135,"45540.2","428665","429445","780","21508","11837","9671","4827","450953","210938","213478","424416","4249","7026","1133","0","12","49","0","502","2108","9","7","991","611","0","48","61","8","52","3057","578","5602","434",137,"53577","95.2305450900648","4.76945490993518","2.62488552022051","2.14456938971467","1.5580337640508","0.251245695227662","0.677897696655749","1.24225806237014","0.128173002508022","0.0962406281807638","0","0.00266103119393817","0.0108658773752475","0.111319804946413","0.00199577339545363","0.00155226819646393","0.219756826099394","0.467454479735139"
2026,"Week 37","Local authority","E92000001","England","E12000004","East Midlands","E06000015","Derby","831","Total",91.2,"35834","321975","322825","850","18472","8075","10397","4194","341297","157658","160590","318248","3727","4873","833","2","0","0","0","145","1539","0","23","660","576","0","9","256","2","7","3120","467","5955","855",97,"45461","94.5877051365819","5.41229486341808","2.36597450314535","3.04632036027272","1.42778870016437","0.244068948745521","0.91415980802644","1.74481463358893","0.136830971265496","0.250514947391861","0.000585999876940026","0","0","0.0424849910781519","0","0.0067389985848103","0.193379959390209","0.45092690530535"
2026,"Week 37","Local authority","E92000001","England","E12000004","East Midlands","E06000016","Leicester","856","Total",111.4,"50102.2","466403","470313","3910","26492","16615","9877","9056","496805","226187","232320","458507","7896","11977","1338","14","1","31","0","429","1817","0","41","967","768","0","111","3012","12","7","1880","1160","6361","476",113,"59433","94.6675254878675","5.33247451213253","3.34437052767182","1.9881039844607","2.41080504423265","0.269320960940409","0.378418091605358","1.28038163867111","0.233492013969264","0.0958122402149737","0.00281800706514628","0.00020128621893902","0.00623987278710963","0.0863517879248397","0","0.00825273497649983","0.194643773714033","0.3657370598122"
2026,"Week 37","Local authority","E92000001","England","E12000004","East Midlands","E06000017","Rutland","857","Total",20,"5015.8","46795","47739","944","2162","1707","455","377","49901","23223","23221","46444","351","969","181","0","0","40","0","10","292","2","1","212","39","0","40","823","0","42","42","26","311","76",21,"5807","95.6674214945592","4.33257850544077","3.42077313079898","0.911805374641791","1.94184485280856","0.362718182000361","0.0841666499669345","0.623234003326587","0.0521031642652452","0.152301557083024","0","0","0.0801587142542234","0.0200396785635558","0.00400793571271117","0.00200396785635558","0.424841185547384","0.58515861405583"
2026,"Week 37","Local authority","E92000001","England","E12000004","East Midlands","E06000018","Nottingham","892","Total",99,"39917.2","373595","375289","1694","21218","8871","12347","8290","396507","180324","185877","366201","7394","5423","942","4","0","12","0","415","1450","2","25","598","455","0","51","1057","0","131","2228","896","8299","924",100,"48062","94.648770387408","5.35122961259196","2.23728710968533","3.11394250290663","1.36769338246235","0.237574620372402","0.561906851581435","2.09302736143372","0.225973311946573","0.233034977944904","0.00100880942833292","0","0.00302642828499875","0.10466397818954","0.000504404714166459","0.00630505892708073","0.150817009535771","0.365693417770682"
2026,"Week 37","Local authority","E92000001","England","E12000004","East Midlands","E06000061","North Northamptonshire","940","Total",138,"46520.6","437149","439894","2745","21987","13206","8781","7251","461881","213597","217022","430619","6530","8676","1556","26","0","34","0","343","1707","2","9","853","389","0","136","2034","4","182","1777","721","5679","604",140,"55655","95.2396829486383","4.76031705136171","2.8591780133844","1.90113903797731","1.87840590974732","0.336883309770265","0.384731132044834","1.22953747826821","0.156100813845991","0.130769613818278","0.00562915556171395","0","0.0073612034268567","0.0742615522179955","0.000433011966285688","0.0019485538482856","0.184679603620846","0.369575713224835"
2026,"Week 37","Local authority","E92000001","England","E12000004","East Midlands","E06000062","West Northamptonshire","941","Total",179,"55842.8","523588","525353","1765","24837","15149","9688","8438","550190","255499","260220","515719","7869","9995","1728","22","0","45","0","318","2084","8","21","927","548","0","193","860","7","157","2669","569","6034","416",179,"65798","95.4857412893728","4.51425871062724","2.75341245751468","1.76084625311256","1.81664515894509","0.314073320125775","0.485105145495193","1.09671204492993","0.103418818953452","0.0756102437339828","0.00399861865900871","0","0.00817899271160872","0.0577982151620349","0.00145404314873044","0.0038168632654174","0.16848724985914","0.378778240244279"
2026,"Week 37","Local authority","E92000001","England","E12000004","East Midlands","E10000007","Derbyshire","830","Total",378.2,"82939","758028","760351","2323","30852","17892","12960","6664","791203","375193","376817","752010","6018","9643","1824","6","0","86","0","311","3602","9","10","2401","1280","0","78","776","4","185","4357","646","6353","1604",408,"104082","96.1006214587154","3.8993785412846","2.26136655194685","1.63801198933776","1.21877697632592","0.23053502072161","0.550680419563627","0.80295448829188","0.0816478198389035","0.202729261643346","0.000758338883952665","0","0.0108695240033215","0.0393072321515464","0.001137508325929","0.00126389813992111","0.303461943395058","0.455256109999583"
2026,"Week 37","Local authority","E92000001","England","E12000004","East Midlands","E10000018","Leicestershire","855","Total",280.6,"86806.2","812886","820533","7647","42450","31110","11340","11298","862983","399072","403452","802524","10362","23071","2756","4","2","130","0","673","2794","11","15","1654","1450","0","357","5707","9","124","1918","936","7578","908",285,"101235","95.0810155008847","4.91898449911528","3.60493775659544","1.31404674251984","2.67340144591493","0.319357391744681","0.222252350278047","0.878116950160084","0.108461000969892","0.105216441111818","0.000463508551153383","0.000231754275576692","0.015064027912485","0.0779853137315567","0.0012746485156718","0.00173815706682519","0.191660785901924","0.323760722980638"
2026,"Week 37","Local authority","E92000001","England","E12000004","East Midlands","E10000019","Lincolnshire","925","Total",350,"89548.4","847538","849804","2266","37695","24569","13126","8903","887499","417369","422099","839468","8070","15368","2588","0","3","95","0","787","3634","13","18","2063","423","0","160","1474","15","194","3464","833","8126","703",350,"105774","95.7526712706155","4.24732872938448","2.76834114742665","1.47898758195784","1.73160758490995","0.291605962372915","0.390310298941182","0.915606665472299","0.0938592606864909","0.0792113568578669","0","0.000338028549891324","0.0107042374132253","0.0886761562548239","0.0014647903828624","0.00202817129934794","0.232450966141934","0.40946525010169"
2026,"Week 37","Local authority","E92000001","England","E12000004","East Midlands","E10000024","Nottinghamshire","891","Total",342,"104053.4","982165","987296","5131","43780","26141","17639","12290","1031076","482875","488250","971125","11040","16101","2935","12","1","232","0","825","3665","16","19","2335","1722","0","601","2709","5","94","4463","1250","10664","1262",344,"124802","95.7539502422712","4.24604975772882","2.53531262486955","1.71073713285927","1.56157257079013","0.284654089514255","0.432848790971762","1.03425935624532","0.121232576454112","0.122396409188072","0.00116383273395948","9.69860611632896e-05","0.0225007661898832","0.0800135004597139","0.00155177697861263","0.0018427351621025","0.226462452816281","0.355453914163456"
2026,"Week 37","Local authority","E92000001","England","E12000005","West Midlands","E06000019","Herefordshire, County of","884","Total",97,"20238","191896","192550","654","8263","6053","2210","2122","200813","94584","95429","190013","1883","3651","819","0","0","55","0","77","1078","8","10","355","284","0","42","271","6","51","518","239","1264","189",99,"23332","95.8852265540578","4.11477344594225","3.01424708559705","1.1005263603452","1.81810938534856","0.407842121774985","0.257951427447426","0.629441321030013","0.119016199150453","0.0941174127173042","0","0","0.0273886650764642","0.0383441311070498","0.00398380582930388","0.00497975728662985","0.17678138367536","0.536817835498698"
2026,"Week 37","Local authority","E92000001","England","E12000005","West Midlands","E06000020","Telford and Wrekin","894","Total",73,"27072","255267","257754","2487","11358","6358","5000","4004","269112","124939","126667","251606","3661","3971","693","0","0","0","0","240","907","0","10","537","372","0","86","2016","10","3","1016","343","3381","260",73,"30971","95.7794524212967","4.22054757870329","2.36258509468177","1.85796248402152","1.47559380480989","0.257513600285383","0.377537976753173","1.25635423169535","0.127456226403876","0.0966140491691192","0","0","0","0.0891821992330331","0","0.00371592496804305","0.199545170783912","0.337034394601504"
2026,"Week 37","Local authority","E92000001","England","E12000005","West Midlands","E06000021","Stoke-on-Trent","861","Total",91,"34662.6","324598","326159","1561","17320","9581","7739","6344","343479","157863","160687","318550","6048","6295","708","10","0","0","0","368","1509","1","16","674","401","0","149","925","0","86","2028","296","5064","351",92,"40737","94.9574792054245","5.0425207945755","2.78939906078683","2.25312173378867","1.83271757516471","0.206126138715904","0.590429109203183","1.47432594132392","0.0861770297456322","0.102189653515935","0.00291138614005514","0","0","0.107139009954029","0.000291138614005514","0.00465821782408823","0.196227425839717","0.439328168534321"
2026,"Week 37","Local authority","E92000001","England","E12000005","West Midlands","E06000051","Shropshire","893","Total",143,"32024.2","296274","297746","1472","15031","10289","4742","4660","312777","145884","146069","291953","4321","6830","1082","8","0","33","0","230","1363","18","9","716","422","0","59","943","29","19","1147","339","2931","325",150,"39029","95.1943397372569","4.80566026274311","3.28956413035485","1.51609613238825","2.18366439987595","0.34593336466556","0.36671494387375","0.937089363987761","0.10838392848579","0.103907896040949","0.00255773282562337","0","0.0105506479056964","0.0735348187366718","0.00575489885765258","0.00287744942882629","0.228917087893291","0.435773730165581"
2026,"Week 37","Local authority","E92000001","England","E12000005","West Midlands","E08000025","Birmingham","330","Total",406.6,"165761.8","1543681","1547054","3373","81619","41135","40484","32784","1628673","747006","767117","1514123","29558","28371","3963","33","0","10","0","1159","6504","7","108","980","789","0","156","2160","4","264","12754","3226","21754","2750",409,"196587","94.9886195694286","5.01138043057139","2.52567581092092","2.48570461965048","1.74197030343108","0.243326929346775","0.783091510696131","1.335688625034","0.198075365650441","0.168849118269904","0.00202618941923885","0","0.000613996793708743","0.0711622283908433","0.00042979775559612","0.00663116537205443","0.0601716857834568","0.399343514628167"
2026,"Week 37","Local authority","E92000001","England","E12000005","West Midlands","E08000026","Coventry","331","Total",115,"49487.4","460712","462531","1819","27360","14057","13303","11585","489891","221577","228489","450066","10646","9419","1070","2","1","8","0","413","2307","14","26","797","637","0","48","1083","3","48","4559","939","7069","736",114,"60695","94.4150841717852","5.58491582821485","2.86941380837778","2.71550201983707","1.92267259451592","0.218415933340274","0.93061517766197","1.44297404932934","0.191675291034128","0.150237501811627","0.000408254081009857","0.000204127040504929","0.00163301632403943","0.0843044677285355","0.002857778567069","0.00530730305312814","0.162689251282428","0.47092108244487"
2026,"Week 37","Local authority","E92000001","England","E12000005","West Midlands","E08000027","Dudley","332","Total",103.6,"40886.2","384303","385274","971","17509","9886","7623","8065","402783","186841","190173","377014","7289","6616","965","15","0","36","0","268","1287","13","19","667","258","0","55","641","17","0","2118","776","4366","363",105,"47125","95.6529942922119","4.34700570778806","2.45442334954554","1.89258235824253","1.6425718066552","0.23958310057773","0.525841458055578","1.0839583597123","0.192659571034527","0.0901229694401204","0.00372408964628597","0","0.00893781515108632","0.0665370683469759","0.0032275443601145","0.00471718021862889","0.165597852938183","0.319526891651336"
2026,"Week 37","Local authority","E92000001","England","E12000005","West Midlands","E08000028","Sandwell","333","Total",119.8,"52340.8","485996","488557","2561","23431","12003","11428","9730","511988","235161","241997","477158","8838","7733","1018","4","0","22","0","149","2349","0","36","692","744","0","15","1662","18","122","2216","892","7511","809",121,"62153","95.4235255513801","4.57647444861989","2.34439088416135","2.23208356445854","1.51038696219443","0.198832785143402","0.432822644280725","1.46702657093526","0.174222833347657","0.158011515894904","0.000781268310976039","0","0.00429697571036821","0.0291022445838574","0","0.00703141479878435","0.135159417798855","0.458799815620679"
2026,"Week 37","Local authority","E92000001","England","E12000005","West Midlands","E08000029","Solihull","334","Total",80,"32473.2","295468","296186","718","13903","8507","5396","6336","310089","144199","145414","289613","5855","5670","883","4","0","0","0","236","1276","6","17","415","331","0","79","234","0","74","1139","481","3496","280",81,"38882","95.5164485034942","4.48355149650584","2.74340592539561","1.74014557111023","1.82850729951724","0.284756956873672","0.367313900202845","1.12741825733902","0.155116756802079","0.0902966567662832","0.00128995223951833","0","0","0.0761071821315816","0.0019349283592775","0.00548229701795291","0.133832544850027","0.411494764406348"
2026,"Week 37","Local authority","E92000001","England","E12000005","West Midlands","E08000030","Walsall","335","Total",111,"42626.4","400655","401916","1261","19493","9215","10278","7305","421409","195119","199058","394177","6478","6269","1045","0","0","66","0","296","1160","2","37","340","340","0","19","763","3","136","2974","827","6035","442",111,"52120","95.3743275535169","4.62567244648311","2.18671172186641","2.4389607246167","1.48762840850575","0.247977617943613","0.705727689726608","1.43210040601886","0.196246401951548","0.104886226919691","0","0","0.0156617442911756","0.0702405501543631","0.000474598311853805","0.00878006876929539","0.0806817130151468","0.275267020875207"
2026,"Week 37","Local authority","E92000001","England","E12000005","West Midlands","E08000031","Wolverhampton","336","Total",99,"40346.8","379167","380817","1650","18696","9318","9378","10051","399513","181535","187946","369481","9686","5705","822","15","0","0","0","110","2074","11","8","573","564","0","13","936","4","133","2848","365","5574","591",100,"49270","95.3203024682551","4.6796975317449","2.3323396234916","2.3473579082533","1.42798857609139","0.205750501235254","0.712867916688568","1.39519865436169","0.0913612323003257","0.147930104902719","0.00375457119042434","0","0","0.0275335220631118","0.00275335220631118","0.00200243796822632","0.14342461947421","0.519132043262672"
2026,"Week 37","Local authority","E92000001","England","E12000005","West Midlands","E10000028","Staffordshire","860","Total",393.8,"104774.6","979528","983869","4341","39626","26273","13353","12960","1023495","481455","486268","967723","11805","18068","2840","6","2","82","0","658","3407","0","20","1190","954","0","122","2907","27","331","3824","1155","7000","1374",403,"124910","96.128364085804","3.87163591419597","2.56698860277774","1.30464731141823","1.765323719217","0.277480593456734","0.373621756823433","0.68393104021026","0.112848621634693","0.134245892749842","0.000586226605894509","0.000195408868631503","0.00801176361389162","0.0642895177797644","0","0.00195408868631503","0.116268276835744","0.332879007713765"
2026,"Week 37","Local authority","E92000001","England","E12000005","West Midlands","E10000031","Warwickshire","937","Total",245.6,"76174.4","709642","712592","2950","33721","21901","11820","12504","746313","346183","351920","698103","11539","14853","1936","3","0","74","0","503","3319","30","29","1154","1050","0","111","1569","12","208","2066","965","7915","874",246,"89589","95.4816544800908","4.51834551990921","2.93455962846688","1.58378589144233","1.99018374328197","0.259408585941823","0.276827550906925","1.06054698229831","0.129302316856332","0.117109041380761","0.000401976114579272","0","0.0099154108262887","0.0673979952111246","0.00401976114579272","0.00388576910759963","0.154626812074827","0.444719574762868"
2026,"Week 37","Local authority","E92000001","England","E12000005","West Midlands","E10000034","Worcestershire","885","Total",235,"68189.2","640171","645084","4913","30760","20917","9843","9854","675844","313526","317565","631091","9080","13538","1911","6","2","173","0","369","3216","8","33","1661","1410","0","317","2477","4","705","2780","774","5337","952",236,"80882","95.4486538313575","4.55134616864247","3.09494498730476","1.45640118133771","2.00312498150461","0.282757559436793","0.411337527595125","0.789679275098987","0.114523469913175","0.140860908730417","0.000887778836536242","0.000295926278845414","0.0255976231201283","0.0545983984469789","0.00118370511538166","0.00488278360094933","0.245766774581116","0.475849456383426"
2026,"Week 37","Local authority","E92000001","England","E12000006","East of England","E06000031","Peterborough","874","Total",80,"33983","319737","321629","1892","16899","9879","7020","5006","338528","156068","159056","315124","4613","6250","860","0","0","68","0","228","1530","2","29","912","410","0","150","1094","0","238","1799","393","4047","781",81,"40113","95.0080938652046","4.99190613479535","2.918222421779","2.07368371301635","1.84622837697325","0.254041024671519","0.53141837602798","1.19546979865772","0.116090840344078","0.230704697986577","0","0","0.0200869647414689","0.0673504111919841","0.00059079308063144","0.00856649966915587","0.269401644767936","0.451956706683051"
2026,"Week 37","Local authority","E92000001","England","E12000006","East of England","E06000032","Luton","821","Total",63,"35276.8","330168","330926","758","15903","8509","7394","5578","346829","160805","164363","325168","5000","5368","985","2","2","1","0","108","1715","0","58","270","481","0","0","141","0","136","1938","578","3879","999",63,"39149","95.4147432884793","4.58525671152066","2.45337039290255","2.13188631861811","1.54773678094969","0.284001626161595","0.558776803554489","1.11841858668104","0.166652730884672","0.288038197497902","0.000576653048043849","0.000576653048043849","0.000288326524021924","0.0311392645943678","0","0.0167229383932716","0.0778481614859196","0.4944799886976"
2026,"Week 37","Local authority","E92000001","England","E12000006","East of England","E06000033","Southend-on-Sea","882","Total",48.6,"24833.4","231168","232511","1343","10293","6395","3898","4283","242804","112327","114897","227224","3944","4336","649","6","0","0","0","200","972","10","9","213","121","0","6","1136","0","80","643","339","2513","403",50,"31125","95.7607782408857","4.23922175911435","2.63381163407522","1.60541012503913","1.78580254032059","0.267293784286915","0.264822655310456","1.03499118630665","0.139618787169898","0.165977496252121","0.00247112897645838","0","0","0.0823709658819459","0.0041185482940973","0.00370669346468757","0.0877250786642724","0.400322894186257"
2026,"Week 37","Local authority","E92000001","England","E12000006","East of England","E06000034","Thurrock","883","Total",54.6,"25902.8","238550","240048","1498","11347","6099","5248","3333","251395","117132","118445","235577","2973","3456","652","2","0","178","0","191","1297","0","32","291","163","0","144","1103","0","88","1173","360","3417","298",55,"31147","95.486385966308","4.513614033692","2.42606257085463","2.08755146283737","1.37472901211241","0.259352811312874","0.466596392131904","1.35921557707989","0.14320093876171","0.11853855486386","0.000795560770898387","0","0.0708049086099564","0.075976053620796","0","0.0127289723343742","0.115754092165715","0.515921159927604"
2026,"Week 37","Local authority","E92000001","England","E12000006","East of England","E06000055","Bedford","822","Total",72,"26424.8","242495","244205","1710","11913","7420","4493","3287","256118","118850","120650","239500","2995","4721","795","6","0","0","0","191","1313","11","6","377","474","0","145","1014","6","71","1252","292","2679","270",72,"30573","95.3486283666123","4.65137163338774","2.89710211699295","1.75426951639479","1.84329098306249","0.310403798249245","0.488837176613905","1.04600223334557","0.114009948539345","0.10542015789597","0.002342670175466","0","0","0.0745750005856675","0.00429489532168766","0.002342670175466","0.147197776025113","0.512654323397809"
2026,"Week 37","Local authority","E92000001","England","E12000006","East of England","E06000056","Central Bedfordshire","823","Total",126,"40710.6","370448","371192","744","16616","10697","5919","4327","387808","181731","184952","366683","3765","6178","1140","0","1","28","0","159","1645","12","54","1480","280","0","131","152","0","181","1022","562","3641","694",126,"48605","95.715405561515","4.28459443848502","2.75832370657645","1.52627073190857","1.5930563577853","0.293959897681327","0.263532469675716","0.938866655664659","0.144917072365707","0.178954534202492","0","0.000257859559369585","0.00722006766234838","0.040999669939764","0.00309431471243502","0.0139244162059576","0.381632147866986","0.424178975162967"
2026,"Week 37","Local authority","E92000001","England","E12000006","East of England","E10000003","Cambridgeshire","873","Total",258,"78108.6","733005","737798","4793","35908","24646","11262","10509","773706","359550","363995","723545","9460","13622","2509","15","1","176","0","371","3823","30","19","4080","696","0","689","2871","39","498","1885","1049","7109","1219",261,"90694","95.3589606387956","4.64103936120439","3.18544770235723","1.45559165884716","1.76061708194069","0.324283384127821","0.243632594292923","0.918824463038932","0.13558121560386","0.157553385911444","0.00193872090949275","0.00012924806063285","0.0227476586713816","0.0479510304947874","0.00387744181898551","0.00245571315202415","0.527332087382029","0.494115335799386"
2026,"Week 37","Local authority","E92000001","England","E12000006","East of England","E10000012","Essex","881","Total",546.2,"189708.4","1761186","1772656","11470","83133","51073","32060","29512","1855789","861120","872788","1733908","27278","31740","5496","47","0","448","0","1147","7426","89","34","4646","2459","0","1141","5412","79","2379","6137","2234","21853","1836",550,"221631","95.5203420216415","4.47965797835853","2.75209088964317","1.72756708871537","1.71032374909001","0.296154358065491","0.330694922752533","1.17755844010283","0.120380064759517","0.0989336611004807","0.00253261550747418","0","0.0241406754754986","0.0618065954696358","0.00479580383330217","0.00183210483519409","0.250351737185639","0.40015325018092"
2026,"Week 37","Local authority","E92000001","England","E12000006","East of England","E10000015","Hertfordshire","919","Total",504,"159150.2","1495316","1501723","6407","67193","46363","20830","25487","1568916","730772","740805","1471577","23739","27768","5348","72","2","264","0","821","9236","193","103","2556","1909","0","293","3633","39","533","4341","1748","12688","2053",507,"198785","95.7172340647938","4.28276593520622","2.95509765978548","1.32766827542074","1.76988442975915","0.340872296541051","0.276687853269391","0.808711237567849","0.11141450530175","0.130854679281746","0.00458915582478603","0.000127476550688501","0.0168269046908821","0.0523291240576296","0.0123014871414403","0.00656504236045779","0.162915031779904","0.588686711079497"
2026,"Week 37","Local authority","E92000001","England","E12000006","East of England","E10000020","Norfolk","926","Total",409,"97604.6","920069","924262","4193","46110","29753","16357","10789","970372","453070","457467","910537","9532","19189","3049","9","2","179","0","1094","4122","24","20","2065","1746","0","472","1671","33","271","3832","1257","10465","803",414,"115857","95.2482140869687","4.75178591303129","3.06614370571286","1.68564220731843","1.97748904543824","0.31420939598422","0.394900100167771","1.07845238733187","0.129537950394282","0.0827517694245094","0.000927479358431612","0.000206106524095914","0.0184465339065843","0.112740268680465","0.00247327828915096","0.00206106524095914","0.212804986129031","0.424785546161678"
2026,"Week 37","Local authority","E92000001","England","E12000006","East of England","E10000029","Suffolk","935","Total",311,"84859.2","796984","801911","4927","41346","25536","15810","10501","843257","391750","395964","787714","9270","15674","2719","12","1","70","0","751","4187","24","25","2073","1374","0","207","2365","49","932","3740","1231","10064","775",312,"100457","95.0968684517294","4.90313154827057","3.02825828899138","1.8748732592792","1.85874531726389","0.322440252497163","0.443518405420886","1.19346770913257","0.145981592800297","0.091905551925451","0.00142305370723279","0.000118587808936066","0.0083011466255246","0.0890594445109854","0.00284610741446558","0.00296469522340164","0.245832527924464","0.496527156015307"
2026,"Week 37","Local authority","E92000001","England","E12000007","London","E09000001","City of London","201","Total",1,"c","c","c","c","c","c","c","c","c","c","c","c","c","c","c","c","c","c","c","c","c","c","c","c","c","c","c","c","c","c","c","c","c","c",1,"c","c","c","c","c","c","c","c","c","c","c","c","c","c","c","c","c","c","c"
2026,"Week 37","Local authority","E92000001","England","E12000007","London","E09000002","Barking and Dagenham","301","Total",60.8,"36979.8","339430","340311","881","17795","9264","8531","5755","358106","165434","168630","334064","5366","5908","925","2","0","0","0","145","1881","3","98","302","347","0","30","474","0","30","2441","389","4931","770",61,"45807","95.0308009360357","4.9691990639643","2.58694353068644","2.38225553327786","1.64979084405176","0.258303407371002","0.681641748532557","1.37696659648261","0.108627054559265","0.215020133703429","0.000558493853775139","0","0","0.0404908043986976","0.000837740780662709","0.0273661988349818","0.084332571920046","0.525263469475518"
2026,"Week 37","Local authority","E92000001","England","E12000007","London","E09000003","Barnet","302","Total",125.4,"47255.6","441670","442483","813","19362","10863","8499","9399","461845","213627","219238","432865","8805","6477","1721","33","1","0","0","119","1865","15","197","435","383","0","138","191","0","101","1287","594","5869","749",129,"60727","95.8076843962801","4.19231560371986","2.35208782167177","1.84022778204809","1.40241856033951","0.372635841028917","0.278664920048934","1.27077266182377","0.128614578484123","0.16217562169126","0.00714525436022908","0.000216522859400881","0","0.0257662202687049","0.00324784289101322","0.0426550033019736","0.0941874438393833","0.403815132782644"
2026,"Week 37","Local authority","E92000001","England","E12000007","London","E09000004","Bexley","303","Total",83,"33424.4","312487","314238","1751","12771","7795","4976","5008","327009","152520","155180","307700","4787","5425","1011","10","0","0","0","104","867","16","11","351","1011","0","46","550","2","142","967","221","3319","469",83,"41880","96.0946029008376","3.90539709916241","2.38372644177989","1.52167065738252","1.65897574684489","0.30916580277607","0.29571051561272","1.01495677488999","0.0675822377977364","0.143421129082074","0.00305801980985233","0","0","0.0318034060224642","0.00489283169576372","0.00336382179083756","0.107336495325817","0.265130317514197"
2026,"Week 37","Local authority","E92000001","England","E12000007","London","E09000005","Brent","304","Total",79.6,"38717.6","353825","354885","1060","19165","9483","9682","6097","374050","171613","176402","348015","5810","5493","1180","20","0","2","0","112","2486","14","76","100","295","0","98","578","0","89","2752","287","4513","2130",81,"47076","94.876353428686","5.123646571314","2.53522256382836","2.58842400748563","1.4685202513033","0.315465846811924","0.73573051731052","1.20652319208662","0.0767277101991712","0.56944258788932","0.00534687875952413","0","0.000534687875952413","0.0299425210533351","0.00374281513166689","0.0203181392861917","0.0267343937976206","0.664617029808849"
2026,"Week 37","Local authority","E92000001","England","E12000007","London","E09000006","Bromley","305","Total",99,"42037.4","395269","397507","2238","17507","11764","5743","6793","415014","191941","196980","388921","6348","6836","1254","18","26","92","0","123","2310","24","457","624","1180","0","113","589","0","356","895","445","3900","503",99,"52652","95.7815880910042","4.21841190899584","2.83460317001354","1.3838087389823","1.64717334836897","0.302158481400627","0.215655375481309","0.939727334499559","0.107225298423668","0.121200730577764","0.00433720308230566","0.00626484889666373","0.0221679268651178","0.0296375543957553","0.00578293744307421","0.110116767145205","0.150356373519929","0.556607728895893"
2026,"Week 37","Local authority","E92000001","England","E12000007","London","E09000007","Camden","202","Total",49.8,"14333.8","132949","133599","650","7491","3939","3552","6423","141090","62224","64453","126677","6272","2558","481","2","0","0","0","71","723","0","8","96","273","0","11","366","0","0","843","151","2138","420",53,"19898","94.6906230065915","5.30937699340846","2.79183499893685","2.51754199447161","1.81302714579347","0.340917145084698","0.597490963214969","1.51534481536608","0.10702388546318","0.297682330427387","0.00141753490679708","0","0","0.0503224891912963","0","0.00567013962718832","0.0680416755262598","0.512438868807144"
2026,"Week 37","Local authority","E92000001","England","E12000007","London","E09000008","Croydon","306","Total",120,"44852.6","415319","416689","1370","22904","11539","11365","8907","439593","199920","207313","407233","8086","6932","1208","35","1","22","0","191","2608","12","105","425","401","0","39","842","0","88","2418","821","6776","1350",121,"55842","94.7897259510502","5.21027404894982","2.62492805845407","2.58534599049575","1.57691319015544","0.274799644216355","0.550054254731081","1.54142581888247","0.186763665481479","0.307102251400727","0.00796191022150034","0.000227483149185724","0.00500462928208593","0.0434492814944733","0.00272979779022869","0.023885730664501","0.0966803384039327","0.593276053076368"
2026,"Week 37","Local authority","E92000001","England","E12000007","London","E09000009","Ealing","307","Total",88,"41671.4","363841","364933","1092","20221","9627","10594","7931","385154","175110","181199","356309","7532","6124","1140","12","3","8","0","58","1852","7","200","223","392","0","17","663","0","20","2876","399","5376","1943",88,"50298","94.7498922508919","5.25010774910815","2.49951967265042","2.75058807645773","1.59001334531123","0.295985501903135","0.74671430129247","1.39580531423794","0.103594925666097","0.50447353526122","0.00311563686213826","0.000778909215534565","0.00207709124142551","0.0150589115003349","0.00181745483624732","0.0519272810356377","0.057898918354736","0.480846622390005"
2026,"Week 37","Local authority","E92000001","England","E12000007","London","E09000010","Enfield","308","Total",96,"42289.6","391720","392722","1002","20211","9787","10424","9963","412933","188098","194209","382307","9413","5791","1222","6","0","1","0","108","2252","16","47","344","681","0","67","224","0","30","2410","550","6416","1048",96,"53946","95.1055013767367","4.89449862326334","2.37011815476118","2.52438046850215","1.40240668583039","0.295931785543902","0.583629789820625","1.55376295912412","0.133193520498483","0.253794199058927","0.00145302022361981","0","0.000242170037269969","0.0261543640251566","0.0038747205963195","0.0113819917516885","0.0833064928208692","0.54536692393197"
2026,"Week 37","Local authority","E92000001","England","E12000007","London","E09000011","Greenwich","203","Total",81.4,"34175.2","317350","319756","2406","17419","7997","9422","6366","337175","153025","158251","311276","6074","4573","1076","2","0","0","0","132","1880","17","136","181","1572","0","64","574","0","196","1761","292","6278","1091",84,"42543","94.8338399940684","5.16616000593164","2.3717654037221","2.79439460220954","1.35626899977756","0.319122117594721","0.522280714762364","1.86194112849411","0.0866019129532142","0.323570845999852","0.000593163787350782","0","0","0.0391488099651516","0.00504189219248165","0.0403351375398532","0.0536813227552458","0.557573960109735"
2026,"Week 37","Local authority","E92000001","England","E12000007","London","E09000012","Hackney","204","Total",67.4,"24468.2","221254","221949","695","12107","5477","6630","4908","234056","108785","107915","216700","4554","3409","579","16","0","0","0","91","1247","13","8","114","241","0","14","195","1","244","1247","354","3495","1534",69,"31301","94.8273062856752","5.17269371432478","2.34003828143692","2.83265543288786","1.45648904535667","0.247376696175274","0.532778480363674","1.49323238883002","0.151245855692655","0.655398708001504","0.00683597087876406","0","0","0.0388795843729706","0.0055542263389958","0.00341798543938203","0.0487062925111939","0.532778480363674"
2026,"Week 37","Local authority","E92000001","England","E12000007","London","E09000013","Hammersmith and Fulham","205","Total",52,"14838.4","136088","136732","644","6486","3720","2766","2505","143218","66328","67393","133721","2367","2055","533","8","0","0","0","22","936","2","24","140","140","0","131","325","0","48","682","138","1458","488",53,"19374","95.4712396486475","4.52876035135248","2.59743886941586","1.93132148193663","1.43487550447569","0.372159924031895","0.476197126059574","1.01802846010976","0.0963566032202656","0.340739292547026","0.00558589004175453","0","0","0.015361197614825","0.00139647251043863","0.0167576701252636","0.0977530757307042","0.65354913488528"
2026,"Week 37","Local authority","E92000001","England","E12000007","London","E09000014","Haringey","309","Total",77.8,"28377.6","260919","262016","1097","13973","6962","7011","5342","275989","126208","129651","255859","5060","4101","1002","31","0","0","0","85","1418","12","55","258","302","0","15","772","0","8","1976","282","3649","1104",80,"35364","94.9371170590132","5.06288294098678","2.52256430509912","2.54031863588766","1.48592878701687","0.363057947961694","0.715970564044219","1.32215414382457","0.102177985354489","0.400015942664382","0.0112323317233658","0","0","0.0307983289189062","0.00434799937678676","0.0199283304769393","0.0934819866009153","0.513788593023635"
2026,"Week 37","Local authority","E92000001","England","E12000007","London","E09000015","Harrow","310","Total",57,"31100","288323","288830","507","14002","8105","5897","4852","302832","140028","143636","283664","4659","4962","827","0","13","0","0","59","1724","8","323","189","232","0","2","253","0","20","1327","193","3262","1115",57,"38381","95.3763142600518","4.62368573994822","2.67640143710044","1.94728430284778","1.638532255508","0.273088709251334","0.438196755957098","1.07716489670841","0.063731706028425","0.368190944153854","0","0.00429280921434987","0","0.0194827495112802","0.00264172874729223","0.106659798171924","0.0624108416547789","0.569292545041475"
2026,"Week 37","Local authority","E92000001","England","E12000007","London","E09000016","Havering","311","Total",81,"36859.2","344939","346779","1840","15248","9197","6051","6109","362027","167083","172124","339207","5732","5856","761","8","13","37","0","139","1916","53","29","385","356","0","122","1059","4","299","1541","377","3327","806",82,"43241","95.7881594466711","4.2118405533289","2.54041825609692","1.67142229723197","1.61755891135192","0.210205316178075","0.42565885969831","0.918992229861309","0.104135879368113","0.222635328304242","0.00220977993354087","0.00359089239200391","0.0102202321926265","0.0383949263452726","0.0146397920597083","0.00801045225908565","0.106345659301654","0.529242294083038"
2026,"Week 37","Local authority","E92000001","England","E12000007","London","E09000017","Hillingdon","312","Total",89,"38343.6","351049","352707","1658","20239","11172","9067","6300","372946","170358","174912","345270","5779","7007","1131","2","17","2","0","145","2602","6","66","194","1034","0","23","545","4","52","1918","521","5978","650",95,"50440","94.5732089900415","5.42679100995855","2.99560794324111","2.43118306671743","1.8788242801907","0.303261061923174","0.514283569203048","1.6029130222606","0.139698508631276","0.174287966622514","0.000536270666530811","0.0045583006655119","0.000536270666530811","0.0388796233234838","0.00160881199959243","0.0176969319955168","0.0520182546534887","0.697688137156586"
2026,"Week 37","Local authority","E92000001","England","E12000007","London","E09000018","Hounslow","313","Total",75,"34509.2","319704","321920","2216","15602","8035","7567","7480","337522","153953","158702","312655","7049","5011","986","12","1","0","0","148","1603","8","98","168","423","0","10","1661","0","122","2565","431","3768","803",75,"44535","95.3774865045834","4.62251349541659","2.38058556183004","2.24192793358655","1.48464396394902","0.292129105658298","0.759950462488371","1.11637167355017","0.12769537985672","0.237910417691291","0.00355532380111519","0.000296276983426266","0","0.0438489935470873","0.00237021586741012","0.029035144375774","0.0497745332156126","0.474932004432304"
2026,"Week 37","Local authority","E92000001","England","E12000007","London","E09000019","Islington","206","Total",55,"16823.8","149860","151414","1554","10242","4508","5734","3500","161656","72259","74315","146574","3286","2662","435","14","0","0","0","64","1180","6","23","124","570","0","17","887","2","78","1156","214","3632","732",57,"22126","93.6643242440738","6.33567575592616","2.78863760083139","3.54703815509477","1.64670658682635","0.269089919334884","0.715098728163508","2.24674617706735","0.132379868362449","0.45281338150146","0.00866036521997328","0","0","0.0395902410055921","0.00371158509427426","0.0142277428613847","0.0767060919483347","0.729945068540605"
2026,"Week 37","Local authority","E92000001","England","E12000007","London","E09000020","Kensington and Chelsea","207","Total",34,"10438","95362","96603","1241","4991","2488","2503","1682","101594","46227","47554","93781","1581","1411","300","0","0","0","0","32","598","12","19","116","143","0","14","1052","0","32","497","101","1446","459",35,"12812","95.0873083056086","4.9126916943914","2.4489635214678","2.4637281729236","1.38886154694175","0.295293029115893","0.489202118235329","1.4233124003386","0.0994153198023505","0.451798334547316","0","0","0","0.0314979231056952","0.0118117211646357","0.0187018918440065","0.114179971258145","0.588617438037679"
2026,"Week 37","Local authority","E92000001","England","E12000007","London","E09000021","Kingston upon Thames","314","Total",49,"20235.4","188300","189351","1051","7941","4435","3506","3576","197292","91283","93701","184984","3316","2558","649","0","0","0","0","49","885","10","20","264","386","0","15","555","0","95","960","260","1655","631",50,"26182","95.9750015205888","4.02499847941123","2.24793706789936","1.77706141151187","1.29655535956856","0.328954037670052","0.486588407031202","0.838858139204833","0.131784360237617","0.319830505038217","0","0","0","0.024836283275551","0.00506862923990836","0.0101372584798167","0.133811811933581","0.44857368773189"
2026,"Week 37","Local authority","E92000001","England","E12000007","London","E09000022","Lambeth","208","Total",79.6,"25867.4","234621","236779","2158","12950","6185","6765","5033","249729","113766","116391","230157","4464","3518","784","2","0","0","0","75","1551","4","20","231","506","0","14","1596","0","42","1181","569","4023","992",83,"33611","94.8143787866047","5.18562121339532","2.47668472624325","2.70893648715207","1.40872706013318","0.313940311297446","0.472912637298832","1.61094626575208","0.227846986132968","0.397230597968197","0.000800868141064914","0","0","0.0300325552899343","0.00160173628212983","0.00800868141064914","0.0925002702929976","0.621073243395841"
2026,"Week 37","Local authority","E92000001","England","E12000007","London","E09000023","Lewisham","209","Total",82,"30114","278415","279730","1315","15302","8323","6979","5982","295032","134252","138582","272834","5581","4059","800","2","1","0","0","68","2917","10","329","137","507","0","73","392","0","343","1343","401","4333","902",83,"36620","94.8134439654004","5.18655603459964","2.82104992000868","2.36550611459096","1.37578296591556","0.271157027034356","0.455204859133924","1.46865424767483","0.135917459800971","0.305729547981236","0.000677892567585889","0.000338946283792945","0","0.0230483472979202","0.00338946283792945","0.111513327367879","0.0464356408796334","0.988706309824019"
2026,"Week 37","Local authority","E92000001","England","E12000007","London","E09000024","Merton","315","Total",54,"21032","197361","198582","1221","8078","4476","3602","4094","206660","95296","98282","193578","3783","2944","572","4","0","0","0","45","795","2","19","95","191","0","13","995","0","22","531","311","2564","196",55,"27206","96.0911642311042","3.90883576889577","2.16587631859092","1.74295945030485","1.42456208264783","0.276783122036195","0.256943772379754","1.24068518339301","0.150488725442756","0.0948417690893255","0.00193554630794542","0","0","0.0217748959643859","0.000967773153972709","0.00919384496274073","0.0459692248137037","0.384689828704152"
2026,"Week 37","Local authority","E92000001","England","E12000007","London","E09000025","Newham","316","Total",90,"48133.8","443614","445686","2072","29406","9917","19489","7716","475092","215801","220770","436571","7043","6680","1110","0","4","1","0","192","1469","5","174","282","492","0","197","1343","8","32","4484","673","13190","1142",92,"60016","93.8104619736809","6.18953802631911","2.08738518013353","4.10215284618558","1.40604346105596","0.23363895834912","0.943817197511219","2.77630437894134","0.141656773845908","0.240374495887112","0","0.00084194219224908","0.00021048554806227","0.0404132252279558","0.00105242774031135","0.036624485362835","0.0593569245535602","0.309203270103475"
2026,"Week 37","Local authority","E92000001","England","E12000007","London","E09000026","Redbridge","317","Total",76,"43955.8","405602","406480","878","21618","10306","11312","6603","428098","200505","198949","399454","6148","6643","1006","17","1","0","0","143","2176","11","213","96","338","0","28","379","0","133","3385","455","6129","1343",76,"56413","94.9502216782139","5.04977832178613","2.40739269980238","2.64238562198375","1.55174749706843","0.23499292218137","0.790706800779261","1.43168153086443","0.106284075141673","0.313713215198389","0.00397105335694163","0.000233591373937743","0","0.0334035664730973","0.00256950511331518","0.0497549626487393","0.0224247718980233","0.508294829688529"
2026,"Week 37","Local authority","E92000001","England","E12000007","London","E09000027","Richmond upon Thames","318","Total",59,"23481","216401","218693","2292","8007","4596","3411","3833","226700","105157","107642","212799","3602","2617","584","6","0","10","0","66","1091","4","95","123","342","0","82","1697","2","169","738","231","2061","381",59,"28569","96.4680194089105","3.53198059108955","2.02734891927658","1.50463167181297","1.15438906043229","0.257609175121306","0.325540361711513","0.909131010145567","0.101896779885311","0.168063520070578","0.00264666960741067","0","0.00441111601235112","0.0291133656815174","0.00176444640494045","0.0419056021173357","0.0542567269519188","0.481252756947508"
2026,"Week 37","Local authority","E92000001","England","E12000007","London","E09000028","Southwark","210","Total",92,"31465","272583","274178","1595","12693","6603","6090","5747","286871","131746","135553","267299","5284","4004","890","14","3","0","0","122","1353","12","68","137","774","0","5","656","0","160","1413","463","3555","659",96,"40245","95.5753631423183","4.42463685768168","2.30173144026409","2.12290541741758","1.39574930892283","0.310243977258071","0.492555887489499","1.23923296533982","0.161396585921895","0.229719978666369","0.004880242338891","0.00104576621547664","0","0.0425278260960501","0.00418306486190657","0.0237040342174706","0.0477566571734334","0.471640563179966"
2026,"Week 37","Local authority","E92000001","England","E12000007","London","E09000029","Sutton","319","Total",60.4,"32259.4","305515","306114","599","11234","6761","4473","4506","317348","149616","151773","301389","4126","4545","907","3","0","0","0","77","858","37","36","298","248","0","29","250","0","72","851","380","2641","601",60,"40292","96.4600375612892","3.53996243871082","2.13046875984723","1.40949367886358","1.43218170588754","0.285806118204621","0.268159874963762","0.83220943569835","0.119742364848683","0.189382003352786","0.000945334459331711","0","0","0.0242635844561806","0.0116591249984244","0.0113440135119805","0.0939032229602833","0.27036565536887"
2026,"Week 37","Local authority","E92000001","England","E12000007","London","E09000030","Tower Hamlets","211","Total",88,"33061","298503","299829","1326","14361","8326","6035","6558","314190","143509","148468","291977","6526","5856","751","8","0","0","0","88","1330","8","101","184","478","0","40","587","1","220","1846","32","3395","762",90,"43682","95.4291988923899","4.57080110761004","2.6499888602438","1.92081224736624","1.86384035137974","0.239027340144499","0.587542569782616","1.08055635125243","0.0101849199528947","0.242528406378306","0.00254622998822369","0","0","0.0280085298704605","0.00254622998822369","0.032146153601324","0.0585632897291448","0.423310735542188"
2026,"Week 37","Local authority","E92000001","England","E12000007","London","E09000031","Waltham Forest","320","Total",72.4,"33704.6","312950","314591","1641","18367","7942","10425","6061","332958","151362","156008","307370","5580","4714","954","5","0","10","0","93","1985","7","18","156","406","0","13","953","0","269","2542","481","6133","1269",73,"40503","94.4836886334012","5.51631136659879","2.38528583184666","3.13102553475213","1.41579418425147","0.286522624475159","0.763459655572174","1.84197406279471","0.144462664960746","0.381129151424504","0.00150169090395786","0","0.00300338180791571","0.0279314508136161","0.002102367265541","0.00540608725424828","0.0468527562034851","0.596171288871269"
2026,"Week 37","Local authority","E92000001","England","E12000007","London","E09000032","Wandsworth","212","Total",73.8,"23474.8","219159","219954","795","10738","5659","5079","4965","230692","106232","108226","214458","4701","3614","709","8","0","33","0","38","1049","11","53","144","530","0","17","196","0","52","1291","264","2337","1187",75,"30529","95.3453088967108","4.65469110328923","2.45305428883533","2.2016368144539","1.56659095243875","0.307336188511088","0.559620619700727","1.01303903039551","0.11443829868396","0.514538865673712","0.00346782723284726","0","0.0143047873354949","0.0164721793560245","0.00476826244516498","0.0229743554176131","0.0624208901912507","0.454718845907097"
2026,"Week 37","Local authority","E92000001","England","E12000007","London","E09000033","Westminster","213","Total",47.4,"14603.2","126047","126674","627","7856","3614","4242","2931","134530","61741","61595","123336","2711","1926","523","6","0","0","0","49","922","4","40","144","116","0","11","472","0","28","988","220","2310","724",48,"19419","94.1604103174013","5.83958968259868","2.68638965286553","3.15320002973314","1.43165093287743","0.388760871181149","0.734408682078347","1.71708912510221","0.163532297628782","0.538169924923809","0.00445997175351223","0","0","0.0364231026536832","0.00297331450234149","0.0297331450234149","0.107039322084293","0.685348992789712"
2026,"Week 37","Local authority","E92000001","England","E12000008","South East","E06000035","Medway","887","Total",102.2,"41913","395537","397350","1813","18664","12021","6643","5879","416014","193228","196953","390181","5356","7605","1176","0","0","10","0","439","2089","2","22","678","867","0","34","371","9","532","1602","523","4014","504",101,"49306","95.5136125226555","4.48638747734451","2.88956621652156","1.59682126082295","1.82806347863293","0.282682794329037","0.385083194315576","0.96487137452105","0.125716922988169","0.121149768998159","0","0","0.00240376525789997","0.105525294821809","0.000480753051579995","0.00528828356737994","0.162975284485618","0.502146562375305"
2026,"Week 37","Local authority","E92000001","England","E12000008","South East","E06000036","Bracknell Forest","867","Total",38,"15796.2","149067","149419","352","6898","4814","2084","1951","156317","73040","74296","147336","1731","2786","487","0","0","0","0","45","1150","2","39","305","182","0","13","150","0","7","361","220","1417","86",38,"18944","95.5871722205518","4.41282777944817","3.07963945060358","1.33318832884459","1.78227576015405","0.311546408899864","0.230940972510987","0.906491296532047","0.140739650837721","0.0550164089638363","0","0","0","0.0287876558531702","0.00127945137125201","0.0249493017394141","0.195116334115931","0.735684538469904"
2026,"Week 37","Local authority","E92000001","England","E12000008","South East","E06000037","West Berkshire","869","Total",80,"21103.2","196867","197768","901","9102","6027","3075","2907","206870","96687","97517","194204","2663","3407","710","2","22","0","0","173","1006","7","2","698","221","0","38","552","30","60","526","244","1989","316",80,"24100","95.6001353507033","4.39986464929666","2.91342388939914","1.48644075989752","1.64692802242955","0.343210712041379","0.254265964132064","0.961473389084933","0.117948470053657","0.152752936626867","0.000966790738144729","0.010634698119592","0","0.083627398849519","0.00338376758350655","0.000966790738144729","0.33740996761251","0.486295741286798"
2026,"Week 37","Local authority","E92000001","England","E12000008","South East","E06000038","Reading","870","Total",55,"19342.2","174654","175274","620","9542","4933","4609","3132","184816","84735","87127","171862","2792","3022","476","0","0","0","0","152","815","10","55","403","232","0","6","361","2","19","960","340","2874","435",55,"23734","94.837027097221","5.16297290277898","2.66914119989611","2.49383170288287","1.63513981473466","0.257553458575015","0.519435546705913","1.55506016795083","0.183966756125011","0.235369232101117","0","0","0","0.0822439615617695","0.00541078694485326","0.0297593281966929","0.218054713877586","0.440979136005541"
2026,"Week 37","Local authority","E92000001","England","E12000008","South East","E06000039","Slough","871","Total",44.8,"26546","243307","245139","1832","15155","10133","5022","4478","260294","117870","121193","239063","4244","4938","638","5","0","20","0","42","3272","6","1093","119","1029","0","119","664","0","20","1736","234","2647","405",45,"32779","94.1777374814633","5.82226251853673","3.89290571430767","1.92935680422906","1.89708560320253","0.245107455415799","0.666938154548318","1.01692701330034","0.0898983457167664","0.155593290663634","0.00192090482300783","0","0.00768361929203132","0.0161356005132658","0.0023050857876094","0.419909794309512","0.0457175347875863","1.25704011617632"
2026,"Week 37","Local authority","E92000001","England","E12000008","South East","E06000040","Windsor and Maidenhead","868","Total",62,"18335.2","171371","172405","1034","8301","5382","2919","3491","180706","83366","84821","168187","3184","3481","457","8","8","18","0","46","923","8","222","211","535","0","61","295","14","129","497","307","1700","415",62,"22377","95.4063506469071","4.59364935309287","2.97831837349064","1.61533097960223","1.92633338129337","0.252896970770201","0.275032373025799","0.940754595862893","0.169889212311711","0.229654798401824","0.0044270804511195","0.0044270804511195","0.00996093101501887","0.0254557125939371","0.0044270804511195","0.122851482518566","0.116764246898277","0.510774407047912"
2026,"Week 37","Local authority","E92000001","England","E12000008","South East","E06000041","Wokingham","872","Total",69,"24477","231975","233157","1182","9880","6595","3285","4718","243037","112208","115369","227577","4398","4341","640","2","0","0","0","48","940","10","180","434","243","0","45","605","7","282","558","320","1736","671",69,"29199","95.934775363422","4.06522463657797","2.71357859091414","1.35164604566383","1.78614778819686","0.263334389413958","0.229594670770294","0.71429453128536","0.131667194706979","0.276089648901196","0.000822919966918617","0","0","0.0197500792060468","0.00411459983459309","0.0740627970226756","0.17857363282134","0.38677238445175"
2026,"Week 37","Local authority","E92000001","England","E12000008","South East","E06000042","Milton Keynes","826","Total",109.6,"41674.6","384133","385855","1722","18690","11851","6839","5966","404545","190323","188425","378748","5385","7266","1084","11","24","6","0","252","2291","26","226","665","734","0","26","871","12","79","1740","581","3971","547",111,"50755","95.3799948089829","4.62000519101707","2.92946396568985","1.69054122532722","1.79609190572124","0.26795535725321","0.430112842823419","0.981596608535515","0.143618138896785","0.1352136350715","0.00271910417876874","0.00593259093549543","0.00148314773387386","0.062292204822702","0.00642697351345339","0.0558652313092487","0.164382207171019","0.566315243050835"
2026,"Week 37","Local authority","E92000001","England","E12000008","South East","E06000043","Brighton and Hove","846","Total",59,"25670.2","223988","225841","1853","13793","8898","4895","5607","239634","107873","110879","218752","5236","5928","771","0","0","0","0","109","1468","8","7","607","683","0","57","646","14","453","699","371","3009","816",60,"28740","94.244138978609","5.75586102139095","3.71316257292371","2.04269844846725","2.47377250306718","0.32174065449811","0.2916948346228","1.25566488895566","0.15481943296861","0.340519291920178","0","0","0","0.0454860328667885","0.00333842443058998","0.00292112137676624","0.253302953671015","0.612600883013262"
2026,"Week 37","Local authority","E92000001","England","E12000008","South East","E06000044","Portsmouth","851","Total",61,"24331.4","225054","227707","2653","13354","6901","6453","5127","241061","108610","111586","220196","4858","4221","551","8","1","0","0","76","1338","5","33","668","592","0","15","1903","18","125","1266","269","4483","435",61,"27696","94.4603233206533","5.53967667934672","2.86276087795205","2.67691580139467","1.75100908068912","0.228572850855178","0.525178274378684","1.85969526385438","0.111590012486466","0.18045225067514","0.00331866208138189","0.000414832760172736","0","0.031527289773128","0.00207416380086368","0.0136894810857003","0.277108283795388","0.555046233111121"
2026,"Week 37","Local authority","E92000001","England","E12000008","South East","E06000045","Southampton","852","Total",72,"28975","268141","268793","652","15811","8405","7406","6069","284604","129336","133446","262782","5359","5749","719","6","0","12","0","127","1109","3","8","672","341","0","48","185","22","56","1484","710","5005","207",73,"33463","94.4445615662464","5.55543843375357","2.95322623715759","2.60221219659597","2.01999971890768","0.252631726890697","0.521426262455904","1.75858385686779","0.249469438236989","0.0727326390352911","0.00210819243580554","0","0.00421638487161108","0.0446234065578839","0.00105409621790277","0.00281092324774072","0.236117552810221","0.389664235218057"
2026,"Week 37","Local authority","E92000001","England","E12000008","South East","E06000046","Isle of Wight","921","Total",46,"13435.6","123656","124336","680","7021","5000","2021","2689","131357","60163","61061","121224","2432","3244","458","0","0","0","0","91","677","0","10","520","289","0","46","293","12","40","396","257","1186","182",46,"15698","94.6550240946429","5.34497590535716","3.80642067038681","1.53855523497035","2.46960573094696","0.348668133407432","0.301468517094635","0.902882983015751","0.195650022457882","0.13855371240208","0","0","0","0.0692768562010399","0","0.00761284134077362","0.395867749720228","0.515389358770374"
2026,"Week 37","Local authority","E92000001","England","E12000008","South East","E06000060","Buckinghamshire","825","Total",226,"74704","682202","683864","1662","29482","21135","8347","12411","713346","331864","338681","670545","11657","14597","2060","8","1","90","0","295","2879","29","22","1154","503","0","206","673","25","255","2249","754","4420","924",228,"88522","95.8670827340449","4.13291726595509","2.96279785686049","1.1701194090946","2.04627207554258","0.288779918861254","0.315274775494641","0.619615165712011","0.105699057680284","0.129530410207669","0.00112147541305341","0.000140184426631677","0.0126165983968509","0.0413544058563446","0.00406534837231862","0.00308405738589689","0.161772828332955","0.403590964272597"
2026,"Week 37","Local authority","E92000001","England","E12000008","South East","E10000011","East Sussex","845","Total",184,"56834.8","532470","534325","1855","27190","15818","11372","8023","561515","260419","264586","525005","7465","9745","1516","18","0","44","0","380","2644","17","21","1433","720","0","30","795","58","252","2116","558","7962","736",185,"64767","95.1577428919975","4.84225710800246","2.8170218070755","2.02523530092696","1.73548346882986","0.269983882888258","0.376837662395484","1.41794965406089","0.0993740149417202","0.131073969528864","0.00320561338521678","0","0.0078359438305299","0.0676740603545765","0.00302752375270474","0.00373988228275291","0.255202443389758","0.470868988361843"
2026,"Week 37","Local authority","E92000001","England","E12000008","South East","E10000014","Hampshire","850","Total",516.4,"161867.8","1523523","1536136","12613","70373","48719","21654","24883","1606509","745715","755156","1500871","22652","30561","4425","12","0","99","0","725","6748","63","84","6002","2693","0","343","6247","2853","477","4047","2231","13757","1619",521,"179422","95.6195078894672","4.38049211053284","3.03260050208247","1.34789160845037","1.90232360976502","0.275441967645373","0.251912687697361","0.85632884720845","0.138872549111147","0.100777524433414","0.000746961268190841","0","0.00616243046257444","0.0451289099531966","0.00392154665800192","0.00522872887733589","0.373605127640119","0.42004121981265"
2026,"Week 37","Local authority","E92000001","England","E12000008","South East","E10000016","Kent","886","Total",586.4,"207386.4","1947441","1953810","6369","93944","58488","35456","34900","2047754","947591","967720","1915311","32130","38063","6588","23","5","90","0","1200","7704","46","134","4634","2741","0","373","2847","54","354","6680","2770","22877","3129",590,"248656","95.4123395681317","4.58766043186828","2.85620245400571","1.73145797786258","1.85876819188242","0.321718331401135","0.326211058554885","1.11717520756888","0.135270154520514","0.152801557218299","0.00112318178843748","0.000244169954008147","0.00439505917214665","0.0586007889619554","0.00224636357687496","0.00654375476741835","0.226296713374751","0.376217065135754"
2026,"Week 37","Local authority","E92000001","England","E12000008","South East","E10000025","Oxfordshire","931","Total",299,"81612.2","761060","767303","6243","37672","24743","12929","12640","804975","372403","377229","749632","11428","14667","2497","13","2","55","0","354","4289","66","30","2770","1835","0","149","3964","93","202","2574","1212","7418","1725",301,"100613","95.3201031087922","4.6798968912078","3.07376005466008","1.60613683654772","1.8220441628622","0.310195968818907","0.319761483275878","0.921519301841672","0.150563682101929","0.21429236932824","0.00161495698624181","0.000248454920960278","0.00683251032640765","0.0439765210099693","0.00819901239168918","0.00372682381440417","0.344110065529985","0.532811577999317"
2026,"Week 37","Local authority","E92000001","England","E12000008","South East","E10000030","Surrey","936","Total",384,"136839.8","1283064","1287862","4798","50771","34781","15990","21541","1338633","623894","639333","1263227","19837","21787","4018","29","2","113","0","530","5621","66","164","2451","2328","0","289","1750","40","391","2932","1704","10047","1307",391,"158817","96.2072502321398","3.7927497678602","2.59824761529112","1.19450215256908","1.62755587229659","0.300156951158383","0.219029412841309","0.750541784043872","0.127294038022371","0.0976369176615249","0.00216638914474692","0.00014940614791358","0.0084414473571173","0.0395926291970988","0.00493040288114816","0.0122513041289136","0.183097234268093","0.419905978711118"
2026,"Week 37","Local authority","E92000001","England","E12000008","South East","E10000032","West Sussex","938","Total",278.2,"101055.6","949587","956057","6470","46362","31986","14376","14519","1002419","464283","472104","936387","13200","20025","3262","24","0","73","0","570","4911","15","40","3066","1926","0","227","3705","50","562","2727","1319","9510","820",280,"115910","95.3749879042596","4.6250120957404","3.19088125823633","1.43413083750408","1.99766764197406","0.325412826373004","0.272041930569951","0.948705082405661","0.131581703858367","0.081802120670099","0.00239420840985656","0","0.00728238391331369","0.0568624497340932","0.00149638025616035","0.00399034734976093","0.305860124359175","0.489914895866898"
2026,"Week 37","Local authority","E92000001","England","E12000009","South West","E06000022","Bath and North East Somerset","800","Total",80,"21977.8","203100","203720","620","8431","5220","3211","3663","212151","98565","101229","199794","3306","3004","623","2","0","16","0","93","678","2","6","796","239","0","135","201","8","37","580","357","1899","375",80,"27058","96.0259437853227","3.97405621467728","2.46051161672582","1.51354459795146","1.41597258556406","0.293658761919576","0.273390179636203","0.895117157119222","0.168276369189869","0.176760892006165","0.000942724757366216","0","0.00754179805892972","0.043836701217529","0.000942724757366216","0.00282817427209865","0.375204453431754","0.319583692747147"
2026,"Week 37","Local authority","E92000001","England","E12000009","South West","E06000023","Bristol, City of","801","Total",136,"50816.6","445112","447241","2129","24699","12938","11761","8205","471940","216722","221326","438048","7064","7864","1298","8","1","0","0","295","2327","12","8","1125","1355","0","10","669","0","95","2444","1141","7103","1073",137,"61128","94.766495740984","5.23350425901598","2.74145018434547","2.49205407467051","1.6663135144298","0.27503496207145","0.517862440140696","1.50506420307666","0.241768021358647","0.227359410094504","0.00169513073695809","0.000211891342119761","0","0.0625079459253295","0.00254269610543713","0.00169513073695809","0.238377759884731","0.493071153112684"
2026,"Week 37","Local authority","E92000001","England","E12000009","South West","E06000024","North Somerset","802","Total",76.6,"26318.2","237950","239941","1991","9903","6096","3807","3022","249844","116827","118496","235323","2627","3694","750","2","0","0","0","101","1057","2","3","487","429","0","225","1263","6","68","879","395","2022","511",79,"31327","96.0363266678407","3.96367333215927","2.43992251164727","1.523750820512","1.47852259810122","0.300187316885737","0.351819535390083","0.809305006323946","0.158098653559821","0.204527625238149","0.000800499511695298","0","0","0.0404252253406125","0.000800499511695298","0.00120074926754295","0.194921631097805","0.423063991930965"
2026,"Week 37","Local authority","E92000001","England","E12000009","South West","E06000025","South Gloucestershire","803","Total",116.4,"34921.4","325762","327733","1971","15329","10053","5276","3915","343062","160609","161752","322361","3401","6318","1092","10","0","119","0","168","1570","1","9","766","640","0","64","1151","21","95","1116","514","3208","438",116,"40747","95.5317114690639","4.4682885309361","2.93037410147437","1.53791442946173","1.84164961435542","0.318309809888592","0.325305629886143","0.935107939672712","0.14982714494756","0.127673714955314","0.00291492499897978","0","0.0346876074878593","0.0489707399828602","0.000291492499897978","0.0026234324990818","0.223283254921851","0.457643224839825"
2026,"Week 37","Local authority","E92000001","England","E12000009","South West","E06000026","Plymouth","879","Total",95.4,"31389.8","288249","288927","678","14220","7910","6310","3283","303147","141615","143824","285439","2810","4735","871","8","0","34","0","200","1426","5","18","613","367","0","13","248","4","46","1445","473","3685","707",95,"36661","95.3092064246059","4.69079357539412","2.60929516043372","2.0814984149604","1.5619484936351","0.287319353317038","0.476666435755591","1.21558187941824","0.15602991288055","0.233220186906022","0.00263898372736659","0","0.011215680841308","0.0659745931841648","0.00164936482960412","0.00593771338657483","0.202212128109465","0.470398849403095"
2026,"Week 37","Local authority","E92000001","England","E12000009","South West","E06000027","Torbay","880","Total",41.6,"15878.8","147622","148103","481","7775","4706","3069","2337","155878","72222","73382","145604","2018","3089","427","5","0","0","0","187","759","8","6","225","389","0","3","18","16","55","407","319","2095","248",42,"19366","95.0121248668831","4.98787513311693","3.0190277011509","1.96884743196602","1.98167797893224","0.273932177728737","0.261101630762519","1.34399979471125","0.204647224111164","0.159098782381093","0.00320763674155429","0","0","0.119965614134131","0.00513221878648687","0.00384916408986515","0.144343653369943","0.486919257367942"
2026,"Week 37","Local authority","E92000001","England","E12000009","South West","E06000030","Swindon","866","Total",87,"31314","291695","293566","1871","13285","8278","5007","3725","306851","149787","138592","288379","3316","5366","871","8","3","4","0","170","1155","6","17","678","538","0","29","1241","0","63","591","409","3721","286",87,"36574","95.6705371662468","4.32946283375319","2.69772625802099","1.6317365757322","1.74873146901917","0.283851119924654","0.19260162098217","1.21264066273208","0.133289446669556","0.0932048453483938","0.00260712854121381","0.00097767320295518","0.00130356427060691","0.0554014815007935","0.00195534640591036","0.00554014815007935","0.220954143867871","0.376404183137744"
2026,"Week 37","Local authority","E92000001","England","E12000009","South West","E06000052","Cornwall","908","Total",268.8,"61340.6","572832","575367","2535","26081","15739","10342","6775","601448","282296","284421","566717","6115","9466","1890","7","2","6","2","644","2454","2","6","1260","718","0","270","1340","52","155","1764","660","6750","1168",271,"70627","95.663631768665","4.33636823133504","2.61685133211849","1.71951689921656","1.57386839760046","0.314241630199119","0.293292188185845","1.12229153642543","0.109735172450486","0.1941980021548","0.00116385788962637","0.000332530825607534","0.000997592476822601","0.107074925845626","0.000332530825607534","0.000997592476822601","0.209494420132746","0.408015323020444"
2026,"Week 37","Local authority","E92000001","England","E12000009","South West","E06000053","Isles of Scilly","420","Total",1,"c","c","c","c","c","c","c","c","c","c","c","c","c","c","c","c","c","c","c","c","c","c","c","c","c","c","c","c","c","c","c","c","c","c",1,"c","c","c","c","c","c","c","c","c","c","c","c","c","c","c","c","c","c","c"
2026,"Week 37","Local authority","E92000001","England","E12000009","South West","E06000054","Wiltshire","865","Total",232.2,"57924.2","534364","537419","3055","25402","16417","8985","7187","562821","262634","265309","527943","6421","9483","1817","18","0","77","0","296","2490","11","26","2199","1372","0","165","1122","14","382","1434","766","5281","1504",235,"68841","95.4866644990148","4.51333550098522","2.91691319264917","1.59642230833604","1.68490514746251","0.322837989342971","0.25478793435213","0.938308982784935","0.136100109981682","0.267225281217296","0.00319817490818573","0","0.0136810815516834","0.0525922096012764","0.00195444022166906","0.0046195859784905","0.390710367950023","0.442414195632359"
2026,"Week 37","Local authority","E92000001","England","E12000009","South West","E06000058","Bournemouth, Christchurch and Poole","839","Total",98,"43568.2","402648","405781","3133","18445","11800","6645","6769","424226","196469","199975","396444","6204","7413","1304","2","0","10","0","521","1261","3","52","1234","649","0","182","1477","4","821","1161","565","4377","542",98,"52107","95.6520816734476","4.34791832655236","2.78153625661793","1.56638206993442","1.74741765002617","0.30738332869744","0.273674880841815","1.03176137247599","0.133183727541452","0.127762089075163","0.000471446823155582","0","0.00235723411577791","0.122811897432029","0.000707170234733373","0.0122576174020451","0.290882689886994","0.297247221999595"
2026,"Week 37","Local authority","E92000001","England","E12000009","South West","E06000059","Dorset","838","Total",153.2,"38048.6","356979","359569","2590","17556","11427","6129","5528","377125","174906","176979","351885","5094","7804","1221","10","0","18","0","193","975","0","10","1196","618","0","53","1275","128","516","1136","434","4077","482",154,"44528","95.3447795823666","4.65522041763341","3.03002983095791","1.62519058667551","2.06934040437521","0.323765329797812","0.301226383824992","1.08107391448459","0.11508120649652","0.127809081869407","0.00265164070268479","0","0.00477295326483261","0.0511766655618164","0","0.00265164070268479","0.3171362280411","0.258534968511767"
2026,"Week 37","Local authority","E92000001","England","E12000009","South West","E06000066","Somerset","933","Total",261.4,"60458.8","546370","548461","2091","25579","15369","10210","5964","574040","270089","270947","541036","5334","9313","1594","10","0","28","0","486","2215","17","13","1693","870","0","56","981","53","131","1931","630","5921","1728",264,"68648","95.5440387429447","4.45596125705526","2.67733955821894","1.77862169883632","1.6223608110933","0.277680997839872","0.336387708173646","1.03146122221448","0.109748449585395","0.301024318862797","0.00174203888230785","0","0.00487770887046199","0.0846630896801617","0.00296146609992335","0.00226465054700021","0.29492718277472","0.385861612431189"
2026,"Week 37","Local authority","E92000001","England","E12000009","South West","E10000008","Devon","878","Total",354.8,"80962.8","736697","740233","3536","33201","19831","13370","6602","773434","364576","366383","730959","5738","11041","1937","5","0","86","0","422","2954","15","38","3333","1143","0","196","1831","109","257","2505","864","8499","1502",363,"96335","95.7073260291117","4.29267397088827","2.56401968364463","1.72865428724364","1.42752969225558","0.250441537351603","0.323880253518723","1.09886557870484","0.111709596423224","0.194198858596855","0.000646467571893659","0","0.0111192422365709","0.0545618630678248","0.00193940271568098","0.00491315354639181","0.430935283424313","0.381933041474774"
2026,"Week 37","Local authority","E92000001","England","E12000009","South West","E10000013","Gloucestershire","916","Total",292.8,"78212.6","713625","716033","2408","34150","24594","9556","10019","750183","350444","354115","704559","9066","16062","2290","7","1","125","10","477","3790","7","21","1804","990","0","138","1037","4","239","2068","953","5464","1071",295,"93251","95.4477774089789","4.55222259102112","3.27840007038283","1.2738225206383","2.14107757707119","0.305258850173891","0.275666070812055","0.72835561456338","0.127035669963196","0.142765165299667","0.000933105655553378","0.000133300807936197","0.0166626009920246","0.0635844853855659","0.000933105655553378","0.00279931696666013","0.240474657516899","0.505210062078186"
2026,"Week 37","National","E92000001","England","","","","","","Total",20865.6,"6847803.8","63531537","63848434","316897","3119515","1808363","1311152","1062836","66967949","31012858","31548328","62561186","970351","1146866","191261","1245","210","5379","12","45259","283595","1908","7272","125345","97621","0","17107","168825","6447","26897","330195","92485","780642","107830",21284,"8225560","95.3417790949518","4.65822090504817","2.70034102433091","1.95787988071727","1.71255954098281","0.285600802855706","0.493064226888597","1.16569495058002","0.138103378378812","0.161017324869842","0.00185909829790367","0.000313582845429535","0.00803220059793081","0.0675830761966445","0.00284912413847406","0.0108589259617313","0.18717162743031","0.423478700236138"
2026,"Week 37","Regional","E92000001","England","E12000001","North East","","","","Total",1079.2,"315115.8","2874164","2888866","14702","152629","81412","71217","42057","3041495","1412882","1422788","2835670","38494","52248","8933","31","6","388","0","4171","10219","84","48","5276","5114","0","784","7186","87","1531","23783","3563","40073","3798",1096,"380907","94.9817770537187","5.01822294628135","2.67670997322041","2.34151297306095","1.71783941778632","0.293704247417799","0.781950981343057","1.31754285310349","0.117146337574121","0.124872801040278","0.00101923560617394","0.000197271407646569","0.0127568843611448","0.137136506882306","0.00276179970705196","0.00157817126117255","0.173467324457216","0.335986085790047"
2026,"Week 37","Regional","E92000001","England","E12000002","North West","","","","Total",3045.2,"952046.4","8913546","8960519","46973","432489","242129","190360","161421","9393008","4337757","4429816","8767573","145973","159957","27041","183","4","547","0","7545","32937","265","339","13311","13103","0","3186","25191","1933","3560","56773","15448","106374","11765",3086,"1111521","95.3956283226843","4.60437167731572","2.57775783859654","2.02661383871918","1.70293690796388","0.287884349720558","0.604417668972495","1.1324806707287","0.16446275783008","0.125252741187913","0.00194825768273592","4.2584867382206e-05","0.00582348061451667","0.0803257060996861","0.00282124746407115","0.00360906751064196","0.141711792431136","0.35065444424193"
2026,"Week 37","Regional","E92000001","England","E12000003","Yorkshire and The Humber","","","","Total",2002.4,"652124.6","5982897","6011700","28803","307247","153681","153566","90777","6318947","2923945","2977577","5901522","81375","96897","16111","87","23","397","0","5990","21484","134","145","12412","8784","0","1580","15959","231","2249","46249","9402","89793","8122",2181,"819907","95.1376867063452","4.86231329365478","2.43206660856627","2.43024668508851","1.53343587151467","0.254963366522935","0.731909921067545","1.42101207685394","0.148790613372766","0.128534073794257","0.00137681167447678","0.000363984695551332","0.0062826923536469","0.0947942750588033","0.00212060648712515","0.00229468612412796","0.196425132225353","0.339993356488035"
2026,"Week 37","Regional","E92000001","England","E12000004","East Midlands","","","","Total",1989.4,"596579.6","5570122","5599397","29275","269945","163335","106610","76761","5869342","2730997","2769868","5500865","69257","106096","16681","90","7","705","0","4256","22584","63","182","12670","7650","0","1736","18708","58","1123","25918","7504","65360","7828",2037,"716109","95.4007621297242","4.59923787027575","2.78285027520973","1.81638759506602","1.80763022498945","0.284205623049398","0.441582719153186","1.11358308989321","0.127850788044043","0.133370997975582","0.00153339164764977","0.000119263794817204","0.0120115679065899","0.0725123872488603","0.00107337415335484","0.00310085866524731","0.21586746861914","0.384779077450249"
2026,"Week 37","Regional","E92000001","England","E12000005","West Midlands","","","","Total",2313.4,"787057.6","7347358","7378089","30731","358090","205493","152597","138304","7736179","3575872","3644799","7220671","126687","136989","19755","106","5","559","0","5076","31756","118","378","10751","8556","0","1271","18587","137","2180","41987","11617","88697","10296",2340,"936282","95.3712291300395","4.62877086996048","2.65625963411653","1.97251123584395","1.77075788965069","0.25535862083853","0.542735632151221","1.14652207504506","0.150164570907679","0.13308895773999","0.0013701854623581","6.46313897338725e-05","0.00722578937224694","0.0656137868578274","0.00152530079771939","0.00488613306388076","0.138970414205773","0.410486882477771"
2026,"Week 37","Regional","E92000001","England","E12000006","East of England","","","","Total",2472.4,"796562.4","7439126","7478861","39735","356661","226370","130291","112612","7835522","3643175","3693382","7336557","102569","138302","24202","171","9","1412","0","5261","37266","395","389","18963","10113","0","3378","20592","245","5407","27762","10043","82355","10131",2491,"948136","95.4481526565811","4.55184734341886","2.88902258203091","1.66282476138795","1.76506428033767","0.308875401026249","0.354309515052092","1.05104675859502","0.128172698640882","0.129295789099948","0.00218236896023009","0.000114861524222636","0.0180204969113736","0.0671429421039211","0.00504114467421571","0.00496457032473395","0.242013231537095","0.475603284631196"
2026,"Week 37","Regional","E92000001","England","E12000007","London","","","","Total",2395.8,"993064.8","9132164","9174449","42285","466302","238876","227426","182958","9640751","4425842","4534868","8960710","171454","146279","28012","306","84","218","0","3053","50329","369","3166","7060","15290","0","1508","21871","24","3592","53112","11504","133857","28953",2439,"1251759","95.1632191309577","4.83678086904226","2.47777377509283","2.35900709394942","1.51729880794556","0.290558277047089","0.550911438330894","1.38844992469985","0.119326803482426","0.300318927436255","0.00317402658776272","0.000871301416248589","0.00226123462788324","0.0316676574262731","0.00382750264994916","0.0328397652838456","0.0732308095085124","0.522044392599705"
2026,"Week 37","Regional","E92000001","England","E12000008","South East","","","","Total",3272.6,"1121900.2","10467097","10522401","55304","502005","326630","175375","180931","11024406","5103608","5197482","10301090","166007","205433","32533","169","65","630","0","5654","51874","389","2392","27490","18694","0","2125","26877","3313","4295","35150","14924","110022","15279",3297,"1313498","95.4464213309996","4.5535786690004","2.96279001335764","1.59078865564276","1.86343826597097","0.29509979948126","0.318838039890766","0.997985741816838","0.135372372897007","0.138592501038151","0.00153296241085461","0.000589600927251772","0.0057145936025941","0.051286209887408","0.00352853478001445","0.0216973141228652","0.249355838310019","0.470537823080899"
2026,"Week 37","Regional","E92000001","England","E12000009","South West","","","","Total",2295.2,"633352.4","5805063","5834152","29089","274147","170437","103710","77015","6108299","2858780","2877748","5736528","68535","104665","17993","102","7","523","12","4253","25146","91","233","17412","10317","0","1539","13854","419","2960","19461","8480","64111","11658",2317,"747441","95.511892918143","4.488107081857","2.79025306390535","1.69785401795164","1.71348848509217","0.29456645786331","0.31859933510131","1.04957206580752","0.138827519739947","0.190855097302866","0.00166985931762672","0.000114598188464579","0.00856212179528212","0.0696265850771221","0.00148977645003953","0.00381448255889242","0.28505480822075","0.411669435304329"
