"time_period","geographic_level","country_code","country_name","region_code","region_name","new_la_code","la_name","old_la_code","education_phase","num_schools","enrolments","present_sessions","overall_attendance","approved_educational_activity","overall_absence","authorised_absence","unauthorised_absence","late_sessions","possible_sessions","reason_present_am","reason_present_pm","reason_present","reason_l_present_late_before_registers_closed","reason_i_authorised_illness","reason_m_authorised_medical_dental","reason_r_authorised_religious_observance","reason_s_authorised_study_leave","reason_t_authorised_mobile_child","reason_h_authorised_holiday","reason_e_authorised_excluded","reason_c_authorised_other","reason_c1_authorised_regulated_performance","reason_j1_authorised_interview","reason_c2_authorised_temp_reduced_timetable","reason_b_aea_education_off_site","reason_j_aea_interview","reason_p_aea_approved_sporting_activity","reason_v_aea_educational_visit_trip","reason_w_aea_work_experience","reason_k_aea_education_arranged_by_la","reason_g_unauthorised_holiday","reason_u_unauthorised_late_after_registers_closed","reason_o_other_unauthorised","reason_n_no_reason_yet","total_num_schools","total_enrolments","attendance_perc","overall_absence_perc","authorised_absence_perc","unauthorised_absence_perc","illness_perc","appointments_perc","unauth_hol_perc","unauth_oth_perc","unauth_late_registers_closed_perc","unauth_not_yet_perc","auth_religious_perc","auth_study_perc","auth_mob_perc","auth_excluded_perc","auth_performance_perc","auth_interview_perc","auth_part_time_perc","auth_other_perc","pa_perc","time_identifier"
"202526","Local authority","E92000001","England","E12000007","London","E09000030","Tower Hamlets","211","Primary",64.6137566137566,"17836.0634920635","6163185","6216556","53371","392305","283070","109235","131973","6608861","2970885","3062694","6033579","129606","230064","17663","3078","1","2","0","1071","23095","81","4062","3953","7344","0","1792","43285","0","950","45100","2367","56894","4874",66,"22973","94.0639544393504","5.93604556064956","4.28318888837275","1.65285667227681","3.48114448162853","0.26726239211265","0.682417136629141","0.86087451377779","0.0358155512727534","0.0737494705971271","0.0465738347349112","1.51312003687171e-05","3.02624007374342e-05","0.016205515594896","0.00122562722986608","0.0614629358977288","0.0598136350575387","0.349455072515521","17.5641357864732","Academic year"
"202526","Local authority","E92000001","England","E12000005","West Midlands","E08000030","Walsall","335","Primary",84.3174603174603,"22962.0687830688","7713009","7778353","65344","471536","275797","195739","139171","8249889","3743107","3845840","7588947","124062","206249","18737","8189","4","781","0","2809","24664","148","730","13486","14668","0","2487","47860","0","329","51930","15109","126787","1913",85,"22336","94.2843352195405","5.71566478045947","3.34303891846302","2.37262586199645","2.500021515441","0.227118207287395","0.629463014593287","1.53683279859887","0.183141858029847","0.0231881907744456","0.099261941584911","4.84855008352234e-05","0.00946679403807736","0.0340489429615356","0.00179396353090326","0.00884860390242826","0.163468866065956","0.298961598149987","15.8562446519588","Academic year"
"202526","Local authority","E92000001","England","E12000007","London","E09000004","Bexley","303","Primary",58.2380952380952,"17487.4761904762","6011813","6085121","73308","320157","220833","99324","87429","6405278","2940991","2990285","5931276","80537","176973","19472","2480","14","55","0","896","15247","122","639","4935","11717","0","1590","59564","2","435","31180","6892","58853","2399",60,"21793","95.0016689361492","4.99833106385078","3.44767237269015","1.55065869116063","2.76292457563903","0.303999295580926","0.4867860536264","0.918820385313487","0.107598764643783","0.0374534875769639","0.038718069691901","0.000218569748260731","0.000858666868167158","0.0139884638886868","0.00190467923484352","0.0099761477956148","0.0770458362619078","0.238038067980812","12.9380483913853","Academic year"
"202526","Local authority","E92000001","England","E12000008","South East","E06000036","Bracknell Forest","867","Primary",28.7037037037037,"8810.07936507937","2817969","2851100","33131","142496","111068","31428","26149","2993596","1395031","1399656","2794687","23282","77884","7394","776","3","58","0","2331","16350","129","1915","4228","5732","0","3704","22715","0","980","14111","2867","13493","957",29,"9199","95.239972260786","4.76002773921398","3.71018667849636","1.04984106071761","2.60168706799448","0.246993916346762","0.471372890663937","0.450728822459677","0.0957711060543908","0.0319682415396065","0.0259220014992003","0.000100213923321651","0.00193746918421858","0.0778662184209225","0.00430919870283098","0.0639698877203203","0.141234822601313","0.546165882102996","12.2080312967438","Academic year"
"202526","Local authority","E92000001","England","E12000005","West Midlands","E10000031","Warwickshire","937","Primary",194.291005291005,"39847.6402116402","13745534","13900734","155200","785002","584536","200466","160964","14685736","6763843","6843227","13607070","138464","431408","36196","3962","37","2939","4","7472","71068","511","1868","29071","28080","0","8755","114361","3","4001","64979","22500","106922","6065",195,"44961","94.6546635456337","5.34533645436633","3.98029761668057","1.36503883768577","2.93759876930921","0.246470452689603","0.442463353556131","0.728067016865889","0.153209890195493","0.0412985770682518","0.026978559331313","0.000251945152765922","0.020012616323758","0.05087930220181","0.00347956683955098","0.0127198255504525","0.19795398746103","0.483925354507258","13.2950253713015","Academic year"
"202526","Local authority","E92000001","England","E12000009","South West","E06000052","Cornwall","908","Primary",231.542553191489,"32368.7340425532","11118069","11288928","170859","648897","483997","164900","126181","11937825","5481201","5531837","11013038","105031","357002","38201","932","7","425","47","8240","48030","113","584","30416","27287","0","20639","120715","3","2215","61949","21150","73663","8138",235,"39842","94.5643615985324","5.4356384014676","4.05431475164027","1.38132364982733","2.99051125309677","0.319999664930588","0.518930374670428","0.617055451893456","0.177167951448442","0.0681698718150082","0.00780711729314176","5.86371470514939e-05","0.00356011249955499","0.0690242988149014","0.000946571088116973","0.0048920134111532","0.254786780674034","0.402334596126179","13.3699686394108","Academic year"
"202526","Local authority","E92000001","England","E12000008","South East","E10000014","Hampshire","850","Primary",413.804232804233,"85429.5925925926","30139992","30546748","406756","1550431","1206606","343825","277243","32097179","14926629","14984722","29911351","228641","854546","81568","5573","29","5850","0","7657","154947","1847","3934","90655","81739","0","28445","290464","16","6092","142637","48602","139990","12596",423,"99624","95.1695723789309","4.83042762106913","3.75922756326966","1.07120005779947","2.66237104513141","0.254128252205591","0.444391078730003","0.436144248066162","0.151421406847","0.0392433241563067","0.0173628965959906","9.03506192865111e-05","0.0182259007871066","0.023855679030235","0.00575439978697193","0.0122565288370046","0.28243915142823","0.482743358847829","11.1593385129563","Academic year"
"202526","Local authority","E92000001","England","E12000001","North East","E06000005","Darlington","841","Primary",28.2176165803109,"6706.16580310881","2369587","2394877","25290","147646","105793","41853","23423","2542523","1170033","1180417","2350450","19137","77297","7422","414","0","9093","0","1593","8086","16","6","1866","10074","0","3196","11777","0","243","17360","4286","19265","942",29,"8589","94.1929335545834","5.80706644541662","4.16094564336291","1.64612080205371","3.04016915481197","0.29191476340627","0.68278635040863","0.757711926303125","0.168572713009872","0.0370498123320812","0.016283038540851","0","0.357636882734197","0.0626543004724048","0.000629296175491824","0.000235986065809434","0.073391666466734","0.318030554689181","16.5197929780389","Academic year"
"202526","Local authority","E92000001","England","E12000008","South East","E06000039","Slough","871","Primary",27.7089947089947,"13746.6613756614","4637082","4674207","37125","285926","217338","68588","53852","4960133","2279016","2308693","4587709","49373","163256","10160","9989","2","23","0","590","27827","26","2382","3083","4427","0","2818","29811","0","69","30502","4479","31494","2113",28,"16718","94.2355174750355","5.76448252496455","4.38169702304354","1.38278550192102","3.29136335658741","0.204833217173814","0.614943188015321","0.634942651739379","0.0902999980040858","0.0425996641622311","0.20138572897138","4.03214994436641e-05","0.000463697243602137","0.0118948423358809","0.000524179492767633","0.048022905837404","0.0621555913924082","0.561013182509421","17.4207531834191","Academic year"
"202526","Local authority","E92000001","England","E12000002","North West","E08000007","Stockport","356","Primary",85.1340206185567,"20785.5412371134","7148638","7203103","54465","367870","266616","101254","105667","7570973","3487742","3570478","7058220","90418","208838","21076","4994","46","142","0","1494","22412","635","368","6611","9459","0","2523","42317","2","164","35434","15249","47942","2629",86,"22534","95.1410472603719","4.85895273962805","3.52155528754362","1.33739745208443","2.75840370847974","0.278379014163701","0.468024387354175","0.633234328005132","0.201414005835181","0.0347247308899398","0.065962459514781","0.000607583728009597","0.0018755845516818","0.0197332628183986","0.00838729711491508","0.00486066982407677","0.0873203483885096","0.296025358959806","12.0206978904073","Academic year"
"202526","Local authority","E92000001","England","E12000002","North West","E08000014","Sefton","343","Primary",73.4867724867725,"17861.8306878307","6063141","6117097","53956","344235","232140","112095","93844","6461332","2955793","3024134","5979927","83214","189287","20679","869","1","115","18","1419","14705","320","32","4695","11149","0","4637","37825","0","345","48786","10630","46578","6101",74,"21738","94.6723833413915","5.32761665860847","3.5927576543041","1.73485900430438","2.9295352722937","0.320042368972837","0.755045554074609","0.720873033609788","0.164517161476921","0.0944232551430572","0.0134492392590258","1.54766849931253e-05","0.0017798187742094","0.0219614160052447","0.00495253919780008","0.000495253919780008","0.0726630360427231","0.227584652823907","13.5877100549054","Academic year"
"202526","Local authority","E92000001","England","E12000007","London","E09000003","Barnet","302","Primary",88.1640211640212,"22735.4338624339","8015747","8104704","88957","407763","308843","98920","131716","8512467","3914124","3984654","7898778","116969","201306","29965","13142","7","90","0","1042","44921","719","7381","10270","9293","0","10145","68667","4","848","18764","14747","61409","4000",91,"28995","95.209814029235","4.790185970765","3.62812566556793","1.16206030519707","2.36483736148404","0.352013112062578","0.220429635733096","0.721400740819318","0.173240025482624","0.0469899031620328","0.154385326838859","8.22323305335574e-05","0.00105727282114574","0.0122408697737095","0.0084464350933754","0.0867081188097411","0.120646576368519","0.527708359985419","10.9184951711319","Academic year"
"202526","Local authority","E92000001","England","E12000002","North West","E08000015","Wirral","344","Primary",89.1693121693122,"20384.7989417989","7036037","7100552","64515","417860","287020","130840","103103","7518412","3436301","3510431","6946732","89305","226707","20975","1340","24","0","0","1991","25304","689","318","9672","20617","0","2540","41050","2","306","50858","13798","61730","4454",90,"23065","94.4421774172525","5.55782258274753","3.81756147441774","1.74026110832979","3.01535749836535","0.278981784983318","0.676446036742865","0.821051041097508","0.183522797101303","0.0592412333881144","0.017822912604417","0.000319216345153737","0","0.0264816559667121","0.00916416924212187","0.00422961657328702","0.128644187096956","0.336560433240424","14.0378046003188","Academic year"
"202526","Local authority","E92000001","England","E12000006","East of England","E06000033","Southend-on-Sea","882","Primary",32.5767195767196,"12562.126984127","4338658","4390211","51553","249635","174015","75620","60300","4639846","2123239","2161232","4284471","54187","135333","11272","2145","2","0","0","913","18584","212","258","5296","6281","0","10685","34232","1","354","26031","6113","42282","1194",33,"14620","94.6197567764102","5.38024322358975","3.7504477519297","1.62979547166005","2.91675628889407","0.242939097547634","0.561031551478217","0.911280245077099","0.131750062394312","0.0257336127104219","0.0462299826330443","4.31048789119294e-05","0","0.0196773772232958","0.00456911716466452","0.00556052937963889","0.114141719358789","0.400530534849648","14.7823008849558","Academic year"
"202526","Local authority","E92000001","England","E12000008","South East","E06000060","Buckinghamshire","825","Primary",182.126984126984,"39125.1111111111","12672213","12818849","146636","698025","542431","155594","169007","13516874","6217204","6307968","12525172","147041","403415","36849","11581","1","3352","0","3180","61145","663","582","21663","19989","0","7849","115991","0","2807","66070","21966","64616","2942",182,"43883","94.8358991879335","5.16410081206646","4.01299146533437","1.15110934673209","2.98452881931133","0.272614807240195","0.488796448054484","0.478039523043568","0.162507988163535","0.0217653874705054","0.0856780939143178","7.3981602551004e-06","0.0247986331750966","0.0235261496112193","0.00490498024913157","0.00430572926846843","0.16026634560624","0.452360508798114","12.8594228966635","Academic year"
"202526","Local authority","E92000001","England","E12000001","North East","E08000024","Sunderland","394","Primary",80.6914893617021,"17944.2659574468","5981002","6048984","67982","341926","226981","114945","65667","6390910","2937873","2983593","5921466","59536","185154","18057","1365","0","1938","0","2133","14394","191","14","3735","14398","0","1772","50543","2","1267","48429","6131","55572","4813",81,"22551","94.6498073044371","5.35019269556292","3.55162253888726","1.79857015667565","2.89714610282417","0.282541922824762","0.757779408566229","0.869547529225102","0.0959331300237368","0.0753100888605848","0.0213584606886969","0","0.0303243200107653","0.0333755286805791","0.00298861977402279","0.000219061135268686","0.0584423814448959","0.225226141504105","14.2944207435315","Academic year"
"202526","Local authority","E92000001","England","E12000007","London","E09000029","Sutton","319","Primary",40.4867724867725,"15132.7566137566","5235039","5300438","65399","281569","203600","77969","75531","5582007","2559603","2607782","5167385","67654","155767","14384","3763","58","505","0","1512","18486","391","2887","5847","9222","0","4263","51526","4","384","22625","7877","45004","2463",41,"17037","94.9557748673551","5.04422513264494","3.64743362020148","1.39679151244346","2.79051961059884","0.257685094268065","0.405320165309717","0.806233313573415","0.141114118989819","0.044123914570512","0.0674130290413466","0.001039052799468","0.00904692523674728","0.0270870315999245","0.00700464904468948","0.0517197488286919","0.104747271008438","0.331171207775268","11.9413919413919","Academic year"
"202526","Local authority","E92000001","England","E12000005","West Midlands","E08000031","Wolverhampton","336","Primary",70.2872340425532,"21500.9521276596","6969601","7040500","70899","419512","259978","159534","131472","7460012","3373158","3472589","6845747","123854","191659","12987","4795","15","239","0","3332","32727","196","83","13945","20698","0","1712","46959","3","1527","47980","7618","100281","3655",72,"24007","94.3765237911145","5.62347620888545","3.48495417969837","2.13852202918708","2.56915136329539","0.174088191815241","0.64316250429624","1.34424716743083","0.102117798201933","0.0489945592580816","0.0642760360171002","0.000201072062618666","0.00320374819772408","0.044664807509693","0.00262734161821724","0.00111259874648995","0.186929994214487","0.438699026221406","16.0028038924625","Academic year"
"202526","Local authority","E92000001","England","E12000007","London","E09000026","Redbridge","317","Primary",51.3333333333333,"21844.3862433862","7587870","7648357","60487","463911","326657","137254","109051","8112268","3718999","3770614","7489613","98257","237853","19923","23334","32","40","0","896","37262","362","4760","2195","5210","0","2460","51651","2","1164","46385","10794","75207","4868",52,"27451","94.281364964767","5.71863503523306","4.0267037528839","1.69193128234915","2.9320160527241","0.24559099871947","0.571788308768892","0.927077359870261","0.133057734285899","0.0600078794241019","0.287638426146671","0.000394464285450136","0.000493080356812669","0.0110449999926038","0.00446237722915466","0.0586765624607077","0.0270577845800952","0.459329006388842","16.988272477751","Academic year"
"202526","Local authority","E92000001","England","E12000007","London","E09000011","Greenwich","203","Primary",61.2645502645503,"19098.4126984127","6474487","6547011","72524","358752","221822","136930","133887","6905763","3123567","3225537","6349104","125383","157747","19522","6007","106","101","0","945","29457","285","2516","5136","17120","0","2136","52029","0","1239","25569","8504","95226","7631",62,"23077","94.8050345776419","5.19496542235811","3.21212876839243","1.98283665396568","2.28428053496768","0.282691427435317","0.370255973163284","1.37893524582295","0.123143525197723","0.110501909781729","0.0869853193629726","0.00153494986723408","0.00146254657160983","0.013684222872983","0.00412698785058219","0.036433338358122","0.0743726652652285","0.4265567758407","15.3167880319017","Academic year"
"202526","Local authority","E92000001","England","E12000008","South East","E06000037","West Berkshire","869","Primary",66.5132275132275,"11191.7883597884","3606736","3666734","59998","195399","152504","42895","38214","3862133","1783346","1790612","3573958","32778","109761","11146","1131","65","112","0","1294","17851","198","359","10587","8317","0","6767","43716","3","1195","16425","5436","19442","1592",67,"11633","94.9406454930475","5.05935450695251","3.94869881487769","1.11065569207482","2.84197877183411","0.288597000672944","0.425283127225292","0.503400582009993","0.140751237722782","0.0412207451167528","0.0292843358838238","0.00168300780941516","0.00289995191776151","0.0335048016212803","0.00512670071175695","0.00929538159353911","0.274123133511974","0.462205729321077","12.1955373871572","Academic year"
"202526","Local authority","E92000001","England","E12000003","Yorkshire and The Humber","E08000036","Wakefield","384","Primary",111.089947089947,"24421.164021164","8610032","8698913","88881","493516","336416","157100","86200","9192429","4245241","4292687","8537928","72104","249386","23450","3633","12","3635","0","3871","33141","98","58","19132","16056","0","4794","67431","1","599","76852","14096","62430","3722",113,"30915","94.6312775437265","5.36872245627353","3.65970735264858","1.70901510362495","2.71294997219995","0.25510123602804","0.836035829050189","0.679145849263562","0.153343583072548","0.040489842238651","0.0395216541786725","0.000130542210334178","0.0395434112137282","0.0421107413503003","0.00106609471772912","0.000630954016615195","0.208127797342792","0.360524949390417","13.9035604362199","Academic year"
"202526","Local authority","E92000001","England","E12000009","South West","E06000030","Swindon","866","Primary",64.7354497354497,"16449.9735449735","5627310","5691897","64587","297103","222065","75038","56365","5989000","2776736","2804364","5581100","46210","159243","14463","2454","28","526","0","1156","29474","118","643","13960","14541","0","3690","44780","0","1576","15820","10155","46739","2324",66,"20381","95.0391885122725","4.9608114877275","3.70788111537819","1.25293037234931","2.65892469527467","0.241492736683921","0.264150943396226","0.780414092502922","0.169560861579563","0.0388044748705961","0.040975121055268","0.00046752379362164","0.00878276840874937","0.0193020537652363","0.00197027884454834","0.0107363499749541","0.233094005677075","0.49213558190015","11.9397974598556","Academic year"
"202526","Local authority","E92000001","England","E12000009","South West","E10000013","Gloucestershire","916","Primary",240.751322751323,"40307.873015873","13792063","13968615","176552","785706","604459","181247","144723","14754321","6808192","6861306","13669498","122565","427010","40423","3637","8","4635","0","6996","80523","309","1063","39855","31356","0","17917","123400","17","3862","80702","22158","72194","6193",242,"47743","94.6747396915114","5.32526030848861","4.096826956659","1.22843335182961","2.89413521638847","0.273973976843801","0.546971968415219","0.489307505238635","0.150179733787817","0.041974144387939","0.0246504058031542","5.42214040212355e-05","0.0314145259548033","0.0474166178165705","0.00209430173032022","0.00720466905932167","0.270124257158293","0.545758764500244","12.977754464605","Academic year"
"202526","Local authority","E92000001","England","E12000005","West Midlands","E06000021","Stoke-on-Trent","861","Primary",70.026455026455,"18628.9206349206","6478176","6558742","80566","364328","230810","133518","103676","6923070","3162065","3224125","6386190","91986","180424","12974","7829","1","0","0","2650","17161","53","539","9179","16144","0","3181","60601","4","636","41250","11690","78255","2323",71,"23582","94.7374791819236","5.26252081807637","3.33392555614778","1.9285952619286","2.60612705057149","0.187402409624632","0.595833929167263","1.13035113035113","0.16885572441128","0.0335544779989224","0.113085668641224","1.44444588889033e-05","0","0.0382778160555938","0.000765556321111877","0.0077855633411189","0.132585688141244","0.24788135899247","15.3891422686479","Academic year"
"202526","Local authority","E92000001","England","E12000006","East of England","E06000056","Central Bedfordshire","823","Primary",94.010582010582,"18177.5238095238","6291590","6354212","62622","347378","256250","91128","53165","6701590","3120062","3132433","6252495","39095","187260","18648","1991","0","1570","0","2373","30738","296","661","12713","7931","0","4848","48230","1","1612","33307","14070","42128","1623",95,"23786","94.8164838493552","5.18351615064485","3.82371944568379","1.35979670496106","2.79426225716584","0.278262322821898","0.497001457862985","0.628626937786406","0.209950176003008","0.0242181333086626","0.0297093674784641","0","0.0234272762135553","0.0354095072960297","0.00441686226701425","0.00986333094086627","0.189701250001865","0.458667271498256","12.4403419520638","Academic year"
"202526","Local authority","E92000001","England","E12000003","Yorkshire and The Humber","E08000035","Leeds","383","Primary",219.585106382979,"59629.9308510638","19661814","19869077","207263","1150524","702927","447597","311791","21019601","9596002","9801104","19397106","264708","523244","54373","18287","61","361","0","5167","61948","607","1122","37757","42524","0","9093","151336","10","4300","153813","47083","236032","10669",221,"67729","94.526423218024","5.47357678197602","3.34415006260109","2.12942671937493","2.48931461639067","0.25867760287172","0.731759846440472","1.1229137984113","0.223995688595611","0.0507573859275445","0.0869997484728659","0.000290205318359754","0.00171744458898149","0.0245818177043418","0.00288778079089132","0.00533787487212531","0.179627577136217","0.294715394454919","15.1597431103162","Academic year"
"202526","Local authority","E92000001","England","E12000001","North East","E06000001","Hartlepool","805","Primary",29.6648936170213,"6380.5","2213976","2239581","25605","123532","81828","41704","29751","2363113","1083795","1104054","2187849","26127","68385","5708","543","0","0","0","277","5299","172","131","1313","6991","0","1524","16804","0","286","16399","3624","20338","1343",30,"8396","94.7724886622011","5.22751133779891","3.46272057239751","1.7647907654014","2.89385230414288","0.24154579150468","0.693957504359715","0.86064441268784","0.153357033709349","0.0568318146444965","0.0229781648190332","0","0","0.0117218262520667","0.00727853471247461","0.00554353515891961","0.0555623027760416","0.224238113031412","13.2996132103541","Academic year"
"202526","Local authority","E92000001","England","E12000005","West Midlands","E08000028","Sandwell","333","Primary",91.6878306878307,"29293.1693121693","9682863","9763536","80673","582823","359946","222877","178978","10346359","4696272","4829006","9525278","157585","283679","20932","14350","8","30","0","1829","27753","135","460","10770","15528","0","538","64103","0","504","47122","21393","151478","2884",93,"34406","94.3668782419013","5.63312175809867","3.47896298591611","2.15415877218256","2.74182444278224","0.202312716966423","0.455445244070885","1.46407059720236","0.206768390696669","0.0278745402126487","0.138696134553228","7.73218868589423e-05","0.000289957075721034","0.0176777163831257","0.00130480684074465","0.00444600849438919","0.104094590183851","0.268239290749528","16.6873530180298","Academic year"
"202526","Local authority","E92000001","England","E12000002","North West","E08000010","Wigan","359","Primary",97.4893617021277,"21844.9627659574","7654109","7725443","71334","424902","297734","127168","109908","8150345","3742285","3814029","7556314","97795","237235","22433","1585","1","2129","20","3234","22648","130","234","8085","12158","0","8868","48291","0","2017","55661","12113","55942","3452",99,"26545","94.7866992133462","5.21330078665382","3.65302327692877","1.56027750972505","2.91073568051414","0.275239882483502","0.682928145986458","0.686375852801323","0.14861947561729","0.0423540353199773","0.0194470295429212","1.22694192699818e-05","0.0261215936257913","0.0396793019191212","0.00159502450509764","0.00287104410917575","0.099198254797803","0.277877807626548","13.0509716058426","Academic year"
"202526","Local authority","E92000001","England","E12000008","South East","E06000045","Southampton","852","Primary",53.0476190476191,"15669.5925925926","5350230","5403342","53112","337391","226129","111262","84433","5740733","2613502","2667720","5281222","69008","174884","13422","3754","3","1837","0","2242","19592","797","63","9535","9034","0","2947","40694","0","437","32481","15425","61899","1457",54,"18882","94.1228585269512","5.87714147304882","3.93902660165522","1.9381148713936","3.04637055929966","0.233802895901969","0.565798827431967","1.07824209904902","0.268693910690499","0.0253800342221107","0.065392346238712","5.22581349803239e-05","0.031999397986285","0.0390542462086288","0.0138832445264394","0.0010974208345868","0.166093772345796","0.341280460178169","17.1829822387443","Academic year"
"202526","Local authority","E92000001","England","E12000007","London","E09000008","Croydon","306","Primary",85.6084656084656,"26896.8148148148","8943721","9034787","91066","521220","358917","162303","166300","9556007","4337297","4458467","8795764","147957","264782","25364","9785","105","153","0","2031","39111","321","8706","8559","9002","4","8178","71546","2","2334","37766","18343","99289","6905",87,"31060","94.5456297803047","5.45437021969532","3.75593069364642","1.6984395260489","2.77084351235825","0.265424669529857","0.395206910166558","1.03902184249133","0.191952559264555","0.0722582141264652","0.102396325159661","0.00109878529808528","0.00160108714863855","0.0212536470515352","0.00335914362557499","0.0911049981440993","0.0895666987267799","0.409281826603936","16.1944896947376","Academic year"
"202526","Local authority","E92000001","England","E12000002","North West","E06000064","Westmorland and Furness","943","Primary",118.534391534392,"11889.3862433862","4185107","4260109","75002","203222","151375","51847","36423","4463331","2074163","2079420","4153583","31524","120703","12538","536","0","108","0","925","13177","127","454","2807","12941","0","11475","49524","6","1056","30600","4899","12936","3412",121,"15632","95.4468534822983","4.55314651770169","3.39152529803414","1.16162121966755","2.70432553624188","0.280911274561533","0.685586616811525","0.289828381538362","0.109761073064041","0.0764451482536249","0.0120089681899012","0","0.0024197174710995","0.0207244320441392","0.00284540850768182","0.0101717752951775","0.0628902494571879","0.295227936265538","9.20407999357481","Academic year"
"202526","Local authority","E92000001","England","E12000002","North West","E08000008","Tameside","357","Primary",73.7577319587629,"16733.2010309278","5852649","5889956","37307","315262","195507","119755","94335","6205218","2848324","2922666","5770990","81659","150519","15500","4958","14","98","0","4848","11650","267","472","7181","11484","0","1557","23453","2","811","43798","12676","61019","2262",76,"18691","94.9194049266279","5.08059507337212","3.15068705080144","1.92990802257068","2.4256843192294","0.249789773703357","0.705825323139332","0.983349819458398","0.204279688481533","0.036453191491419","0.079900496646532","0.000225616569796581","0.00157931598857607","0.0781277950267017","0.00430283029540622","0.00760650149599901","0.115725184836375","0.187745217009298","13.0002163097556","Academic year"
"202526","Local authority","E92000001","England","E12000002","North West","E08000005","Rochdale","354","Primary",68.2446808510638,"18550.6382978723","6258244","6303812","45568","363632","215429","148203","111370","6667444","3041006","3124484","6165490","92754","168368","17419","4911","0","136","0","2448","13877","185","78","8007","9823","0","3243","31549","0","953","50857","18616","77020","1710",69,"18961","94.5461559182199","5.45384408178006","3.23105825860705","2.22278582317302","2.52522555869986","0.261254537720902","0.762766061477232","1.15516530772512","0.279207444411982","0.0256470095586855","0.0736564116624002","0","0.00203976216373171","0.0367157189471708","0.00277467647272328","0.00116986359390495","0.120090997389704","0.208130731956654","15.405701754386","Academic year"
"202526","Local authority","E92000001","England","E12000002","North West","E06000007","Warrington","877","Primary",67.5053191489362,"14564.5957446809","5089690","5148044","58354","233060","165002","68058","67788","5381104","2492960","2536832","5029792","59898","133396","13791","1297","22","57","0","807","12430","32","255","2915","13136","0","2599","41241","5","1373","34635","7890","24628","905",69,"14868","95.6689184970222","4.33108150297783","3.06632244981699","1.26475905316084","2.47897085802467","0.25628569899411","0.643641156164237","0.4576755996539","0.146624187155647","0.0168181101870546","0.0241028606769169","0.000408838037696354","0.00105926218857692","0.014996922564589","0.000594673509376515","0.0047388045278441","0.0541710399947669","0.23099349129844","10.0359445427055","Academic year"
"202526","Local authority","E92000001","England","E12000001","North East","E06000003","Redcar and Cleveland","807","Primary",43.6276595744681,"8561.02127659574","2958582","3011310","52728","176997","106619","70378","44622","3188307","1449935","1470443","2920378","38204","84826","7515","300","2","93","0","1288","6612","16","6","5961","8424","0","12363","31095","0","846","27476","6418","35920","564",44,"11770","94.4485584355584","5.55144156444157","3.34406316581182","2.20737839862974","2.66053425846382","0.235705030914526","0.861773975969064","1.12661672793743","0.201298055676571","0.017689639046679","0.00940938247163777","6.27292164775851e-05","0.00291690856620771","0.0403976154115648","0.000501833731820681","0.000188187649432755","0.186964429711442","0.207382789674896","14.0553764038697","Academic year"
"202526","Local authority","E92000001","England","E12000004","East Midlands","E10000007","Derbyshire","830","Primary",343.824742268041,"46953.8195876289","16914148","17124922","210774","917215","687526","229689","168358","18042137","8350310","8425183","16775493","138655","501220","52329","1507","7","3508","0","7343","73142","265","117","48088","47676","0","18749","142702","9","1638","92410","29703","93775","13801",353,"55950","94.9162618596677","5.08373814033227","3.81066832604142","1.27306981429085","2.77805228948212","0.290037704513606","0.512189880832853","0.519755503463919","0.164631274000414","0.0764931559936608","0.00835266908792456","3.87980647746994e-05","0.0194433730328065","0.0406991699486596","0.00146878388075648","0.000648481939805689","0.26653161984082","0.405395436250152","12.265612893228","Academic year"
"202526","Local authority","E92000001","England","E12000009","South West","E06000054","Wiltshire","865","Primary",198.185185185185,"30650.6349206349","10475317","10627521","152204","534545","412629","121916","95662","11162066","5188025","5207782","10395807","79510","294758","31351","1383","19","913","60","2980","52354","193","1403","27215","44660","0","12981","89271","1","5291","49077","16152","51448","5239",201,"34684","95.2110568061504","4.7889431938496","3.69670811837163","1.09223507547796","2.64071185388081","0.280870942708993","0.43967666917576","0.460918256530646","0.144704394329867","0.0469357554416897","0.0123901793807705","0.0001702193841176","0.00817948935259834","0.0266975665616025","0.00172907058603667","0.0125693576798417","0.243816870461078","0.469035033478569","10.6212056172196","Academic year"
"202526","Local authority","E92000001","England","E12000005","West Midlands","E06000019","Herefordshire, County of","884","Primary",77.1058201058201,"10743.7301587302","3742960","3792361","49401","203941","166532","37409","35554","3996302","1851878","1859536","3711414","31546","110922","14104","342","9","605","0","1626","34236","57","422","4209","7205","0","7496","33585","5","1110","16190","4008","15903","1308",78,"13055","94.8967570518945","5.10324294810552","4.16715253251631","0.936090415589212","2.77561605704474","0.35292628034618","0.405124537635044","0.397942898209395","0.100292720620213","0.0327302591245607","0.00855791178944935","0.000225208204985509","0.0151389960018037","0.0406876157007153","0.00142631863157489","0.0105597625004316","0.105322370531556","0.856692011764877","11.7946915099314","Academic year"
"202526","Local authority","E92000001","England","E12000005","West Midlands","E06000051","Shropshire","893","Primary",124.783068783069,"17310.1851851852","5939483","6008470","68987","324705","250989","73716","49969","6333175","2944668","2954120","5898788","40695","188721","18514","516","8","1562","0","1691","30300","140","746","8791","12653","0","6970","48635","3","726","31136","9274","29223","4083",127,"19152","94.8729507711377","5.1270492288623","3.96308328760851","1.16396594125379","2.9798797601519","0.292333624130077","0.491633343465166","0.461427325156813","0.146435239828364","0.0644700328034517","0.00814757211035539","0.00012631894744737","0.0246637744890991","0.0267006675166879","0.00221058158032898","0.0117792418494673","0.138808733376229","0.478433013456915","12.4754888971329","Academic year"
"202526","Local authority","E92000001","England","E12000009","South West","E06000058","Bournemouth, Christchurch and Poole","839","Primary",64.7407407407407,"20971.0582010582","7397856","7487346","89490","384684","287025","97659","83164","7872030","3644988","3683494","7328482","69374","219292","20920","1861","0","141","0","3088","26211","255","780","14477","13891","0","8078","62473","0","5048","38839","13790","42374","2656",66,"25674","95.1132808182896","4.88671918171044","3.6461370192949","1.24058216241554","2.78571092843904","0.265751019749671","0.493379725432957","0.538285550232913","0.175177177932503","0.0337397088171666","0.0236406619385343","0","0.00179115171054988","0.0392274927814045","0.0032393169233349","0.00990849882431851","0.183904278820076","0.332963670107965","11.636396011396","Academic year"
"202526","Local authority","E92000001","England","E12000008","South East","E06000042","Milton Keynes","826","Primary",88.6084656084656,"22902.4920634921","7652341","7724635","72294","387590","288482","99108","96183","8112225","3755980","3811784","7567764","84577","217031","19230","6730","28","333","0","2275","29900","283","391","12281","10394","0","3200","58219","2","479","39407","11606","46356","1739",89,"25007","95.2221492870328","4.77785071296716","3.55613903707059","1.22171167589656","2.67535725402094","0.237049638046282","0.485773015418088","0.571433854460398","0.143068023877543","0.0214367821405348","0.082961209779068","0.000345158079318559","0.00410491572903858","0.0280440939446329","0.00348856201596972","0.00481988603619845","0.151388799003972","0.368579520415176","11.6506843701336","Academic year"
"202526","Local authority","E92000001","England","E12000006","East of England","E10000012","Essex","881","Primary",438.952380952381,"101712.582010582","35027637","35445787","418150","2079609","1486643","592966","460595","37525396","17193892","17433433","34627325","400312","1091860","96273","8985","172","13587","0","17735","159561","1039","4096","93335","55964","0","60269","291139","65","10713","206984","60283","311302","14397",444,"120045","94.4581291027548","5.54187089724516","3.96169836555489","1.58017253169027","2.90965616991757","0.256554254617326","0.551583786084496","0.829576855098345","0.160645872997583","0.0383660175098485","0.0239437846305473","0.000458356255587549","0.0362074793294653","0.0472613267025883","0.00276879156718293","0.0109152745516663","0.248724890205023","0.425208037777936","14.1328996282528","Academic year"
"202526","Local authority","E92000001","England","E12000001","North East","E06000004","Stockton-on-Tees","808","Primary",59.4521276595745,"13776.2340425532","4822811","4880855","58044","265354","172523","92831","59425","5146209","2371817","2401734","4773551","49260","132456","14477","2071","0","517","0","2767","14686","160","43","5346","10036","0","6361","40855","4","788","36908","10165","44336","1422",60,"16616","94.8436995077347","5.15630049226528","3.35242894332508","1.8038715489402","2.57385582280082","0.281313875903602","0.717188128193006","0.86152738841349","0.197524041483741","0.0276319908499635","0.0402432159284631","0","0.0100462301472793","0.0537677346567153","0.00310908476511545","0.000835566530624776","0.10388229471442","0.285375117878034","13.3932057789926","Academic year"
"202526","Local authority","E92000001","England","E12000007","London","E09000023","Lewisham","209","Primary",63.0687830687831,"17021.3015873016","5950694","6038623","87929","334484","223142","111342","124762","6373107","2870206","2969809","5840015","110679","149211","19057","4420","45","2","0","768","39066","256","6534","3783","5674","0","5868","73758","20","2609","20144","14083","71284","5831",64,"21431","94.7516337007993","5.24836629920069","3.50130634869303","1.74705995050766","2.34125992235812","0.299022125315015","0.31607817034925","1.11851252458181","0.22097542062294","0.0914938349536576","0.0693539273701195","0.00070609202073651","3.13818675882894e-05","0.0120506371539031","0.00401687905130104","0.102524561410941","0.0593588025432493","0.612982019602056","15.0141028422651","Academic year"
"202526","Local authority","E92000001","England","E12000007","London","E09000021","Kingston upon Thames","314","Primary",33.8412698412698,"10774.5608465608","3505282","3553531","48249","179233","121424","57809","57294","3732764","1705456","1747966","3453422","51860","89037","9797","2906","4","165","0","377","12239","87","3045","3767","8200","0","4897","31809","1","3342","18974","5434","30898","2503",35,"12126","95.1983838249619","4.80161617503812","3.25292464243654","1.54869153260158","2.38528339857543","0.262459667956506","0.508309660080305","0.82775123206289","0.145575771733761","0.0670548687246234","0.0778511580158831","0.000107159198920693","0.00442031695547857","0.0100997544982753","0.00233071257652506","0.0815749401783772","0.100917175583562","0.327880358897589","12.0625057114137","Academic year"
"202526","Local authority","E92000001","England","E12000004","East Midlands","E06000061","North Northamptonshire","940","Primary",109.534391534392,"24583.8306878307","8599692","8694823","95131","505698","363667","142031","89074","9200521","4243628","4281054","8524682","75010","268792","26405","2085","2","980","0","4980","37157","115","729","22422","15959","0","11416","65532","9","2215","45209","14064","78911","3847",111,"28986","94.5035938725644","5.49640612743561","3.95267833202055","1.54372779541506","2.92148672884938","0.28699461693528","0.491374347170122","0.857679690095811","0.152860908637674","0.041812849511457","0.0226617601329316","2.17378994080879e-05","0.0106515707099631","0.0541273695261388","0.00124992921596505","0.00792346433424803","0.243703590264073","0.40385756415316","14.0878467386804","Academic year"
"202526","Local authority","E92000001","England","E12000008","South East","E06000044","Portsmouth","851","Primary",44.1481481481481,"12680.2275132275","4447099","4496895","49796","261739","181287","80452","66249","4758634","2177681","2212692","4390373","56726","128897","11516","3090","1","2","0","1777","22288","128","695","12893","11373","0","1337","37066","1","19","24002","9523","45960","967",45,"15573","94.4997030660479","5.50029693395205","3.80964369186619","1.69065324208586","2.70869749596208","0.24200222164596","0.504388444246815","0.965823385450531","0.20012045473554","0.0203209576529735","0.0649346009800291","2.10144339741195e-05","4.20288679482389e-05","0.0373426491720103","0.00268984754868729","0.014605031612013","0.270939097228322","0.468369704415175","14.1076487252125","Academic year"
"202526","Local authority","E92000001","England","E12000007","London","E09000027","Richmond upon Thames","318","Primary",44.4497354497354,"12949.2592592593","4535360","4605762","70402","210861","145612","65249","58818","4816623","2223840","2257282","4481122","54238","104935","14070","2287","7","87","0","317","16208","314","4986","2401","9009","0","11525","47301","3","2564","21161","4580","36072","3436",45,"15570","95.6222232879758","4.37777671202417","3.02311391196695","1.35466280005722","2.17860106551831","0.292113374868658","0.439332702600972","0.748906443373293","0.0950873672280351","0.0713362868549189","0.0474813993123398","0.000145330037248089","0.00180624474865482","0.00658137454394915","0.0065190902422714","0.103516509388424","0.0498482027760944","0.336501320531003","8.84499152354979","Academic year"
"202526","Local authority","E92000001","England","E12000003","Yorkshire and The Humber","E08000032","Bradford","380","Primary",154.433862433862,"43680.4761904762","14714026","14841668","127642","918154","570959","347195","267522","15759822","7143925","7339752","14483677","230349","441141","39709","13420","15","275","0","6862","45202","289","1052","22994","20932","0","4686","99702","0","2322","125171","37173","177236","7615",157,"54496","94.174083945872","5.82591605412802","3.62287721269948","2.20303884142854","2.79914963506568","0.251963505679189","0.794241203993294","1.12460661040461","0.235871953376123","0.0483190736545121","0.0851532460201644","9.5178739962926e-05","0.00174494356598698","0.0435411009083732","0.00183377705661904","0.00667520229606654","0.145902663113835","0.286817960253612","17.0621568974677","Academic year"
"202526","Local authority","E92000001","England","E12000002","North West","E06000049","Cheshire East","895","Primary",121.492063492063,"24982.4656084656","8750251","8862767","112516","427156","330658","96498","77341","9289923","4326439","4358252","8684691","65560","251644","25607","1581","33","645","0","1485","34124","260","1986","13293","19001","0","7537","84887","3","1088","52526","11781","29595","2596",123,"29537","95.4019425134094","4.59805748659058","3.55931906001804","1.03873842657253","2.70878456150821","0.275642758287663","0.565408346226336","0.318570993537837","0.12681482935865","0.0279442574497119","0.0170184403035418","0.00035522361164888","0.00694300695495539","0.0159850625241996","0.00279873148571845","0.0213780028101417","0.14309052938329","0.367322743148678","10.1921627731726","Academic year"
"202526","Local authority","E92000001","England","E12000007","London","E09000025","Newham","316","Primary",67.0634920634921,"25335.2751322751","8524381","8618704","94323","552753","314103","238650","142373","9171457","4151209","4241569","8392778","131603","238457","22458","23767","108","25","0","579","20911","206","4956","2636","10922","0","5044","78280","3","74","61018","10770","159196","7666",67,"32137","93.9731168123015","6.02688318769853","3.42478844964328","2.60209473805525","2.59999038320738","0.244868399862748","0.665303233717391","1.73577655109761","0.117429542547057","0.0835854106931974","0.259140941292098","0.00117756644336881","0.000272584824853892","0.00631306454361613","0.00224609895679607","0.0540372156790355","0.0287413439325944","0.228000850900789","19.6509891070713","Academic year"
"202526","Local authority","E92000001","England","E12000004","East Midlands","E06000062","West Northamptonshire","941","Primary",145.439153439153,"28745.0582010582","10020141","10148168","128027","546093","396730","149363","111741","10694261","4937286","4985366","9922652","97489","294169","29818","4597","50","832","0","3304","44922","503","684","17851","25547","0","16349","81982","6","4143","57232","14252","73834","4045",148,"34084","94.8935882526151","5.10641174738488","3.70974675108453","1.39666499630035","2.75071835258182","0.278822445047863","0.535165543462985","0.690407686889258","0.133267740519892","0.037824025428218","0.0429856724087807","0.000467540487369815","0.00777987370983371","0.0308950754053973","0.00470345730294033","0.00639595386721906","0.166921304800771","0.420057075472536","12.4553542437821","Academic year"
"202526","Local authority","E92000001","England","E12000001","North East","E08000022","North Tyneside","392","Primary",54.5159574468085,"11681.7021276596","4099194","4140908","41714","223282","147924","75358","51913","4364190","2009248","2043545","4052793","46401","122956","12212","811","1","11","0","2232","7085","63","280","2273","8469","0","3950","29185","2","108","39065","5512","28306","2475",54,"15354","94.8837699550203","5.11623004497971","3.38949495782723","1.72673508715248","2.81738421104489","0.279822830811674","0.895126014220279","0.648596875938032","0.126300642272678","0.0567115547214947","0.0185830589410635","2.29137594834322e-05","0.000252051354317754","0.0511435111670207","0.00144356684745623","0.00641585265536102","0.0520829753058414","0.162343985940117","12.4706644007445","Academic year"
"202526","Local authority","E92000001","England","E12000006","East of England","E06000031","Peterborough","874","Primary",59.1005291005291,"17029.2804232804","6025066","6082370","57304","333945","249602","84343","76257","6416315","2959261","3000799","5960060","65006","190475","14899","6833","2","1235","0","2547","21283","82","99","12147","12709","0","2180","39312","1","3102","27506","11251","42938","2648",60,"20790","94.7953770972903","5.20462290270973","3.89011449718413","1.3145084055256","2.96860425337596","0.232204933828841","0.42868842941782","0.6692003120171","0.175349869824035","0.0412697942666468","0.106494148120845","3.11705394763194e-05","0.0192478081266272","0.0396956820230927","0.00127799211852909","0.00154294170407781","0.189314271509426","0.331701295837252","13.7327935222672","Academic year"
"202526","Local authority","E92000001","England","E12000002","North West","E06000050","Cheshire West and Chester","896","Primary",126.547872340426,"22662.5638297872","7766478","7873559","107081","414465","301271","113194","89525","8288024","3822945","3868329","7691274","75204","224510","25146","1460","13","5065","0","2006","33249","80","470","9272","19688","0","8046","78560","12","775","53130","14321","40853","4890",128,"26117","94.9992302145843","5.00076978541568","3.63501601829338","1.3657537671223","2.70884833345077","0.303401631076358","0.641045440988105","0.49291604367941","0.172791488055537","0.059000794399244","0.0176157791048868","0.000156852827646252","0.0611122747714051","0.0242035978660293","0.000965248170130781","0.00567083299951834","0.111872262918158","0.401169205108479","11.7685043183469","Academic year"
"202526","Local authority","E92000001","England","E12000007","London","E09000016","Havering","311","Primary",58.7089947089947,"21274.7142857143","7180390","7248254","67864","397607","304443","93164","104748","7645861","3504319","3579234","7083553","96837","238945","16564","6856","135","1069","0","1335","30745","444","1548","6802","6088","0","6814","53255","4","1703","34326","7911","48171","2756",59,"24844","94.799709280616","5.20029071938399","3.98180139555244","1.21848932383155","3.12515490407163","0.216640088016248","0.448948784185326","0.630027148021655","0.103467745490011","0.0360456461345557","0.0896694302969934","0.00176566118583636","0.0139814207974746","0.0174604272821596","0.00580706345563959","0.020246248264257","0.0889631658226588","0.402112986359548","14.2013178822995","Academic year"
"202526","Local authority","E92000001","England","E12000007","London","E09000005","Brent","304","Primary",58.819587628866,"21307.0412371134","7061351","7116391","55040","392999","279618","113381","118367","7509390","3434701","3515420","6950121","111230","200788","21157","16936","41","1","0","1861","32238","212","3003","3381","6364","0","3656","44707","0","313","32641","7137","64382","9221",59,"24678","94.7665655932106","5.23343440678937","3.72357808024354","1.50985632654583","2.67382570355249","0.281740594109508","0.434669127585596","0.857353260384665","0.0950410086571612","0.122792929918409","0.225530968560695","0.000545983095830687","1.33166608739192e-05","0.0247823058863636","0.00282313210527087","0.0399899326043793","0.0450236304147208","0.429302513253407","15.2075141983399","Academic year"
"202526","Local authority","E92000001","England","E12000007","London","E09000018","Hounslow","313","Primary",48.6084656084656,"17527.4232804233","6024069","6083036","58967","363836","249804","114032","106765","6446872","2928097","2999720","5927817","96252","184168","17473","11693","4","1108","0","2106","26366","293","1894","4699","10110","0","3966","44289","0","602","39899","10513","59078","4542",49,"21955","94.3563948531939","5.64360514680608","3.87480936491371","1.76879578189237","2.85670321979403","0.271030664173261","0.618889284601897","0.916382394438729","0.16307133133712","0.0704527715146198","0.181374781444397","6.20455935839893e-05","0.017186629422765","0.0326670050219703","0.00454483973002721","0.0293785885620189","0.0728880610627914","0.408973530108865","15.8528784648188","Academic year"
"202526","Local authority","E92000001","England","E12000007","London","E09000012","Hackney","204","Primary",49.7089947089947,"13482.9894179894","4562243","4603088","40845","265973","184428","81545","129379","4869061","2174107","2265882","4439989","122254","131920","13107","6128","16","248","0","1169","28831","279","719","2011","11607","0","1030","27659","2","547","17819","7125","45442","11159",50,"16691","94.5374888505196","5.46251114948036","3.78775291580861","1.67475823367175","2.70935196745327","0.269189480271453","0.365963786446709","0.933280564774194","0.146332116192424","0.229181766258422","0.125855888845919","0.000328605453905794","0.00509338453553981","0.0240087359759921","0.00573005760248229","0.0147667075848916","0.0413015979877845","0.592126490097372","15.78089569161","Academic year"
"202526","Local authority","E92000001","England","E12000007","London","E09000028","Southwark","210","Primary",63.1216931216931,"15366.8253968254","5392672","5456868","64196","304197","214231","89966","135963","5761065","2583032","2687476","5270508","122164","155236","18239","6167","4","140","0","1286","25327","247","4060","3525","10768","0","1041","51497","0","890","19997","13799","48783","7387",66,"19358","94.719778374311","5.280221625689","3.71860064068015","1.56162098500885","2.6945712294515","0.316590769241451","0.347105960443078","0.846770518992582","0.239521685660551","0.128222819912638","0.107046179829597","6.943160682964e-05","0.0024301062390374","0.0223222615957293","0.00428740172173027","0.0704730809320846","0.0611866035186203","0.439623576543573","14.8963029756537","Academic year"
"202526","Local authority","E92000001","England","E12000005","West Midlands","E08000026","Coventry","331","Primary",83.9470899470899,"26747.6296296296","9203407","9294667","91260","573622","392185","181437","171035","9868289","4468527","4581409","9049936","153471","299029","20494","9547","25","22","0","8178","36132","140","644","17974","16745","0","3701","68507","3","2304","59367","17564","101141","3365",85,"33014","94.1872192839103","5.81278071608969","3.97419451335485","1.83858620273484","3.03020108146407","0.207675312305912","0.601593650125164","1.02490918131806","0.177984248333222","0.0340991229583974","0.0967442279000949","0.000253336723316474","0.000222936316518497","0.0828715089312849","0.00141868565057225","0.00652595399263236","0.182138970595612","0.366142499474833","16.9447921012377","Academic year"
"202526","Local authority","E92000001","England","E12000002","North West","E08000011","Knowsley","340","Primary",49.6243386243386,"12176.8624338624","3896214","3923430","27216","282613","144684","137929","101142","4206043","1857096","1946236","3803332","92882","116306","9472","455","13","121","5","1962","11344","37","19","4950","6934","0","1717","17134","1","1430","36165","8260","89568","3936",50,"14357","93.280786715685","6.71921328431497","3.4399077707955","3.27930551351948","2.7652118630266","0.225199789921311","0.85983429080492","2.12950747293834","0.196384107342697","0.0935796424335177","0.0108177686248096","0.000309079103565988","0.00287681319472958","0.0466471693228053","0.00087968667938012","0.000451730997519521","0.117687812511665","0.269707180834813","20.2342116269343","Academic year"
"202526","Local authority","E92000001","England","E12000003","Yorkshire and The Humber","E06000012","North East Lincolnshire","812","Primary",48.1311475409836,"10718.3661202186","3660342","3702742","42400","205998","124817","81181","44548","3908740","1797846","1824823","3622669","37673","99058","10183","539","0","0","0","2061","8186","122","278","4390","9175","0","5036","27366","1","822","27407","6875","45661","1238",49,"13371","94.7298106295123","5.27018937048768","3.19327967580346","2.07690969468422","2.53426935534213","0.260518734937601","0.701172244764297","1.16817695728035","0.17588788202848","0.0316726106110921","0.0137896099510328","0","0","0.0527279890706468","0.00312121041563266","0.00711226635693344","0.112312407578913","0.209428102150565","14.4058438800646","Academic year"
"202526","Local authority","E92000001","England","E12000009","South West","E10000008","Devon","878","Primary",303.324468085106,"44298.5106382979","15368671","15610830","242159","873587","676959","196628","150844","16484417","7599106","7646740","15245846","122825","486827","49252","1812","30","2456","0","8625","66251","594","3022","58090","48585","0","22055","168509","7","3003","69074","28019","93397","6138",308,"55220","94.700528383867","5.29947161613298","4.10666024767512","1.19281136845786","2.95325579303169","0.29877914396366","0.419026041381991","0.566577513781652","0.16997264750097","0.0372351657932458","0.0109921994814861","0.000181990057640498","0.0148989193855021","0.0523221415716431","0.00360340314128185","0.0183324651396528","0.35239341494455","0.40190077695802","12.5089985178912","Academic year"
"202526","Local authority","E92000001","England","E12000003","Yorkshire and The Humber","E06000010","Kingston upon Hull, City of","810","Primary",68.6878306878307,"18739.253968254","6594759","6682706","87947","379485","234187","145298","97816","7062191","3227023","3284701","6511724","83035","185154","21237","2488","1","33","0","1674","14684","65","96","8755","36790","0","3092","47893","2","170","46782","14781","81541","2194",70,"23971","94.6265259605695","5.37347403943054","3.31606720917064","2.0574068302599","2.6217642655091","0.30071404186038","0.662428982733545","1.15461334874687","0.20929765281058","0.0310668459689068","0.0352298599683866","1.41599115628563e-05","0.000467277081574259","0.0237036919562215","0.000920394251585662","0.00135935151003421","0.123970025732807","0.207924141388983","15.3599130477743","Academic year"
"202526","Local authority","E92000001","England","E12000003","Yorkshire and The Humber","E08000016","Barnsley","370","Primary",76.0846560846561,"16773.3915343915","5686013","5746462","60449","326673","201200","125473","54068","6073135","2808678","2832484","5641162","44851","155977","15995","610","11","2853","0","2104","15393","387","87","7783","13163","0","7096","39489","0","701","54238","9217","60832","1186",77,"19100","94.6210153405119","5.37898465948806","3.31295121876922","2.06603344071884","2.56831109468174","0.26337303550802","0.89308075647915","1.0016572989074","0.151766756378707","0.01952862895358","0.0100442358024315","0.000181125563650405","0.0469773848267822","0.0346443805382228","0.00637232664842787","0.00143253854887138","0.128154569262827","0.253460527388243","13.4007444858048","Academic year"
"202526","Local authority","E92000001","England","E12000009","South West","E06000066","Somerset","933","Primary",216.38829787234,"31600.8244680851","10774111","10903040","128929","635609","469607","166002","124139","11538649","5309319","5365746","10675065","99046","348767","33705","1206","11","1630","0","6444","45262","161","1789","30632","30955","0","11383","84781","1","1809","60087","25093","75485","5337",219,"37461","94.4914781617848","5.5085218382152","4.06986121165485","1.43866062656035","3.02259822618749","0.292105254263302","0.5207455396208","0.654192704882521","0.217469133518144","0.0462532485388887","0.0104518301925988","9.53317845096077e-05","0.014126437159151","0.0558470926709011","0.00139531066418608","0.015504414771608","0.265473020281664","0.392264293679442","13.566065392324","Academic year"
"202526","Local authority","E92000001","England","E12000003","Yorkshire and The Humber","E08000019","Sheffield","373","Primary",130.915343915344,"38748.455026455","12590525","12749854","159329","780346","469461","310885","232027","13530200","6109788","6279944","12389732","200793","345398","38569","11596","16","62","0","6025","32346","130","853","34466","34077","0","9983","113768","3","1498","101624","31234","172661","5366",131,"40897","94.232561233389","5.76743876661099","3.46972698112371","2.29771178548728","2.55279301118978","0.28505860962883","0.751090153877991","1.27611565239243","0.230846550679221","0.0396594285376417","0.0857045719945012","0.000118253979985514","0.000458234172443866","0.0445300143382951","0.0009608135873823","0.00630441530797771","0.254733854636295","0.239065202288215","15.6626794831843","Academic year"
"202526","Local authority","E92000001","England","E12000006","East of England","E10000020","Norfolk","926","Primary",338.52380952381,"50883.8624338624","17828208","18100878","272670","1051935","761343","290592","198925","19152813","8802454","8860545","17662999","165209","557233","55645","2435","12","2372","0","21709","77640","549","1347","42401","81151","2","24067","164928","3","2519","115861","33716","133820","7195",342,"61080","94.5076736247568","5.49232637524316","3.97509754833402","1.51722882690913","2.90940552701058","0.290531735468832","0.604929416895576","0.698696322049403","0.17603680461977","0.0375662833443839","0.012713537170754","6.26539819503276e-05","0.0123846037655148","0.113346274513305","0.00286641967422749","0.00703290947392427","0.22138262405632","0.40537126321862","13.4886888655733","Academic year"
"202526","Local authority","E92000001","England","E12000004","East Midlands","E06000015","Derby","831","Primary",72.2783505154639,"19066.1391752577","6842798","6913004","70206","422138","264515","157623","98972","7335142","3345585","3414912","6760497","82301","193818","19349","6583","6","1","0","2330","28016","26","524","13862","20090","0","3694","45832","2","588","47339","16671","88642","4971",74,"24543","94.2449921214886","5.75500787851142","3.60613332366299","2.14887455484843","2.64232103482114","0.26378494104136","0.645372645819263","1.20845649613872","0.227275763713913","0.0677696491765258","0.0897460471794547","8.17980074550704e-05","1.36330012425117e-05","0.0317648928950523","0.000354458032305305","0.00714369265107615","0.188980663223698","0.381942162810209","16.6666666666667","Academic year"
"202526","Local authority","E92000001","England","E12000006","East of England","E10000015","Hertfordshire","919","Primary",386.953608247423,"78846.3041237113","28459764","28778308","318544","1550123","1182963","367160","320920","30328431","14016693","14169472","28186165","273599","850389","91764","15222","32","5662","0","11444","137520","2999","1877","66054","47230","0","34983","232724","30","3577","139369","47321","164990","15480",399,"98794","94.8888783597147","5.11112164028532","3.90050840414395","1.21061323614136","2.80393337855163","0.30256758089464","0.459532509281473","0.544010997469668","0.156028513311487","0.0510412160787348","0.0501905291440893","0.000105511557785498","0.0186689512556716","0.0377335708530388","0.00988841130620968","0.00618891231135564","0.217795638686353","0.453435919583179","12.4202531059317","Academic year"
"202526","Local authority","E92000001","England","E12000007","London","E09000032","Wandsworth","212","Primary",57.2486772486772,"13953.0529100529","4781506","4832958","51452","271104","190218","80886","97778","5104062","2310195","2382048","4692243","89263","136703","17193","5607","12","209","0","846","19113","388","6421","3726","7737","0","4358","38919","5","433","24481","8515","40372","7518",58,"17286","94.6884657749063","5.31153422509366","3.72679642214378","1.58473780294989","2.67831777905519","0.336849356453742","0.479637590609205","0.79097785254176","0.166827910789485","0.147294449009436","0.109853681244468","0.000235106861946426","0.00409477784556692","0.016575033767223","0.00760178853626778","0.125801763379834","0.0730006806343653","0.37446645436517","14.4391570360299","Academic year"
"202526","Local authority","E92000001","England","E12000003","Yorkshire and The Humber","E08000018","Rotherham","372","Primary",94.5502645502645,"18977.4867724868","6569657","6656521","86864","395140","241508","153632","87064","7051661","3224012","3270510","6494522","75135","187429","18833","3862","5","363","0","2741","13767","161","86","14261","25530","0","5058","55714","7","555","63626","11929","74882","3195",96,"23479","94.3964975060486","5.60350249395143","3.4248384884072","2.17866400554423","2.65794115740958","0.267071828892512","0.902283873260499","1.06190584034031","0.169165817812286","0.0453084741311302","0.0547672385272066","7.09052803304073e-05","0.00514772335198757","0.0388702746771293","0.00228315002663911","0.001219570821683","0.202236040558388","0.195230598861743","15.1637909477369","Academic year"
"202526","Local authority","E92000001","England","E12000002","North West","E06000063","Cumberland","942","Primary",143.195767195767,"16509.619047619","5812818","5896603","83785","300919","226501","74418","47189","6197522","2884456","2888894","5773350","39468","182989","17037","774","0","2030","0","3138","17448","48","67","2970","12162","1","11725","59708","3","186","37561","7721","26212","2924",145,"21127","95.1445271190647","4.85547288093532","3.65470263760258","1.20077024333274","2.95261557764539","0.274900193980755","0.606064811064809","0.422943234408849","0.124582050697037","0.0471801471620431","0.0124888624840702","0","0.0327550269285046","0.0506331401485949","0.000774503099787302","0.00108107724345311","0.0479223792993393","0.281531876772684","11.2227997030099","Academic year"
"202526","Local authority","E92000001","England","E12000008","South East","E06000041","Wokingham","872","Primary",54.3015873015873,"13101.3174603175","4518309","4575804","57495","224547","174931","49616","51139","4800351","2225192","2248055","4473247","45062","122883","12913","3173","2","405","0","689","18987","184","5742","9953","7843","0","6716","42281","1","654","21368","6077","20199","1972",55,"12596","95.3222795583073","4.6777204416927","3.64412935637415","1.03359108531855","2.55987530911802","0.269001162623317","0.445134116234417","0.420781730335969","0.126594909413916","0.0410803293342508","0.0660993331529299","4.16636200144531e-05","0.00843688305292675","0.0143531170949791","0.00383305304132969","0.119616253061495","0.207339005001926","0.395533576607211","10.296106003245","Academic year"
"202526","Local authority","E92000001","England","E12000002","North West","E08000003","Manchester","352","Primary",135.744680851064,"41510.8457446809","13790717","13882956","92239","833263","519143","314120","316766","14716219","6630520","6887783","13518303","272414","391210","38320","19356","46","250","0","4624","35723","265","1583","27766","21420","0","1512","69188","4","115","93132","44352","168191","8445",137,"48635","94.3377915210422","5.66220847895781","3.52769281294332","2.13451566601448","2.65835946040216","0.260392971863221","0.632852772848787","1.14289546791876","0.301381761171127","0.0573856640758064","0.13152834977517","0.000312580289814931","0.00169880592290724","0.0314211143500922","0.00180073427828167","0.0107568391038486","0.188676181021769","0.242745775936061","16.3039115115294","Academic year"
"202526","Local authority","E92000001","England","E12000002","North West","E08000002","Bury","351","Primary",62.9574468085106,"13002.4946808511","4589864","4626961","37097","249432","180019","69413","84743","4876393","2227190","2288619","4515809","74055","131401","15180","4510","0","418","0","1355","17251","292","358","9254","6825","0","2747","25868","0","1657","29404","10688","28034","1287",64,"14648","94.8849077586651","5.11509224133494","3.69164257269666","1.42344966863827","2.69463515348332","0.311295664643928","0.602986674781955","0.574892138513036","0.219178396819124","0.0263924585241591","0.0924863931188483","0","0.00857190960613716","0.027786931857215","0.00598803254782787","0.00734149195932321","0.189771415060271","0.35376558041979","13.0073120010733","Academic year"
"202526","Local authority","E92000001","England","E12000008","South East","E10000025","Oxfordshire","931","Primary",238.767195767196,"43219.6984126984","15134495","15325245","190750","829181","635200","193981","170116","16154426","7469551","7521934","14991485","143010","437853","51164","6842","26","2198","0","5452","81688","859","2204","46914","27663","0","11617","147210","9","4251","71687","27106","85962","9226",242,"53794","94.8671590064543","5.13284099354567","3.93204933434342","1.20079165920225","2.71042128021138","0.316718155135936","0.443760737769327","0.532126613474227","0.167793024648477","0.057111283310221","0.0423537177984535","0.000160946603735719","0.0136061782696581","0.0337492647525824","0.00531742817726857","0.0136433197935971","0.290409575679136","0.505669467921671","12.4493554327808","Academic year"
"202526","Local authority","E92000001","England","E12000007","London","E09000020","Kensington and Chelsea","207","Primary",25.8359788359788,"5436.98412698413","1751557","1771056","19499","109786","81431","28355","50877","1880842","831289","871698","1702987","48570","56917","6045","2580","2","124","0","482","11765","41","2060","1415","3368","0","1126","14430","0","575","8783","2307","16284","981",26,"6148","94.1629334096112","5.83706659038877","4.32949710821005","1.50756948217873","3.02614467350261","0.321398607644874","0.466971707352345","0.865782452752544","0.122657830907647","0.0521574911661905","0.13717260673677","0.000106335354059512","0.00659279195168972","0.0256268203283423","0.00217987475821999","0.109525414681297","0.0752322629971045","0.625517720255077","17.0576468448809","Academic year"
"202526","Local authority","E92000001","England","E12000002","North West","E08000012","Liverpool","341","Primary",113.402116402116,"33456.7724867725","11360904","11447761","86857","706198","362833","343365","287493","12153959","5423250","5671114","11094364","266540","285376","28676","7537","3","99","0","4379","23524","220","727","12282","21030","0","4365","59706","1","1755","95868","20953","216857","9687",113,"39027","94.1895640753766","5.81043592462341","2.98530709211706","2.82512883250635","2.348008578933","0.235939581497683","0.788780018099452","1.78424988927476","0.172396500597048","0.0797024245350836","0.0620127153629529","2.46833151239032e-05","0.000814549399088807","0.0360294123091908","0.0018101097757529","0.00598159003169255","0.10105349211726","0.193550101658233","16.6853397568764","Academic year"
"202526","Local authority","E92000001","England","E12000002","North West","E10000017","Lancashire","888","Primary",477.73544973545,"82551.5661375661","28221046","28475930","254884","1550288","1113429","436859","383464","30026218","13806463","14081194","27887657","333389","843282","87205","17479","20","9218","0","13526","101620","586","979","39514","40931","0","21272","187289","7","5385","198670","50075","175758","12356",480,"94584","94.836885551154","5.16311444884601","3.70818928977336","1.45492515907265","2.80848557084345","0.290429517297183","0.661655090894231","0.585348444482752","0.166770920000647","0.0411507036950175","0.0582124595245395","6.6608455317283e-05","0.0306998370557358","0.0450472983310785","0.00195162774079639","0.00326048388778101","0.131598325170356","0.338437561467115","13.1152443723616","Academic year"
"202526","Local authority","E92000001","England","E12000002","North West","E08000006","Salford","355","Primary",74.6170212765958,"19191.9574468085","6216294","6274915","58621","380214","235030","145184","124685","6655129","3008318","3099706","6108024","108270","177768","16800","3800","44","1533","0","2371","20589","308","507","11310","13383","0","5514","37448","0","2276","45447","16415","79377","3945",76,"21907","94.2869026280332","5.71309737196679","3.53156189759808","2.18153547436872","2.67114281330985","0.252436879886175","0.682886838106369","1.19271917944791","0.24665186805545","0.0592775887589857","0.057098818069492","0.000661144209225696","0.0230348652896135","0.035626657274412","0.00462800946457988","0.00761818441085064","0.169944113780514","0.309370411903361","16.8569007625978","Academic year"
"202526","Local authority","E92000001","England","E12000002","North West","E06000006","Halton","876","Primary",48.3968253968254,"8186.52380952381","2797063","2824801","27738","169860","111220","58640","43033","2994661","1364901","1394986","2759887","37176","89178","8308","283","0","1016","0","860","9161","40","52","2322","6137","0","1835","18992","0","774","20477","5857","30857","1449",49,"9340","94.3279055625996","5.67209443740043","3.71394291373882","1.95815152366161","2.9778996687772","0.277427061026273","0.683783573499638","1.03040043597589","0.195581403036938","0.0483861111491418","0.00945015145286896","0","0.0339270454986391","0.0287177747331","0.00133571045270233","0.00173642358851302","0.07753799177937","0.30591108643015","15.2723511836359","Academic year"
"202526","Local authority","E92000001","England","E12000002","North West","E08000004","Oldham","353","Primary",85.4232804232804,"21461.1322751323","6967134","7005309","38175","396035","241947","154088","121204","7401344","3381399","3482042","6863441","103693","192926","21596","5440","16","39","0","1251","13505","381","258","6535","14066","0","1518","20203","2","2386","63102","17511","70240","3235",86,"22649","94.6491475061827","5.35085249381734","3.26896034017605","2.08189215364128","2.6066346868893","0.291784843401415","0.852574883696799","0.949016827214084","0.236592164882486","0.0437082778479152","0.0735001642944849","0.000216176953807308","0.000526931324905314","0.0169023355758089","0.00514771371253653","0.00348585338014285","0.0882947745706726","0.182466860072981","15.0561597432697","Academic year"
"202526","Local authority","E92000001","England","E12000004","East Midlands","E10000018","Leicestershire","855","Primary",228.301675977654,"46313.0558659218","15446539","15631839","185300","768820","594172","174648","145870","16400659","7627618","7694141","15321759","124780","455004","42878","5932","13","4831","0","4021","55293","330","1440","24430","33151","0","16347","134831","9","962","60309","21090","86549","6700",231,"53319","95.3122615377833","4.68773846221667","3.6228544231058","1.06488403911087","2.77430315452568","0.261440714059112","0.367723028690494","0.527716599680537","0.128592393756861","0.0408520169829761","0.0361692783198529","7.92651075789089e-05","0.0294561334395161","0.0245173075057533","0.00201211426931076","0.00878013499335606","0.148957429088673","0.33713889179697","10.7344632768362","Academic year"
"202526","Local authority","E92000001","England","E12000003","Yorkshire and The Humber","E06000065","North Yorkshire","815","Primary",287.455026455026,"34713.0317460317","12135063","12299768","164705","636343","469809","166534","113093","12936111","6005133","6033087","12038220","96843","336763","38367","1544","32","4371","0","6028","59179","397","1416","21712","41496","0","17744","103539","3","1923","79297","16250","64194","6793",290,"41626","95.0808786350086","4.91912136499138","3.63176382762949","1.28735753736189","2.60327852783576","0.296588364153647","0.612989483469955","0.496238784592989","0.125617351304422","0.0525119179945194","0.0119355809485556","0.000247369553337939","0.0337891349262541","0.0465982396100343","0.00306892852109881","0.0109461027352038","0.167840241939792","0.457471337405809","11.0084056325847","Academic year"
"202526","Local authority","E92000001","England","E12000004","East Midlands","E10000024","Nottinghamshire","891","Primary",282.095238095238,"55237.6931216931","19390342","19629009","238667","1024461","698839","325622","197371","20653470","9567272","9657691","19224963","165379","524883","54654","4482","29","6881","0","5137","65572","418","1318","35465","52067","0","16261","168864","4","1471","139749","31992","141679","12202",286,"64987","95.0397632940131","4.96023670598694","3.38363964989902","1.57659705608791","2.54137924523095","0.264623813819179","0.676636904113449","0.685981580819107","0.154898910449431","0.059079660705925","0.0217009538832942","0.00014041224065496","0.0333164354464407","0.0248723338015355","0.00202387298599218","0.00638149424769784","0.171714486718212","0.317486601525071","12.1947929313368","Academic year"
"202526","Local authority","E92000001","England","E12000005","West Midlands","E08000025","Birmingham","330","Primary",289.650793650794,"88704.6402116402","29774048","29996357","222309","1873536","1226373","647163","567219","31869893","14435013","14839762","29274775","499273","945517","77039","65074","40","171","0","17723","93889","410","2007","24503","37897","0","7926","173880","30","2576","217320","67946","342663","19234",291,"100757","94.1212981166896","5.87870188331037","3.8480612407453","2.03064064256507","2.96680318317981","0.241729710231534","0.681897488642337","1.07519344354247","0.213198080081411","0.0603516302988529","0.204186440161566","0.000125510305290325","0.00053655655511614","0.0556104785165109","0.00128648062922583","0.00629747956794207","0.076884475263221","0.294600926335084","17.3255307227791","Academic year"
"202526","Local authority","E92000001","England","E12000007","London","E09000002","Barking and Dagenham","301","Primary",43.3915343915344,"18768.0211640212","6585113","6632233","47120","387031","259675","127356","116280","7019264","3201758","3275614","6477372","107741","200057","16722","12202","2","85","0","1053","23056","619","3185","2694","11570","0","2837","32069","0","644","34760","8539","78158","5899",44,"23491","94.4861598025092","5.51384019749079","3.69946193788978","1.81437825960101","2.85011363014698","0.238230105036653","0.495208614464422","1.11347856413436","0.121650930923812","0.0840401500784128","0.173835889346803","2.84930157919691e-05","0.00121095317115869","0.0150015728144717","0.00881858838761443","0.0453751276487107","0.0383800922717823","0.328467486049819","16.8793169608596","Academic year"
"202526","Local authority","E92000001","England","E12000007","London","E09000033","Westminster","213","Primary",32.6878306878307,"6215.84126984127","1951005","1967736","16731","126821","85315","41506","57684","2094557","925751","973089","1898840","52165","61635","7452","3595","1","33","0","694","9689","70","1302","844","2014","0","2015","12685","1","16","7416","5519","26299","2272",33,"6918","93.9452113263091","6.0547886736909","4.07317633275199","1.98161234093892","2.94262700895703","0.355779288890204","0.354060548364165","1.25558769706434","0.263492471200354","0.108471624310057","0.171635338642014","4.77427923899899e-05","0.00157551214886967","0.033133497918653","0.00334199546729929","0.0621611156917668","0.0402949167771514","0.462579915466612","18.1214421252372","Academic year"
"202526","Local authority","E92000001","England","E12000007","London","E09000010","Enfield","308","Primary",66.9365079365079,"22147.2169312169","7786645","7859695","73050","455467","306812","148655","144709","8315162","3779367","3875194","7654561","132084","223974","23885","11715","37","81","0","1332","30667","407","4001","10713","10493","0","4646","57795","3","113","23270","12625","109625","3135",68,"27337","94.5224518776664","5.47754812233364","3.68978980806387","1.78775831426976","2.69356147240427","0.287246357918222","0.279850230218004","1.31837479534373","0.151831076772768","0.0377022119352575","0.140887213021226","0.000444970284403359","0.000974124136126271","0.0160189302385209","0.00489467312843694","0.0481169218350767","0.128836936670627","0.368808208426967","15.8863561823549","Academic year"
"202526","Local authority","E92000001","England","E12000007","London","E09000006","Bromley","305","Primary",75.3315217391304,"22979.1793478261","7852235","7957159","104924","398847","291379","107468","122082","8356006","3832200","3910622","7742822","109413","211569","25863","2816","54","2025","0","1841","31131","624","6303","9153","12303","0","10288","77697","3","4633","31877","12669","58875","4047",76,"27039","95.2268224795435","4.77317752045654","3.48706068425513","1.28611683620141","2.53193930210199","0.309513899343777","0.38148608318376","0.704583026867142","0.151615496685857","0.0484322294646509","0.0337003108901549","0.000646241757126551","0.0242340658922456","0.0220320569420367","0.0074676825267957","0.0754307739846046","0.10953797783295","0.372558372983456","12.0818151705863","Academic year"
"202526","Local authority","E92000001","England","E12000003","Yorkshire and The Humber","E08000033","Calderdale","381","Primary",81.3439153439153,"14833.8941798942","4919299","4964043","44744","266759","190367","76392","60537","5230802","2413758","2454161","4867919","51380","148475","13283","2122","2","19","0","2062","17115","89","213","6987","8754","0","3250","32113","0","627","34631","9157","30651","1953",81,"17386","94.9002275368099","5.09977246319016","3.63934631821277","1.46042614497739","2.83847486484864","0.25393811503475","0.662059087688657","0.585971329061968","0.175059197423263","0.0373365308034982","0.0405673929160385","3.82350545862757e-05","0.000363233018569619","0.0394203412784502","0.00170145992908927","0.00407203331343836","0.133574163197154","0.327196479622054","12.9755572015353","Academic year"
"202526","Local authority","E92000001","England","E12000001","North East","E06000002","Middlesbrough","806","Primary",40.5957446808511,"11575.4840425532","3970076","4028965","58889","230868","135307","95561","79696","4259833","1919987","1979434","3899421","70655","108323","9951","3644","1","79","0","1160","8062","345","47","3695","12925","0","8511","37220","4","229","33771","9041","51415","1334",41,"15386","94.58035091986","5.41964908014","3.17634517597286","2.24330390416714","2.54289311341548","0.233600706882171","0.792777557242268","1.20697219820589","0.212238367090916","0.0313157816280591","0.0855432595597057","2.34750986717085e-05","0.00185453279506497","0.0272311144591819","0.00809890904173943","0.0011033296375703","0.0867404895919629","0.189256245491314","15.0960359624029","Academic year"
"202526","Local authority","E92000001","England","E12000005","West Midlands","E08000029","Solihull","334","Primary",58.4550264550265,"16904.6772486772","5512057","5569480","57423","322430","231367","91063","74094","5891910","2701663","2748696","5450359","61698","170143","15939","4641","2","111","0","1704","29554","162","227","8884","8540","0","4930","43572","1","380","31940","12396","45548","1179",59,"19507","94.5275810390858","5.4724189609142","3.9268590321305","1.54555992878371","2.88773928997558","0.27052348050123","0.542099251346338","0.773060009402723","0.210390179076055","0.020010488958589","0.0787690239667612","3.39448498025258e-05","0.00188393916404018","0.028921012031752","0.00274953283400459","0.00385274045258668","0.15078302282282","0.501603045531924","14.3345118954875","Academic year"
"202526","Local authority","E92000001","England","E12000009","South West","E06000023","Bristol, City of","801","Primary",100.106382978723,"27827.4414893617","9443880","9552660","108780","586041","403592","182449","178881","10138701","4580018","4712868","9292886","150994","299920","28794","8485","8","420","0","3688","40162","157","789","21169","22655","0","2780","80966","5","2374","53606","27887","94976","5980",102,"33060","94.2197624725298","5.78023752747024","3.98070719316015","1.79953033431009","2.95816988783869","0.284000879402598","0.528726510427717","0.936766948744223","0.275054960196577","0.0589819149415689","0.0836892221202696","7.89055718281859e-05","0.00414254252097976","0.0363754686127937","0.00154852184712815","0.00778206202155483","0.208794006253858","0.39612569697045","16.3424254579489","Academic year"
"202526","Local authority","E92000001","England","E12000003","Yorkshire and The Humber","E06000014","York","816","Primary",49.3068783068783,"10525.8042328042","3698609","3744274","45665","204789","144052","60737","46682","3949063","1818742","1841397","3660139","38470","105242","12446","805","0","1493","0","2026","12441","204","59","9336","6626","0","3493","34939","0","607","23361","8212","26422","2742",49,"12954","94.8142382129634","5.18576178703657","3.64775137798511","1.53801040905146","2.66498660568342","0.315163369133387","0.591558048073682","0.669070105997296","0.207948062616373","0.0694341923641127","0.02038458236802","0","0.0378064366154706","0.051303309164731","0.00516578236406965","0.00149402529156916","0.236410510543894","0.315036756820542","12.5951805070322","Academic year"
"202526","Local authority","E92000001","England","E12000009","South West","E06000026","Plymouth","879","Primary",67.4093264248705,"15800.6321243523","5619483","5676206","56723","318549","232514","86035","55443","5994755","2773565","2802654","5576219","43264","174213","19658","1366","2","266","0","4306","17832","163","355","14353","13536","0","3839","38075","0","1273","28832","12179","42287","2737",69,"19904","94.6862048574129","5.31379514258715","3.87862389705668","1.43517124553047","2.90609040736444","0.327919990057976","0.480953767084727","0.70539997047419","0.203160929846174","0.0456565781253779","0.022786585940543","3.33624977167541e-05","0.00443721219632829","0.0718294575841715","0.00271904356391546","0.00592184334472385","0.239425964864286","0.297460029642579","13.6203453541642","Academic year"
"202526","Local authority","E92000001","England","E12000002","North West","E08000013","St. Helens","342","Primary",53.5343915343915,"11921.5555555556","4177855","4213436","35581","237794","156724","81070","72864","4451230","2030935","2082631","4113566","64289","126037","12105","594","6","444","0","1672","9738","38","83","6007","8796","0","4449","21863","4","469","29666","8575","41507","1322",54,"14803","94.657791217259","5.34220878274095","3.52091444387282","1.82129433886813","2.83150949288174","0.271947304452926","0.666467470788973","0.932483830312071","0.192643381716964","0.0296996560501255","0.0133446260921139","0.000134794202950645","0.00997477101834774","0.0375626512222464","0.000853696618687419","0.00186465314081726","0.134951462854088","0.218770991388897","13.8045540796964","Academic year"
"202526","Local authority","E92000001","England","E12000008","South East","E06000046","Isle of Wight","921","Primary",35.7037037037037,"6850.41798941799","2332574","2370751","38177","155398","115929","39469","33284","2526149","1144013","1162354","2306367","26207","90334","8291","165","30","0","0","1529","6730","5","48","8797","7409","0","3459","26849","0","460","13226","7077","17885","1281",36,"7525","93.8484230344291","6.15157696557091","4.58915923011667","1.56241773545424","3.57595692098922","0.328207085171936","0.523563732780608","0.707994659064054","0.280149745719671","0.0507095978899107","0.00653168122703768","0.00118757840491594","0","0.0605269127038825","0.000197929734152657","0.00190012544786551","0.348237574268185","0.266413422169476","17.1864631718646","Academic year"
"202526","Local authority","E92000001","England","E12000007","London","E09000014","Haringey","309","Primary",59.3174603174603,"15418.7619047619","5366982","5446258","79276","313013","209780","103233","100522","5759271","2606619","2668397","5275016","91966","143228","19348","6353","29","73","0","742","32472","154","3661","3720","7421","0","4316","67137","4","398","24260","8556","61717","8700",60,"18923","94.5650586680154","5.43494133198455","3.64247488961711","1.79246644236745","2.48691197201868","0.335945295854284","0.42123386796697","1.07161132025216","0.148560468851006","0.151060785297306","0.110309099884343","0.000503535950991019","0.00126752153180498","0.0128835750219082","0.00267394953284886","0.0635670729854525","0.0645915081960894","0.563821358640703","16.4821860947769","Academic year"
"202526","Local authority","E92000001","England","E12000004","East Midlands","E06000017","Rutland","857","Primary",16.5,"2095.98369565217","717095","728703","11608","33867","28541","5326","4956","762570","357546","355738","713284","3811","19319","2199","32","0","572","0","234","3142","16","24","3003","1781","0","2687","6376","0","764","1841","1145","1887","453",17,"2593","95.5588339431134","4.44116605688658","3.74273837155933","0.698427685327249","2.53340676921463","0.288366969589677","0.241420459761071","0.24745269286754","0.15015015015015","0.0594043825484874","0.00419633607406533","0","0.0750095073239178","0.0306857075416027","0.00209816803703267","0.003147252055549","0.393799913450568","0.41202774827229","8.65724381625442","Academic year"
"202526","Local authority","E92000001","England","E12000007","London","E09000024","Merton","315","Primary",42.5132275132275,"12535.5079365079","4203541","4254263","50722","213581","155910","57671","64050","4467844","2052053","2092812","4144865","58676","118424","11826","3916","1","85","0","476","16361","243","1107","3471","10749","0","8204","31214","1","554","17112","5374","34484","701",43,"15120","95.2195958498103","4.78040415018967","3.48960259131698","1.29080155887269","2.65058493537375","0.26469142611067","0.383003524742583","0.771826411128052","0.120281728726428","0.0156898942756282","0.0876485392059347","2.23821601649476e-05","0.00190248361402054","0.010653908238515","0.00543886492008226","0.024777051302597","0.077688477932533","0.366194522458707","11.9198559912342","Academic year"
"202526","Local authority","E92000001","England","E12000002","North West","E06000009","Blackpool","890","Primary",29.0529100529101,"8768.88888888889","3082750","3107089","24339","182997","99191","83806","56766","3290086","1496180","1539405","3035585","47165","75450","9010","621","4","1150","0","2641","7087","45","96","3087","3102","0","3180","17775","2","280","21562","9601","51779","864",30,"11283","94.4379265466009","5.56207345339909","3.01484520465422","2.54722824874487","2.29325312469036","0.273853023902719","0.655362808145441","1.57378864868578","0.29181608018757","0.0262607117260765","0.0188748865531175","0.000121577369102206","0.0349534936168842","0.0802714579497314","0.00136774540239982","0.00291785685845294","0.0938273346046274","0.215404703706833","16.5378993526832","Academic year"
"202526","Local authority","E92000001","England","E12000009","South West","E06000059","Dorset","838","Primary",116.851851851852,"16606.9894179894","5756565","5826764","70199","345730","249454","96276","56995","6172494","2847836","2863161","5710997","45568","187907","19709","542","0","813","0","1888","22832","71","471","15221","12338","0","6835","46687","2","4337","38304","11427","43115","3430",119,"20870","94.3988604930195","5.60113950698049","4.04138100417757","1.55975850280292","3.04426379353305","0.319303672065133","0.620559533958235","0.698502096559349","0.185127761971093","0.0555691103142425","0.00878089148405815","0","0.0131713372260872","0.0305873120330291","0.00115026438259802","0.00763062710146012","0.2465940023595","0.369899103992649","13.3598183881952","Academic year"
"202526","Local authority","E92000001","England","E12000002","North West","E08000001","Bolton","350","Primary",95.2872340425532,"23603.2074468085","8263179","8313651","50472","461421","318282","143139","111580","8775072","4043890","4123614","8167504","95675","250727","21750","9041","19","1309","0","6108","21912","580","803","6033","11647","0","3192","35556","32","45","66513","15905","57316","3405",97,"29001","94.7416841707965","5.25831582920345","3.62711553819729","1.63120029100616","2.85726430506781","0.247861214130209","0.757976686687015","0.653168429843083","0.181252074057056","0.0388031004190051","0.10303049365293","0.000216522439929838","0.0149172565193767","0.0696062664784973","0.00660963237680557","0.0091509220665084","0.068751572636669","0.249707352828558","14.2429077324201","Academic year"
"202526","Local authority","E92000001","England","E12000009","South West","E06000025","South Gloucestershire","803","Primary",91.8617021276596,"19961.6861702128","6753495","6828536","75041","372535","265883","106652","66501","7201071","3337734","3362358","6700092","53403","191895","20804","1993","1","3163","0","2515","29409","87","1340","14676","13753","0","3859","56998","2","429","53359","13098","38218","1977",93,"22594","94.8266723102716","5.17332768972838","3.69227021924933","1.48105747047904","2.66481194255688","0.28890147035073","0.740987000405912","0.530726609972322","0.181889610587092","0.0274542495137182","0.0276764386853011","1.38868232239343e-05","0.0439240218573043","0.0349253604081948","0.00120815362048229","0.018608343120072","0.20380301763446","0.408397584192685","11.8482066811772","Academic year"
"202526","Local authority","E92000001","England","E12000008","South East","E06000035","Medway","887","Primary",74.3617021276596,"21302.1170212766","7419290","7493403","74113","449659","314895","134764","85796","7943062","3645375","3701601","7346976","72314","227440","23194","2345","3","501","0","3726","37048","149","1079","19410","10468","0","11990","48879","0","2776","37394","13482","82177","1711",76,"25763","94.3389715452303","5.66102845476971","3.96440314830729","1.69662530646242","2.86337938694171","0.292003260203685","0.470775627837224","1.03457583486066","0.169733032425027","0.0215408113395061","0.029522619866243","3.77688100634239e-05","0.00630739128059179","0.0469088620987725","0.00187585089981672","0.0135841820194781","0.244364201110353","0.466419625076576","15.9289053615803","Academic year"
"202526","Local authority","E92000001","England","E12000005","West Midlands","E10000028","Staffordshire","860","Primary",303.444444444444,"52615.3439153439","18365253","18578063","212810","942837","708318","234519","179393","19520900","9061828","9152073","18213901","151352","553416","48393","5868","11","3747","0","5604","67691","545","1154","21889","53990","0","8628","148492","4","1696","99642","28041","97463","9373",308,"62202","95.1701151073977","4.82988489260229","3.62851098053881","1.20137391206348","2.83499223908734","0.247903529038108","0.510437531056457","0.499275135880005","0.143646040909999","0.0480152042170187","0.0300600894425974","5.63498609182978e-05","0.0191948117146238","0.0287076927805583","0.00279187947277021","0.00591161268179234","0.112131100512784","0.346761675947318","11.4192409532215","Academic year"
"202526","Local authority","E92000001","England","E12000009","South West","E06000024","North Somerset","802","Primary",63.2765957446809,"13887.6808510638","4711794","4768110","56316","250052","185651","64401","49067","5018162","2323074","2348764","4671838","39956","142473","14184","648","20","350","16","1427","14838","114","135","11446","10234","0","4185","40347","1","1549","29086","9111","24411","1793",64,"16794","95.0170600311429","4.98293996885712","3.69958163965213","1.283358329205","2.83914708213884","0.282653290188718","0.57961460789827","0.486453008093402","0.181560499641104","0.0357302135722203","0.0129130944756267","0.000398552298630455","0.00697466522603296","0.0284367065072829","0.00227174810219359","0.00269022801575557","0.228091480506209","0.295685950353934","11.7415613998758","Academic year"
"202526","Local authority","E92000001","England","E12000003","Yorkshire and The Humber","E08000034","Kirklees","382","Primary",141.063492063492,"29378.8888888889","10386014","10493302","107288","570161","400801","169360","132160","11063463","5092791","5179161","10271952","114062","302479","29685","14642","40","200","0","4348","30600","264","414","18129","28091","0","10246","66990","0","1961","74562","18098","70939","5761",144,"32094","94.8464508807053","5.15354911929475","3.62274452402471","1.53080459527003","2.73403544622511","0.268315625948223","0.673948111906733","0.641200680112547","0.163583500030687","0.0520723032200677","0.13234554135536","0.00036155044763109","0.00180775223815545","0.0393005336574995","0.00238623295436519","0.00374204713298178","0.163863701627601","0.276586092437784","13.1695962278791","Academic year"
"202526","Local authority","E92000001","England","E12000003","Yorkshire and The Humber","E06000013","North Lincolnshire","813","Primary",61.468085106383,"10645.5159574468","3718606","3756331","37725","210376","135920","74456","42357","3966707","1829232","1852929","3682161","36445","107048","11040","1276","5","629","0","998","9597","101","78","5148","7875","0","2984","25656","0","1210","25540","5912","40387","2617",62,"12565","94.6964572881234","5.30354271187663","3.42651978076525","1.87702293111137","2.69866163545732","0.278316497790233","0.643858999416897","1.0181493112549","0.149040501352885","0.0659741190866883","0.0321677401431464","0.000126049138491953","0.0158569816222877","0.0251594080429938","0.00254619259753745","0.00196636656047447","0.129780192991315","0.241938716421455","13.8041448012096","Academic year"
"202526","Local authority","E92000001","England","E12000007","London","E09000019","Islington","206","Primary",39.6031746031746,"9684.74074074074","3305124","3341035","35911","221197","142234","78963","98283","3562232","1567351","1645766","3213117","92007","106835","11055","4980","4","20","0","1204","13930","70","1273","2863","10489","0","2108","22577","6","731","14006","6276","52341","6340",40,"12512","93.7904942743763","6.20950572562371","3.99283370650761","2.2166720191161","2.99910280969909","0.310339135687962","0.393180455399873","1.46933158761136","0.176181674860032","0.177978301244838","0.139799990567711","0.000112289149050371","0.000561445745251853","0.0337990338641616","0.00196506010838149","0.0357360216852805","0.0803709584328028","0.391046961567916","19.4650245357452","Academic year"
"202526","Local authority","E92000001","England","E12000001","North East","E08000021","Newcastle upon Tyne","391","Primary",70.3351063829787,"17492.9308510638","5981775","6026847","45072","342398","214556","127842","108976","6369245","2897892","2984143","5882035","99740","167440","15189","7276","1","12","0","2365","12178","88","420","9587","10829","0","1612","32100","3","528","46480","9236","68833","3293",72,"22678","94.62419800149","5.37580199851003","3.36862532372361","2.00717667478642","2.62888301517684","0.238474104858582","0.729756823610962","1.08070893802955","0.145009337841455","0.0517015753044513","0.114236459737379","1.5700448012284e-05","0.000188405376147408","0.0371315595490517","0.00138163942508099","0.00659418816515929","0.150520195093767","0.191200055893595","14.7347635820258","Academic year"
"202526","Local authority","E92000001","England","E12000001","North East","E06000057","Northumberland","929","Primary",126.462765957447,"16250.4734042553","5606524","5665343","58819","317771","204604","113167","59889","5983114","2760364","2793301","5553665","52859","158732","16407","725","25","1171","0","2790","14981","58","235","9480","7616","0","3429","46789","3","982","54803","7030","49705","1629",127,"19525","94.6888693747102","5.31113062528977","3.4196908165213","1.89143980876848","2.65299975898838","0.274221751415734","0.915961153339214","0.830754687274887","0.117497343356653","0.0272266247977224","0.0121174358369237","0.000417842615066335","0.0195717480897071","0.046631235841403","0.000969394866953897","0.00392772058162355","0.158445919633154","0.250388008652351","13.4474602995833","Academic year"
"202526","Local authority","E92000001","England","E12000007","London","E09000009","Ealing","307","Primary",63.840206185567,"24048.9690721649","7902081","7975742","73661","439835","315621","124214","163149","8415577","3814679","3935373","7750052","152029","241833","20788","16754","79","516","0","2639","24065","414","3705","4828","9579","0","7699","55644","2","737","41471","11120","65443","6180",65,"25697","94.7735609810236","5.22643901897636","3.75043802700635","1.47600099197001","2.87363540253984","0.247018118900225","0.492788551515838","0.777641271656121","0.132135918903719","0.0734352498943329","0.199083200118067","0.000938735395089368","0.00613148688438119","0.0313585152865929","0.00491944877932909","0.0440255017570394","0.0573698036391325","0.285957813706654","14.5511176255038","Academic year"
"202526","Local authority","E92000001","England","E12000001","North East","E08000023","South Tyneside","393","Primary",42.2380952380952,"9046.2328042328","3184660","3211611","26951","188888","141909","46979","37706","3400499","1562000","1588923","3150923","33737","113708","11052","1089","0","14","0","1693","11034","151","65","3103","6506","0","1683","18509","0","253","21655","3969","20095","1260",45,"12317","94.4452858242276","5.55471417577244","4.1731816418708","1.38153253390164","3.34386218022708","0.325011123367482","0.636818302255051","0.590942682235754","0.116718164010635","0.0370533854002016","0.0320247116673171","0","0.000411704282224462","0.0497868107004296","0.00444052475827812","0.00191148416747072","0.0912513134101789","0.324481789290336","14.7888733239944","Academic year"
"202526","Local authority","E92000001","England","E12000001","North East","E08000037","Gateshead","390","Primary",64.2694300518135,"11958.0103626943","4230686","4272027","41341","225241","159217","66024","49688","4497268","2080366","2105846","4186212","44474","125956","11550","1537","2","36","0","814","13316","147","38","5821","13134","0","5174","22864","0","169","30480","5214","28317","2013",66,"15325","94.9916037914574","5.00839620854261","3.54030491400557","1.46809129453704","2.80072257201483","0.256822586512523","0.677744799731748","0.629648933530312","0.115937053339939","0.0447605079350397","0.0341763043696751","4.4471443551952e-05","0.000800485983935136","0.0180998775256445","0.00326865110106847","0.000844957427487088","0.129434136457956","0.296090871168896","12.3402904531386","Academic year"
"202526","Local authority","E92000001","England","E12000006","East of England","E06000034","Thurrock","883","Primary",37.978835978836,"14631.2116402116","5061290","5118628","57338","278855","180575","98280","64421","5397483","2487091","2518681","5005772","55518","132954","11967","3393","9","5252","0","1947","18431","56","1452","5114","10371","0","5824","40567","1","575","25841","8903","61448","2088",39,"18689","94.8336104069249","5.16638959307514","3.34554087525611","1.82084871781903","2.46325926362343","0.221714454681932","0.478760192482311","1.1384565731842","0.164947254118262","0.0386846980342504","0.0628626343056569","0.000166744388078666","0.0973046140210168","0.0360723692876846","0.00103752063693392","0.026901427943358","0.094747866737144","0.341473979630876","14.307266784008","Academic year"
"202526","Local authority","E92000001","England","E12000004","East Midlands","E06000016","Leicester","856","Primary",81.625,"27372.7065217391","9099276","9188481","89205","519857","331881","187976","130789","9708338","4453166","4534024","8987190","112086","253978","19503","18265","7","1340","0","1786","26821","175","634","9372","9836","0","10508","68325","0","536","65557","18703","99987","3729",82,"32857","94.6452523593637","5.35474764063633","3.4185150949627","1.93623254567363","2.61608114591808","0.200889173821513","0.675264911460643","1.02990851781221","0.192648834434895","0.038410281965873","0.188137248620722","7.21029696329073e-05","0.0138025684725851","0.0183965576806246","0.00180257424082268","0.00653046896389475","0.0965355759142296","0.276267678360601","15.4556608274828","Academic year"
"202526","Local authority","E92000001","England","E12000007","London","E09000022","Lambeth","208","Primary",56.3756613756614,"13941.7883597884","4684895","4738867","53972","281934","182321","99613","128917","5020801","2234023","2337878","4571901","112994","127353","15556","3802","10","4","0","1606","24101","371","5321","4197","4956","1","2882","45185","1","947","18838","15923","60936","3916",58,"17512","94.3846808507248","5.61531914927519","3.6313130116091","1.98400613766608","2.53650762099514","0.309831040903633","0.375199096717834","1.21367088637849","0.317140631544648","0.0779955230251109","0.0757249689840326","0.000199171407112132","7.96685628448528e-05","0.0319869279822084","0.0073892592038601","0.105979105724365","0.0835922395649618","0.48002300828095","17.1403257684182","Academic year"
"202526","Local authority","E92000001","England","E12000008","South East","E06000043","Brighton and Hove","846","Primary",47.4232804232804,"13873.8571428571","4838555","4899767","61212","304767","233278","71489","69973","5204534","2364479","2412719","4777198","61357","160062","15745","2777","92","563","0","1816","40889","348","1494","9492","9158","0","11719","37870","4","2461","23392","8616","36759","2722",47,"15794","94.1442019592916","5.85579804070835","4.48220724468319","1.37359079602516","3.07543384287623","0.302524683285766","0.449454264301088","0.70628801733258","0.165547962603376","0.052300551788114","0.0533573226728848","0.00176768947998034","0.0108174910568362","0.034892653213525","0.0066864775981865","0.0287057400335938","0.182379440695363","0.785641903770828","14.9821876236971","Academic year"
"202526","Local authority","E92000001","England","E12000008","South East","E06000040","Windsor and Maidenhead","868","Primary",45.4656084656085,"8343.48677248677","2830160","2867455","37295","149571","115760","33811","29507","3017026","1395276","1409929","2805205","24955","81387","8009","2220","0","689","0","972","17116","308","1754","3305","5557","0","6000","24328","0","1410","13626","4552","14394","1239",46,"10061","95.0424358291907","4.95756417080927","3.83689103110149","1.12067313970778","2.69759027598701","0.265460092156978","0.4516368105545","0.477092341928774","0.150877055749602","0.0410669314749028","0.0735823953787604","0","0.0228370587459306","0.0322171568955654","0.0102087287282244","0.0581367213938494","0.109544962489551","0.567313639325614","12.3505059797608","Academic year"
"202526","Local authority","E92000001","England","E12000006","East of England","E06000055","Bedford","822","Primary",54.3227513227513,"13933.6031746032","4749020","4789112","40092","252120","188200","63920","47802","5041232","2345917","2362620","4708537","40483","145126","13813","3535","9","57","0","2064","18402","197","611","4386","6150","0","2727","30934","0","281","27366","7319","26650","2585",54,"16009","94.9988415530172","5.0011584469828","3.73321442060195","1.26794402638085","2.87878042510244","0.274000482421757","0.542843495399537","0.528640618007662","0.145182764847958","0.0512771481256963","0.0701217480171514","0.000178527788445364","0.00113067599348731","0.0409423728168035","0.00390777492485964","0.0121200531933464","0.0870025422357075","0.365029818107955","12.6351304826826","Academic year"
"202526","Local authority","E92000001","England","E12000007","London","E09000015","Harrow","310","Primary",39.4338624338624,"17749.6931216931","6136936","6205065","68129","302901","234812","68089","73325","6507966","3017072","3051642","6068714","68222","176585","15394","14465","3","3","0","873","21614","58","2987","2830","5363","0","7127","55356","0","283","19386","5103","39309","4291",40,"21388","95.3456886529524","4.6543113470476","3.6080704785489","1.0462408684987","2.71336697210772","0.236540879285479","0.297881089114479","0.604013604250545","0.0784115958811094","0.0659345792525652","0.222266065925974","4.60973520759021e-05","4.60973520759021e-05","0.0134143294540875","0.00089121547346744","0.0458975968835731","0.0434851687916009","0.332116055922849","11.7086274096703","Academic year"
"202526","Local authority","E92000001","England","E12000009","South West","E06000022","Bath and North East Somerset","800","Primary",62.1595744680851,"10869.8617021277","3728807","3782268","53461","188303","142416","45887","40853","3970571","1838429","1857016","3695445","33362","104208","11468","485","26","62","0","1691","12286","118","454","11618","7202","0","6564","38694","0","1001","18072","7491","18363","1961",63,"12845","95.2575334882565","4.74246651174353","3.58678890265405","1.15567760908947","2.62450917009166","0.288824957417963","0.455148642348922","0.462477563050755","0.188663041159571","0.0493883625302255","0.0122148678363893","0.000654817657208497","0.00156148825949719","0.0425883330130603","0.00297186475194626","0.0114341237066407","0.292602751594166","0.309426528325523","10.390873717722","Academic year"
"202526","Local authority","E92000001","England","E12000005","West Midlands","E10000034","Worcestershire","885","Primary",177.767195767196,"32332","11261017","11391725","130708","656939","471137","185802","138548","12048664","5553881","5586968","11140849","120168","345251","31445","3079","8","4030","0","4053","55338","266","840","26827","28452","0","5556","93323","5","3372","73934","18380","87012","6476",180,"40092","94.547619553504","5.45238044649598","3.9102841609659","1.54209628553008","2.86547122568942","0.260983292421467","0.61362819977385","0.722171354433985","0.152548033541312","0.0537486977809324","0.0255547005045539","6.63974030647713e-05","0.0334476917938786","0.0336385843276898","0.00220771365190365","0.00697172732180099","0.222655391502328","0.45928743634979","13.2286606523248","Academic year"
"202526","Local authority","E92000001","England","E12000001","North East","E06000047","County Durham","840","Primary",206.776595744681,"30964.4627659574","10758828","10860688","101860","626616","443465","183151","119223","11487304","5292536","5363529","10656065","102763","350741","32944","1121","2","3343","0","6530","33949","171","63","14601","26250","0","6411","67424","0","1775","77640","16460","81229","7822",208,"38210","94.5451430553244","5.45485694467562","3.86047936051836","1.59437758415726","3.05329257413228","0.286786177156973","0.675876602551826","0.707119790683697","0.143288625425078","0.0680925654966561","0.00975859958089383","1.74105255680532e-05","0.029101693487001","0.0568453659796938","0.00148859993606855","0.000548431555393676","0.127105541909573","0.295534966254919","14.3884240099085","Academic year"
"202526","Local authority","E92000001","England","E12000003","Yorkshire and The Humber","E06000011","East Riding of Yorkshire","811","Primary",121.354497354497,"19556.4391534392","6908123","6987043","78920","355341","252069","103272","57047","7342384","3420623","3441728","6862351","45772","190055","22924","653","0","2524","0","2070","22349","172","132","11190","19372","0","3605","54326","0","1617","43329","11275","44580","4088",123,"23216","95.1604138383392","4.83958616166085","3.43306751594577","1.40651864571507","2.58846445514155","0.312214670330508","0.590121682548883","0.607159745390598","0.153560478449506","0.0556767393260826","0.00889356917317318","0","0.0343757558852819","0.0281924780834127","0.00234256339630289","0.00179778121111617","0.152402816305985","0.304383426418449","11.0700927769952","Academic year"
"202526","Local authority","E92000001","England","E12000005","West Midlands","E06000020","Telford and Wrekin","894","Primary",55.2910052910053,"13770.5925925926","4776617","4835722","59105","266047","186991","79056","65938","5101769","2342295","2375537","4717832","58785","140349","12740","1453","2","76","0","1292","18786","136","1700","10457","5898","33","4819","48172","0","183","18756","7153","51047","2100",56,"14385","94.7852009763672","5.21479902363278","3.66521886820042","1.54958015543236","2.75098696158137","0.249717303939085","0.367637186238734","1.00057450660741","0.140206269629221","0.041162192956992","0.0284803173173854","3.92020885304685e-05","0.0014896793641578","0.0253245491906827","0.00266574202007186","0.0333217752508983","0.204968119881555","0.368225217566691","14.2175002984362","Academic year"
"202526","Local authority","E92000001","England","E12000004","East Midlands","E10000019","Lincolnshire","925","Primary",276.502732240437,"45384.7759562842","15541379","15702778","161399","826992","612789","214203","150566","16529770","7673850","7739907","15413757","127622","456978","45995","2533","9","4068","28","9953","61276","415","502","31032","24330","0","15850","119960","4","1255","84352","22944","100319","6588",278,"53747","94.9969539806059","5.0030460193941","3.70718406850186","1.29586195089224","2.76457567165181","0.278255535315978","0.510303531144112","0.606898946567315","0.138804109192082","0.0398553639887306","0.0153238671802451","5.44472185638397e-05","0.0246101427908555","0.0602125740406551","0.00251062174488816","0.00303694485767195","0.187734009608119","0.370700862746427","12.6759986063575","Academic year"
"202526","Local authority","E92000001","England","E12000008","South East","E10000011","East Sussex","845","Primary",142.132275132275,"29364.4232804233","10214139","10332967","118828","651829","461515","190314","127325","10984796","5024171","5083664","10107835","106304","341523","31818","2195","0","781","0","4814","43319","591","1498","34976","26945","0","12551","78710","0","622","64553","21021","100477","4263",144,"33810","94.0660800619329","5.93391993806712","4.2013980050244","1.73252193304273","3.10905182035242","0.289654901192521","0.587657704339707","0.914691542746902","0.191364500533283","0.0388081854228335","0.0199821644389209","0","0.0071098270737117","0.0438242093890501","0.00538016363708529","0.0136370306740335","0.318403728207606","0.394354160059049","15.6517676374397","Academic year"
"202526","Local authority","E92000001","England","E12000007","London","E09000007","Camden","202","Primary",37.5026455026455,"7623.05291005291","2651608","2694720","43112","164844","122715","42129","59584","2859564","1276648","1320222","2596870","54738","90371","10259","5069","0","8","0","378","13757","254","515","2104","8406","0","2191","32190","2","323","10873","4846","22994","3416",38,"9809","94.2353449686735","5.76465503132645","4.29138847740425","1.47326655392221","3.16030695588558","0.358760985940514","0.380232790733133","0.804108598373738","0.169466394177574","0.119458770637762","0.177264785820496","0","0.000279762928894055","0.0132187983902441","0.00888247299238625","0.0180097385475548","0.0735776502991365","0.48108732659944","16.9993876301286","Academic year"
"202526","Local authority","E92000001","England","E12000007","London","E09000017","Hillingdon","312","Primary",65.3280423280423,"22687.4867724868","7433363","7500465","67102","476605","330776","145829","124807","7977070","3620476","3703746","7324222","109141","250736","19659","13450","32","859","0","1658","39756","223","499","3904","9230","0","4696","53055","2","119","34232","15666","88358","7573",64,"26148","94.0253125521025","5.97468744789754","4.14658514968529","1.82810229821225","3.14320922343668","0.246443869741647","0.429129993844858","1.10764980124281","0.196387896809229","0.0949346063153514","0.168608273463816","0.000401149795601643","0.0107683648256816","0.0207845737846101","0.00279551263809895","0.00625542962516312","0.0489402750634005","0.498378477310591","18.2675285108485","Academic year"
"202526","Local authority","E92000001","England","E12000006","East of England","E06000032","Luton","821","Primary",45.6455026455026,"19206.6137566138","6548065","6599470","51405","359621","262423","97198","72942","6959091","3225569","3260633","6486202","61863","198284","16284","17304","7","22","0","1392","22522","142","531","5935","4876","0","4655","41378","0","496","42425","11079","36855","6839",46,"21929","94.8323566971606","5.16764330283941","3.7709378997918","1.39670540304761","2.84928017179255","0.233996077936041","0.609634218032211","0.529595029005943","0.159201826790309","0.0982743292191466","0.248653164615896","0.000100587849763712","0.000316133242114523","0.0200026124101553","0.00204049638092101","0.00763030688921872","0.0852841269068043","0.323634221768332","14.6527479860813","Academic year"
"202526","Local authority","E92000001","England","E12000008","South East","E10000032","West Sussex","938","Primary",222.227513227513,"52997.9206349206","18560250","18798583","238333","1070394","817934","252460","191249","19868977","9157276","9243075","18400351","159899","585136","57639","6885","55","3092","22","8158","107864","669","3593","44821","47042","0","28061","159147","6","4077","104496","31350","109165","7449",226,"61326","94.6127372335274","5.38726276647258","4.11663871773569","1.27062404873688","2.94497295960431","0.290095458865346","0.525925416290934","0.54942436140522","0.157783664453384","0.0374906065873447","0.0346520105187096","0.000276813446409445","0.0155619486599637","0.0410589835601501","0.00336705810268943","0.0180834675081661","0.225582826936686","0.542876465154698","13.0465051517683","Academic year"
"202526","Local authority","E92000001","England","E12000002","North West","E06000008","Blackburn with Darwen","889","Primary",55.4391534391534,"12759.0793650794","4452985","4480513","27528","231924","156307","75617","67270","4712437","2169630","2223280","4392910","60075","122217","11526","7255","1","591","0","1119","11419","159","31","1989","6195","0","1100","19799","0","434","36677","7195","29709","2036",56,"15172","95.0784700145593","4.92152998544065","3.31690375913779","1.60462622630287","2.59349886269037","0.244586824184599","0.778302182076917","0.630438136361293","0.152681086240516","0.0432048216241405","0.153954312810972","2.12204428409335e-05","0.0125412817189917","0.0237456755390046","0.00337405041170842","0.000657833728068938","0.0422074608106167","0.242316236800619","12.3555817205092","Academic year"
"202526","Local authority","E92000001","England","E12000003","Yorkshire and The Humber","E08000017","Doncaster","371","Primary",96.5291005291005,"22569.9100529101","7528864","7616701","87837","429695","266063","163632","96761","8046396","3692946","3751701","7444647","84217","206827","19771","2173","8","3568","0","3299","20933","110","589","8785","17772","0","5923","61864","6","2272","68358","12544","79605","3125",98,"28007","94.6597830879813","5.34021691201875","3.3066108106039","2.03360610141484","2.57043028953584","0.245712490411856","0.849548046106605","0.989324910183391","0.155895881833308","0.0388372632915407","0.0270058794024057","9.94233940263442e-05","0.0443428337357495","0.0409997221116137","0.00136707166786223","0.00732004738518959","0.109179314565179","0.260153738394183","14.5613050796254","Academic year"
"202526","Local authority","E92000001","England","E12000007","London","E09000001","City of London","201","Primary",1,"c","c","c","c","c","c","c","c","c","c","c","c","c","c","c","c","c","c","c","c","c","c","c","c","c","c","c","c","c","c","c","c","c","c",1,"c","c","c","c","c","c","c","c","c","c","c","c","c","c","c","c","c","c","c","c","Academic year"
"202526","Local authority","E92000001","England","E12000004","East Midlands","E06000018","Nottingham","892","Primary",74.0846560846561,"21620.4391534392","7537379","7605215","67836","490081","266354","223727","166252","8095296","3633575","3758487","7392062","145317","194823","17748","9905","5","179","0","4599","27116","17","197","11765","17402","0","2274","47172","3","985","45328","20935","149190","8274",74,"26896","93.9461015384737","6.0538984615263","3.29023175928342","2.76366670224288","2.40661984441335","0.219238431800394","0.559930112499901","1.84292211180419","0.258606973728941","0.102207504209852","0.122355007154772","6.17642640862051e-05","0.00221116065428614","0.0568107701064915","0.000209998497893097","0.00243351200499648","0.145331313394841","0.334959956992308","18.2714177407127","Academic year"
"202526","Local authority","E92000001","England","E12000007","London","E09000013","Hammersmith and Fulham","205","Primary",35.3915343915344,"7095.90476190476","2386593","2414469","27876","138639","99358","39281","52933","2553108","1147787","1189695","2337482","49111","71020","8230","3749","48","44","0","398","12680","58","1496","1635","5248","0","4914","17455","3","256","9692","3822","23120","2647",36,"8827","94.5697949322943","5.43020506770571","3.89164892358647","1.53855614411925","2.78170762850612","0.322352207583855","0.379615746768253","0.905562945241643","0.149699895186573","0.103677556922778","0.146840635022099","0.00188006147801033","0.00172338968817614","0.0155888430885023","0.00227174095259582","0.0585952493979886","0.0640395940947269","0.496649573774396","15.3463401859369","Academic year"
"202526","Local authority","E92000001","England","E12000005","West Midlands","E08000027","Dudley","332","Primary",77,"21912.2380952381","7620580","7691300","70720","461240","299090","162150","104320","8152540","3736835","3796482","7533317","87263","228949","18792","4873","10","1227","0","3523","25088","535","740","15353","13408","0","1844","55317","5","146","54145","17057","88024","2924",78,"27657","94.3423767316689","5.6576232683311","3.66867258547643","1.98895068285467","2.80831495460311","0.23050484879559","0.664148841956004","1.07971258037372","0.209223137819624","0.0358661227053164","0.0597727824702485","0.000122661158362915","0.0150505241311297","0.043213526091255","0.00656237197241596","0.00907692571885572","0.188321676434584","0.307732314100881","14.9123553437713","Academic year"
"202526","Local authority","E92000001","England","E12000009","South West","E06000027","Torbay","880","Primary",30.468085106383,"7401.48936170213","2567776","2600156","32380","153915","114090","39825","38059","2754071","1257353","1278794","2536147","31629","88873","8159","380","4","77","0","2122","9327","93","30","5025","5691","0","3308","21773","1","1607","9989","6430","22769","637",31,"9528","94.4113641224209","5.58863587757905","4.14259472613451","1.44604115144453","3.22696836791789","0.296252347887908","0.362699436579522","0.826739760884886","0.23347255753392","0.0231293964462064","0.0137977561217558","0.000145239538123745","0.00279586110888209","0.0770495749746466","0.00337681926137707","0.00108929653592809","0.182457169767954","0.338662293020042","14.6927871772039","Academic year"
"202526","Local authority","E92000001","England","E12000008","South East","E10000016","Kent","886","Primary",452.914893617021,"107153.457446809","37016209","37414712","398503","2221393","1531008","690385","486595","39636105","18147345","18462229","36609574","406635","1143143","119270","9890","27","4093","0","13611","143145","1576","4402","91851","63910","0","35090","296248","11","3244","204130","79960","388467","17828",459,"125715","94.395531548824","5.60446845117602","3.86266006712819","1.74180838404783","2.88409519552943","0.300912513981886","0.515010241293891","0.980083688848841","0.201735261322978","0.0449791925821167","0.0249519976798931","6.8119710551781e-05","0.0103264435292015","0.0343399029748256","0.00397617273442988","0.011106035772183","0.231735686440431","0.361147998775359","15.2696951272475","Academic year"
"202526","Local authority","E92000001","England","E12000002","North West","E08000009","Trafford","358","Primary",61.9468085106383,"18515.1755319149","6104374","6153203","48829","263662","198840","64822","81731","6416865","2985163","3045836","6030999","73375","152544","17788","5334","50","4","0","615","17286","123","751","4345","16327","0","3718","28148","2","634","29885","8356","23562","3019",62,"20639","95.8911088202728","4.10889117972717","3.09870941651414","1.01018176321303","2.37723561271743","0.27720701619872","0.465725864577173","0.36718865053262","0.130219351661598","0.0470478964416425","0.083124703418258","0.000779196694959299","6.23357355967439e-05","0.00958411934799937","0.00191682386959987","0.0117035343582887","0.0677121927919631","0.269383881381329","9.44773592890394","Academic year"
"202526","Local authority","E92000001","England","E12000006","East of England","E10000003","Cambridgeshire","873","Primary",207.619047619048,"42044.9417989418","14748716","14918802","170086","828308","652163","176145","172656","15747110","7255110","7348236","14603346","145370","459569","46009","4950","27","6162","0","8830","65091","311","3676","57538","17921","5","10931","130994","12","10223","62650","27286","79230","6979",210,"50759","94.7399364073789","5.26006359262112","4.14147738854939","1.11858620407173","2.91843392216096","0.292174246576038","0.397850780238406","0.503139941233661","0.17327623925914","0.0443192433405241","0.0314343393803688","0.00017146003298383","0.0391309897498652","0.0560737811573044","0.00197496556511004","0.0233439659721689","0.365387680660134","0.413352037294462","12.8485498982581","Academic year"
"202526","Local authority","E92000001","England","E12000006","East of England","E10000029","Suffolk","935","Primary",249.439153439153,"44819.2169312169","15792071","15979041","186970","884084","648047","236037","161470","16863125","7803396","7860498","15663894","128177","464354","49415","3329","3","2711","0","9854","71440","314","2044","44583","40696","0","14843","123385","7","8039","90924","33293","104006","7814",253,"53036","94.7572943923502","5.24270560764983","3.84298283977614","1.39972276787369","2.75366517178755","0.293035840035581","0.539188317705052","0.616765872280494","0.197430784626218","0.0463377932619251","0.0197412994329343","1.77902968755791e-05","0.016076498276565","0.0584351951373189","0.00186205107297728","0.0121211222712279","0.264381601867981","0.423646269597124","12.9219812497485","Academic year"
"202526","Local authority","E92000001","England","E12000008","South East","E10000030","Surrey","936","Primary",293.322751322751,"72563.9841269841","25354937","25682468","327531","1335207","1031028","304179","297579","27017675","12468101","12632283","25100384","254553","741005","73986","10369","59","7115","0","10123","111765","1851","16822","57933","41042","0","32750","249357","18","4364","106369","43026","148033","6751",298,"84568","95.0580240527729","4.94197594722714","3.81612407433282","1.12585187289432","2.7426675315326","0.273842956509026","0.393701530572116","0.547911691142928","0.159251304932789","0.0249873462464849","0.0383785799481266","0.000218375563404327","0.0263346124342676","0.0374680648871526","0.0068510706417188","0.0622629445353829","0.214426296859371","0.413673641421773","11.6598937167865","Academic year"
"202526","Local authority","E92000001","England","E12000007","London","E09000031","Waltham Forest","320","Primary",50.5767195767196,"18886.4444444444","6434269","6490315","56046","357123","226886","130237","112649","6847438","3127091","3205006","6332097","102172","160368","18741","12428","4","34","0","739","31644","151","1567","1210","9005","0","4576","41180","5","1280","31153","10477","84130","4477",51,"23588","94.7845749023211","5.21542509767887","3.31344365586078","1.90198144181809","2.34201463379442","0.273693606280188","0.454958482281986","1.22863470979949","0.153006131636387","0.0653821181002296","0.181498540037894","5.84160090241051e-05","0.000496536076704893","0.0107923576672034","0.00220520434065997","0.0228844715351932","0.0176708427297918","0.462129047389695","14.9536497644496","Academic year"
"202526","Local authority","E92000001","England","E12000008","South East","E06000038","Reading","870","Primary",39.6190476190476,"11968.1746031746","3763113","3797487","34374","218448","146714","71734","56539","4015935","1838736","1875494","3714230","48883","105150","9351","4437","59","38","0","1254","15048","80","1118","10179","5375","0","686","26611","0","1702","20766","7656","40304","3008",40,"13492","94.5604697287182","5.43953027128178","3.6532961813376","1.78623408994418","2.61831927060572","0.232847394193382","0.517090042543019","1.00360190092718","0.190640535765644","0.0749016107083407","0.110484855955089","0.00146914728450535","0.000946230454427176","0.0312256049960968","0.00199206411458353","0.0278390960013048","0.253465257779322","0.374707259953162","15.9598494353827","Academic year"
"202526","Regional","E92000001","England","E12000009","South West","","","","Primary",1808.27979274611,"321355.088082902","113088510","114566049","1477539","6371324","4748170","1623154","1266412","120937373","55742414","56303707","112046121","1042389","3480852","350962","27184","164","15877","123","55071","494519","2544","12856","308018","296649","0","128109","1017399","40","35342","606100","224023","738561","54470",1878,"396600","94.7317162247273","5.26828377527268","3.92613952347055","1.34214425180213","2.8782268984791","0.290201441699912","0.50116848494799","0.610697075419358","0.185238850855475","0.0450398405793055","0.0224777497027325","0.000135607377547386","0.0131282825202429","0.0455367920055614","0.00210356810049115","0.0106302954009097","0.254692153764577","0.408905028886315","12.824458044958","Academic year"
"202526","Regional","E92000001","England","E12000004","East Midlands","","","","Primary",1559.86528497409,"302934.227979275","108359877","109596438","1236561","5956956","4190288","1766668","1242903","115553394","53326356","53978583","107304939","1054938","3124432","306283","55877","126","22576","28","43166","415289","2257","6146","214108","244494","0","113208","864368","45","14446","622396","187965","894419","61888",1654,"377962","94.8448454919463","5.15515450805365","3.62627860156146","1.5288759064922","2.70388596288223","0.265057554259289","0.538621998415728","0.774030921151481","0.162665062005881","0.0535579249191071","0.048356000690036","0.000109040501224914","0.0195372885369338","0.0373558910783702","0.00195320961321136","0.00531875333752637","0.185289235208444","0.359391434231694","13.1887375495897","Academic year"
"202526","Regional","E92000001","England","E12000001","North East","","","","Primary",820.917098445596,"157478.886010363","55754923","56356538","601615","3190181","2127464","1062717","724838","59546719","27328577","27788034","55116611","638312","1685678","161283","20890","34","16299","0","25446","148779","1576","1346","66133","135170","0","55769","403234","18","7424","447748","86526","499704","28739",857,"206717","94.6425578880341","5.3574421119659","3.57276443728159","1.78467767468431","2.83084950490723","0.270851195008746","0.751927238845855","0.8391797371741","0.145307754067861","0.0482629445964941","0.0350816977842222","5.70980241581404e-05","0.0273717851692215","0.042732833021413","0.00264666135509498","0.00226041001520168","0.111060695048538","0.249852556947764","14.0467454424638","Academic year"
"202526","Regional","E92000001","England","E12000008","South East","","","","Primary",2484.02590673575,"574847.160621762","202497015","204927147","2430132","11421434","8473200","2948234","2402409","216348581","99629715","100833375","200463090","2033925","6143708","600044","93865","485","31016","22","73253","969535","10648","50060","500564","402560","0","217179","1772327","71","37995","1039723","368484","1458656","81371",2586,"684963","94.7208186218702","5.27918137812977","3.91645739520704","1.36272398292273","2.83972650599451","0.277350559558327","0.480577684029275","0.674215653857235","0.170319582544431","0.037611062491785","0.0433860021480797","0.000224175262790376","0.0143361236097037","0.0338587845880071","0.00492168700658129","0.0231385848562603","0.231369208749282","0.448135594658696","13.4169560390239","Academic year"
"202526","Regional","E92000001","England","E12000003","Yorkshire and The Humber","","","","Primary",1702.94300518135,"365465.202072539","127381746","128809405","1427659","7323300","4740556","2582744","1729673","136132705","62425740","63480169","125905909","1475837","3583676","369865","77650","208","20386","0","51336","396881","3196","6533","230825","328233","0","96083","982126","33","21184","998591","253836","1268053","62264",1761,"441806","94.6204697835101","5.37953021648986","3.48230500525204","1.89722521123781","2.63248717492244","0.271694446973635","0.733542318137291","0.931482996683273","0.186462173068551","0.0457377233486986","0.0570399302651042","0.000152792086222043","0.0149750936044355","0.0377102622033405","0.00234770917098871","0.00479899374657985","0.1695588139529","0.291539788326398","14.2583142795132","Academic year"
"202526","Regional","E92000001","England","E12000007","London","","","","Primary",1728.46031746032,"535331.238095238","182387057","184349528","1962471","10400163","7194813","3205350","3382201","194749691","88486769","90806388","179293157","3093900","5293893","546242","266379","1005","7994","0","35144","795031","8762","107161","133202","275563","5","148487","1506144","85","32187","843388","288301","1914365","159296",1754,"649148","94.6597281122259","5.34027188777414","3.69438994385876","1.64588194391538","2.71830623854494","0.280484142077535","0.433062561316208","0.982987438989056","0.1480366918785","0.0817952517316189","0.136780191348288","0.000516047031879501","0.00410475619188531","0.0180457282471375","0.00449910855057531","0.0550249910280987","0.0683965141695655","0.408232226668847","15.1250137219745","Academic year"
"202526","Regional","E92000001","England","E12000002","North West","","","","Primary",2353.9067357513,"502273.310880829","175237641","176809560","1571919","9737801","6497035","3240766","2783636","186547361","85391206","87415315","172806521","2431120","5041461","509114","105978","376","26687","43","66044","520001","5799","10980","210542","328268","1","120816","1096071","90","26673","1255724","352516","1542955","89571",2434,"594860","94.779984585255","5.220015414745","3.4827804398691","1.7372349748759","2.70250995402717","0.272914072475139","0.673139514420684","0.8271116738017","0.188968634083224","0.0480151525702902","0.0568102381249982","0.000201557394317682","0.0143057504844574","0.035403341889141","0.00310859396183042","0.00588590475959614","0.112862491793706","0.278750123943056","13.6283591955959","Academic year"
"202526","Regional","E92000001","England","E12000005","West Midlands","","","","Primary",1721.25388601036,"404597.124352332","140784605","142200010","1415405","8248498","5644049","2604449","2100331","150448508","68835033","70109370","138944403","1840202","4275716","359286","134518","180","15540","4","63486","564387","3434","12160","215338","279906","33","68543","1047367","66","19490","855691","260129","1421747","66882",1778,"479113","94.5173946158376","5.4826053841624","3.75148220147188","1.73112318269052","2.84197966257","0.238809945526346","0.56876004380183","0.945005715842659","0.172902346097045","0.0444550769489851","0.0894113220451478","0.000119642263251956","0.0103291153940855","0.0421978262489649","0.0022825085111512","0.00808249956190991","0.143130698245276","0.375136322388787","14.8639345905785","Academic year"
"202526","Regional","E92000001","England","E12000006","East of England","","","","Primary",1950.01587301587,"414857.772486773","144530082","146215109","1685027","8179405","6025755","2153650","1685029","154394514","71163600","71941265","143104865","1425217","4401572","424821","70095","275","38435","0","80657","638271","6183","16650","348796","290870","7","175984","1176604","121","41441","787585","259812","1038707","67546",1975,"499537","94.7022696674313","5.29773033256868","3.90282973396322","1.39490059860547","2.85086036152813","0.27515291119735","0.510112036752808","0.672761598252124","0.168277999825823","0.0437489637747103","0.0453999291710585","0.000178115136914774","0.0248940192266158","0.0522408458113997","0.00400467596925108","0.0107840619259309","0.225912171983002","0.413402642013563","13.372270370171","Academic year"
"202526","National","E92000001","England","","","","","","Primary",16045.6580310881,"3557832.32642487","1249450174","1263254412","13804238","70791033","49611583","21179450","17310606","1334045445","612048766","622371342","1234420108","15030066","37005811","3626203","852360","2853","194528","220","493344","4941004","44370","223892","2226988","2581586","46","1122881","9863078","569","236078","7456391","2280540","10770701","671818",16677,"4330706","94.6935066368747","5.30649336312527","3.71888253027242","1.58761083285285","2.77395430108455","0.271820050328196","0.558930809137465","0.807371371070496","0.17094919881084","0.0503594538340484","0.063892875853266","0.000213860780432409","0.0145818120911166","0.036981049022659","0.0033259736515198","0.0167829365063347","0.166934942759765","0.370377487402612","13.8980928825477","Academic year"
"202526","Local authority","E92000001","England","E12000002","North West","E06000006","Halton","876","Secondary",7.97354497354497,"7608.10052910053","2437631","2477783","40152","287732","135361","152371","115588","2765515","1131847","1204042","2335889","101742","102952","9052","174","540","6","0","6339","10992","24","277","5005","5138","0","2148","15626","13331","3909","12666","13846","124703","1156",8,"7942","89.5957172533868","10.4042827466132","4.89460371757159","5.50967902904161","3.72270625905121","0.327316973511263","0.457997877429701","4.5092143777922","0.50066624118835","0.0418005326313544","0.00629177567288552","0.0195262003641275","0.000216957781823639","0.229215896496674","0.000867831127294555","0.0100162175941913","0.180978949671219","0.397466656300906","29.202996438659","Academic year"
"202526","Local authority","E92000001","England","E12000007","London","E09000008","Croydon","306","Secondary",23.3650793650794,"17441.8941798942","5738211","5834679","96468","517001","273107","243894","229599","6351680","2699500","2839900","5539400","198811","188741","23584","5453","5094","45","0","14496","21566","176","1459","12493","17542","0","9033","49508","18163","2222","14808","30788","186330","11968",25,"22728","91.8604054360421","8.13959456395788","4.29976006347927","3.83983450047861","2.9715130485163","0.371303340218651","0.233135170537559","2.93355458713285","0.484722152249484","0.188422590558718","0.0858513023326112","0.0801992543704973","0.000708473978537962","0.228223084286362","0.00277092044939292","0.0229703007708197","0.196688120308328","0.339532218247771","25.2011130786744","Academic year"
"202526","Local authority","E92000001","England","E12000001","North East","E08000021","Newcastle upon Tyne","391","Secondary",16.8563829787234,"15769.0265957447","5146383","5214092","67709","564393","240868","323525","215234","5778485","2406806","2546262","4953068","193315","146352","17422","5321","3055","7","0","35332","16831","36","357","16155","7500","0","3297","42773","12611","1528","26577","21919","268641","6388",18,"18273","90.23285515148","9.76714484851998","4.16835900759455","5.59878584092543","2.53270537173671","0.301497710905194","0.459930241231049","4.64898671537609","0.379320877357993","0.110548006960302","0.0920829594608275","0.052868528688748","0.00012113901827209","0.611440541941357","0.000623000665399322","0.00617808993187661","0.279571548597946","0.291270116648222","25.8711160898532","Academic year"
"202526","Local authority","E92000001","England","E12000005","West Midlands","E08000031","Wolverhampton","336","Secondary",19.5159574468085,"18031.2659574468","5825870","5926258","100388","501132","241615","259517","296617","6427390","2700064","2849301","5549365","276505","165356","16977","4185","3352","12","0","14188","27168","50","740","9587","14156","0","5833","56654","21124","2621","27082","20112","206439","5884",20,"22072","92.2031804511629","7.79681954883709","3.75914640312786","4.03767314570922","2.57267724535153","0.264135208848382","0.421352990871878","3.21186360248872","0.312910839392039","0.0915457129565811","0.0651119661324426","0.0521518065653399","0.000186700978157541","0.2207427898416","0.000777920742323089","0.0115132269863817","0.149158523133029","0.422691014548674","22.4950933521212","Academic year"
"202526","Local authority","E92000001","England","E12000007","London","E09000025","Newham","316","Secondary",20.6137566137566,"22682.9788359788","7558056","7686242","128186","600032","296045","303987","248443","8286274","3617834","3726234","7344068","213988","219877","26460","8094","934","4","0","16491","18946","442","1670","3127","23699","0","10583","54654","37581","1669","30884","34455","232436","6212",23,"27193","92.7587236434615","7.24127635653854","3.57271555345623","3.6685608030823","2.653508681948","0.319323256749656","0.372712753645366","2.80507258147631","0.415808118341247","0.0749673496193826","0.0976796084705864","0.0112716523735517","4.82726011715278e-05","0.199015866479916","0.00533412242945382","0.0201538109891128","0.0377371059658418","0.228643175448941","22.3827119023626","Academic year"
"202526","Local authority","E92000001","England","E12000007","London","E09000018","Hounslow","313","Secondary",20.6560846560847,"16331.8835978836","5409797","5490253","80456","423569","253967","169602","195442","5913822","2569769","2659609","5229378","180419","175551","21730","10879","6910","409","0","10941","19337","113","1368","6729","13666","0","8953","41514","11570","4753","19279","15023","134485","815",21,"21682","92.8376437437583","7.16235625624173","4.29446473025397","2.86789152598776","2.96848636972841","0.367444268697976","0.325998990162369","2.27407926718119","0.254031994875733","0.0137812737684699","0.183958867886115","0.116844910110585","0.00691600119178426","0.185007259264821","0.00191077783538294","0.0231322484849899","0.113784283666299","0.32697974338761","20.7975938509524","Academic year"
"202526","Local authority","E92000001","England","E12000009","South West","E10000008","Devon","878","Secondary",41.968085106383,"35066.2978723404","11375277","11630923","255646","1315177","864327","450850","300791","12946100","5506167","5611565","11117732","257545","595432","56063","1155","4674","546","0","47625","56570","442","1843","99977","35937","0","29613","124241","59357","6498","24782","43246","380018","2804",43,"39121","89.8411336232533","10.1588663767467","6.67635040668618","3.48251597006048","4.59931562401032","0.433049335321062","0.191424444427279","2.93538594634678","0.334046546836499","0.021659032449927","0.00892160573454554","0.0361035369725245","0.00421748634723971","0.367871405288079","0.00341415561443215","0.0142359475054263","0.772255737249056","0.436965572643499","28.1668331668332","Academic year"
"202526","Local authority","E92000001","England","E12000005","West Midlands","E08000029","Solihull","334","Secondary",14.8201058201058,"15141.2857142857","4933044","5009673","76629","485397","309006","176391","186793","5495070","2330691","2430513","4761204","171840","231621","20206","3846","3100","19","0","13252","26815","142","923","9082","6698","0","6120","37262","24151","2398","16960","14953","143422","1056",16,"17884","91.1666821350774","8.83331786492256","5.62333145892591","3.20998640599665","4.21506914379617","0.367711421328573","0.308640290296575","2.61001224734171","0.272116642736125","0.0192172256222396","0.0699900092264521","0.0564142040046806","0.00034576447615772","0.241161623054847","0.00258413450602085","0.0167968742891355","0.16527541960339","0.487982864640487","25.2242357678931","Academic year"
"202526","Local authority","E92000001","England","E12000006","East of England","E10000003","Cambridgeshire","873","Secondary",34.5714285714286,"33176.7354497354","11035814","11263949","228135","1061395","774192","287203","345591","12325344","5283536","5436892","10720428","315386","493239","48316","2611","16279","1191","0","24293","57946","324","3751","126242","23131","0","10989","120653","65756","7606","25832","30205","228649","2517",38,"37838","91.3885162150444","8.61148378495562","6.28130135759294","2.33018242736268","4.00182745406538","0.392005286018792","0.209584414033393","1.85511252262006","0.245064153990347","0.0204213367188778","0.0211839929173579","0.132077449521896","0.00966301630201964","0.197097947124234","0.0026287298756124","0.030433227664883","1.02424727455883","0.470136979543938","22.066287616142","Academic year"
"202526","Local authority","E92000001","England","E12000003","Yorkshire and The Humber","E08000034","Kirklees","382","Secondary",26.6984126984127,"25809.3386243386","8641192","8808385","167193","751729","459278","292451","265422","9560114","4130016","4264093","8394109","247083","333552","27889","9916","3177","6","0","27727","34354","623","879","21155","32173","0","11392","76508","26415","20705","32867","18339","237111","4134",27,"28171","92.1368197073801","7.86318029261994","4.80410589246111","3.05907440015883","3.48899605172072","0.291722462723771","0.343792971506407","2.48021101003607","0.191828256441293","0.0432421621750536","0.10372261251278","0.0332318212941812","6.27607578738078e-05","0.290027922261178","0.00651665869256371","0.00919445102851284","0.221283972136734","0.359347179332799","21.3655364607524","Academic year"
"202526","Local authority","E92000001","England","E12000003","Yorkshire and The Humber","E08000032","Bradford","380","Secondary",34.2486772486772,"34366.9841269841","11079219","11256408","177189","1383100","657033","726067","489552","12639508","5204592","5456311","10660903","418316","406613","39632","12497","9754","59","0","71596","43046","248","1562","72026","51558","0","7538","81781","15677","20635","70099","71236","580419","4313",37,"40840","89.0573272314081","10.9426727685919","5.19824822295298","5.74442454563896","3.2170002186794","0.313556508686889","0.554602283569898","4.5921012115345","0.563597886879774","0.0341231636547878","0.0988725194050275","0.0771707253162069","0.000466790321268834","0.56644609900955","0.0019621016894012","0.0123580759630834","0.56984813016456","0.340567053717597","31.7055355559034","Academic year"
"202526","Local authority","E92000001","England","E12000002","North West","E06000008","Blackburn with Darwen","889","Secondary",11.8306878306878,"10332.3862433862","3438343","3484714","46371","341155","189682","151473","147228","3825869","1613216","1692009","3305225","133118","139644","14522","1272","3833","0","0","13244","9574","77","639","6877","5412","0","2206","23604","14208","941","21136","14110","112323","3904",12,"11762","91.082940895258","8.91705910474196","4.95788015742306","3.9591789473189","3.64999428887921","0.379573895499297","0.55244965261487","2.93588201791541","0.368805100226903","0.102042176561717","0.0332473485108873","0.100186389026911","0","0.346169719872792","0.00201261465042321","0.0167020878132524","0.179750012350135","0.250243800820154","26.7698531351684","Academic year"
"202526","Local authority","E92000001","England","E12000005","West Midlands","E06000019","Herefordshire, County of","884","Secondary",14.8518518518519,"9056.63492063492","2991015","3045916","54901","275067","214583","60484","62596","3320983","1457525","1477743","2935268","55747","155703","17949","157","1196","344","0","8118","18289","175","786","11866","5484","0","4390","37390","6527","1110","6283","6849","46572","780",16,"9713","91.7173017748058","8.28269822519417","6.4614302452015","1.82126797999267","4.68846121765754","0.540472504677079","0.189190971468388","1.40235586872923","0.206234118030716","0.0234870217643391","0.00472751591923235","0.0360134333719865","0.0103583788294008","0.244445695747313","0.00526952411379402","0.0236676911625263","0.357303846481599","0.550710437241022","22.9990800367985","Academic year"
"202526","Local authority","E92000001","England","E12000008","South East","E06000036","Bracknell Forest","867","Secondary",6.94179894179894,"7184.99470899471","2387058","2422722","35664","209722","150001","59721","53112","2632444","1163089","1179432","2342521","44537","104831","10346","456","2661","0","0","5259","16585","116","687","9060","5391","0","2582","19401","7531","759","6331","8575","44612","203",7,"8656","92.0331828521328","7.96681714786715","5.69816489923432","2.26865224863283","3.98226894855123","0.39301880685781","0.240498943187395","1.69469891857149","0.32574292178675","0.00771146508719654","0.0173223058116336","0.101084771413941","0","0.199776329524959","0.00440655147839802","0.0260974212556848","0.344166865467983","0.630022898872683","21.7212588310854","Academic year"
"202526","Local authority","E92000001","England","E12000009","South West","E06000054","Wiltshire","865","Secondary",27.6084656084656,"25852.380952381","8120636","8292524","171888","828837","546144","282693","231283","9121361","3941328","3974085","7915413","205223","344137","44061","932","6944","499","0","17718","63110","227","1627","66889","36029","0","13842","67194","38054","16769","18378","26060","229492","8763",29,"30561","90.9132310408501","9.08676895914985","5.98752751919368","3.09924143995616","3.77286898303882","0.483052912827373","0.201483090078334","2.51598418262362","0.285702977877972","0.0960711893762345","0.01021777342219","0.0761289899610376","0.00547067482582917","0.19424732778365","0.00248866369832309","0.0178372503840162","0.733322582013803","0.691892361238635","23.666132763837","Academic year"
"202526","Local authority","E92000001","England","E12000008","South East","E10000025","Oxfordshire","931","Secondary",41.3650793650794,"35894.5396825397","11704327","11955473","251146","1228433","826396","402037","416686","13183906","5764479","5568177","11332656","371671","540804","57646","5213","10373","460","0","31174","80272","907","2175","97357","65581","22","12692","105953","62871","4027","29119","45015","320577","7326",42,"44400","90.6823288940319","9.31767110596814","6.26821823517249","3.04945287079565","4.10200133405077","0.437245229145293","0.22086777621139","2.43157831980902","0.341439024216344","0.0555677505589011","0.0395406338607087","0.0786792624279936","0.00348910254669595","0.236454962588477","0.00687960002142006","0.0164973870414428","0.738453383997125","0.608863564409516","24.2479721311059","Academic year"
"202526","Local authority","E92000001","England","E12000002","North West","E06000063","Cumberland","942","Secondary",18.9100529100529,"14355.5978835979","4698678","4796279","97601","472505","296456","176049","166502","5268784","2238846","2306287","4545133","153545","216620","20540","286","1232","149","0","16560","26937","29","566","13537","12245","0","12206","44973","27186","991","19141","12957","142484","1467",19,"16850","91.0319914424277","8.9680085575723","5.6266493369248","3.3413592206475","4.11138509379014","0.38984327313475","0.363290656819486","2.70430520590709","0.245920121227213","0.0278432366937039","0.00542819747402816","0.0233830045035059","0.00282797700569999","0.314304021573099","0.000550411631981877","0.0107425166793704","0.256928353866851","0.511256487265373","25.0162358747889","Academic year"
"202526","Local authority","E92000001","England","E12000002","North West","E06000049","Cheshire East","895","Secondary",21.8095238095238,"20606.5608465608","6896582","7030509","133927","608731","468186","140545","191356","7639240","3310760","3410562","6721322","175260","342815","31760","1067","5329","21","0","17274","32479","391","570","36480","19257","0","14970","55814","31645","12241","23506","16096","98945","1998",23,"23856","92.0315240783114","7.96847592168854","6.12869866635948","1.83977725532906","4.48755373571193","0.41574816342987","0.30770076604479","1.29522046695745","0.210701588116095","0.026154434210733","0.0139673580094355","0.0697582482027008","0.000274896455668365","0.226121970248349","0.0051183101983967","0.00746147522528419","0.477534414418188","0.425160094459658","21.8233106808565","Academic year"
"202526","Local authority","E92000001","England","E12000004","East Midlands","E06000061","North Northamptonshire","940","Secondary",20.6931216931217,"20342.5238095238","6718325","6802101","83776","677209","415840","261369","240461","7479310","3190020","3313859","6503879","214446","295485","28841","1385","3475","39","0","31518","28296","160","768","25873","13286","0","8236","47769","10899","3586","24223","26015","209473","1658",21,"24229","90.945568508325","9.05443149167503","5.55987116458604","3.494560327089","3.95069866070533","0.385610437326438","0.323866773806675","2.80069952976946","0.347826203219281","0.0221678202935832","0.0185177509690065","0.046461505138843","0.000521438474939533","0.42140250905498","0.0021392347689827","0.010268326891117","0.345927632361809","0.378323668894591","25.8717084204686","Academic year"
"202526","Local authority","E92000001","England","E12000008","South East","E06000038","Reading","870","Secondary",10.8306878306878,"7718.1746031746","2562889","2603971","41082","238469","147320","91149","77820","2842440","1227617","1266691","2494308","68581","97863","9085","3151","4107","0","0","7849","15392","89","548","9236","11105","1","1028","21220","7013","715","7778","9239","72558","1574",11,"9846","91.6104121810839","8.38958781891614","5.18287105444618","3.20671676446996","3.44292227804281","0.319619763301952","0.273638141878105","2.5526660193355","0.325037643714555","0.0553749595418021","0.110855462208525","0.144488538016634","0","0.276135995834565","0.003131112705985","0.0192792108188739","0.324932100589634","0.541506592927203","24.1786210087922","Academic year"
"202526","Local authority","E92000001","England","E12000001","North East","E06000004","Stockton-on-Tees","808","Secondary",12.8510638297872,"11353.6276595745","3767329","3831683","64354","376998","189183","187815","140278","4208681","1783858","1858423","3642281","125048","121408","16493","1545","551","2","0","28058","13077","212","184","7653","8236","0","5377","36641","6373","7727","21025","15230","149983","1577",13,"12399","91.0423717074304","8.95762829256957","4.49506626898071","4.46256202358886","2.88470425769974","0.391880496526109","0.499562689593248","3.56365806769389","0.361871094530567","0.0374701717711559","0.0367098385456156","0.0130919877272713","4.75208265962661e-05","0.666669676319018","0.00503720761920421","0.00437191604685649","0.181838442970612","0.310714924699686","25.9066527900088","Academic year"
"202526","Local authority","E92000001","England","E12000008","South East","E10000014","Hampshire","850","Secondary",68.2962962962963,"70411.5343915344","22791479","23208339","416860","2189600","1556451","633149","770628","25397939","10936826","11148014","22084840","706639","1071897","105925","3309","17298","1308","0","43655","121738","677","4046","186598","67397","0","29783","194804","113432","11444","66210","63989","494018","8932",72,"75245","91.3788280222265","8.62117197777347","6.12825709991665","2.49291487785682","4.22040938046193","0.417061400139594","0.260690444212816","1.94511058554791","0.251945640156077","0.0351682079400222","0.0130286162196074","0.0681078885967873","0.00515002418109595","0.171884025707755","0.00266557061972627","0.0159304264806684","0.734697409896134","0.479322357613348","23.2050058330682","Academic year"
"202526","Local authority","E92000001","England","E12000005","West Midlands","E10000034","Worcestershire","885","Secondary",44.3439153439153,"33066.1111111111","10943178","11170322","227144","1073219","769533","303686","353043","12243541","5236757","5377014","10613771","329407","561110","47615","2780","9300","1017","0","25875","71483","369","1880","48099","35643","0","16191","117877","42274","15159","44192","23636","224540","11318",46,"38330","91.2344067782352","8.76559322176485","6.28521601716366","2.48037720460119","4.58290620336061","0.388898930464643","0.360941332250204","1.83394656823545","0.193048726671475","0.0924405774440581","0.0227058495577382","0.0759584175852394","0.00830642050367618","0.211335919894416","0.0030138339880595","0.0153550349527151","0.392852035207788","0.583842533789857","24.1907723058131","Academic year"
"202526","Local authority","E92000001","England","E12000008","South East","E06000044","Portsmouth","851","Secondary",10.7671957671958,"10621.164021164","3428549","3519042","90493","385381","197934","187447","152417","3904423","1611819","1670416","3282235","146314","126391","10221","2419","3936","0","0","13348","21664","42","645","19268","18197","0","2677","45797","22389","1433","12668","6103","168333","343",11,"11493","90.1296299094642","9.87037009053578","5.06948145731136","4.80088863322442","3.23712364157265","0.261780037664976","0.32445255035123","4.31134126604622","0.1563099080197","0.00878490880726807","0.0619553772734153","0.100808749461828","0","0.341868696091586","0.00107570311925731","0.0165197264743088","0.493491611948808","0.554857913704535","26.1514709666352","Academic year"
"202526","Local authority","E92000001","England","E12000002","North West","E06000009","Blackpool","890","Secondary",7.81481481481481,"7025.43386243386","2332180","2369122","36942","208478","87401","121077","67387","2577600","1122229","1154000","2276229","55951","57438","6739","521","1256","1","0","8716","9203","9","317","3201","11143","0","2962","16367","6290","180","13736","11436","95586","319",9,"7566","91.9119335816263","8.08806641837368","3.39078988206083","4.69727653631285","2.22835195530726","0.261444754810677","0.532898820608318","3.70833333333333","0.44366852886406","0.0123758535071384","0.0202126008690254","0.0487274984481688","3.87957790192427e-05","0.338144009931719","0.000349162011173184","0.0122982619490999","0.124185288640596","0.357037554314091","26.0979944148261","Academic year"
"202526","Local authority","E92000001","England","E12000001","North East","E08000022","North Tyneside","392","Secondary",15.7021276595745,"12276.085106383","3959066","4041350","82284","366925","219617","147308","129786","4408275","1889140","1950132","3839272","119794","158833","15109","576","316","65","0","14310","17476","77","297","12522","15475","0","9147","33477","17663","6522","21774","9992","113783","1759",15,"13163","91.6764494048125","8.32355059518746","4.98192603682847","3.34162455835899","3.60306469083712","0.342741775411017","0.493934702349558","2.58112300162762","0.226664625051749","0.0399022293300667","0.0130663354713578","0.00716833682109215","0.00147449966256642","0.324616771866546","0.00174671498488638","0.00673732922741889","0.284056688840873","0.396436247738628","21.5910861773414","Academic year"
"202526","Local authority","E92000001","England","E12000008","South East","E06000041","Wokingham","872","Secondary",9.93650793650794,"10911.5925925926","3602087","3682204","80117","301243","224781","76462","126694","3983447","1721834","1764066","3485900","116187","152607","16762","2682","18606","2","0","4140","14265","151","825","14741","11426","0","7908","39328","15458","5997","7935","10507","54440","3580",10,"13300","92.4376300224404","7.56236997755964","5.64287663423161","1.91949334332803","3.83102875474432","0.420791339761769","0.199199336654912","1.36665556238102","0.26376653185043","0.0898719124416617","0.0673286226727756","0.467082905835072","5.02077723137775e-05","0.103930088689519","0.0037906868096902","0.0207107060794332","0.370056385838697","0.358106936028018","20.4234122042341","Academic year"
"202526","Local authority","E92000001","England","E12000009","South West","E06000053","Isles of Scilly","420","Secondary",1,"c","c","c","c","c","c","c","c","c","c","c","c","c","c","c","c","c","c","c","c","c","c","c","c","c","c","c","c","c","c","c","c","c","c",1,"c","c","c","c","c","c","c","c","c","c","c","c","c","c","c","c","c","c","c","c","Academic year"
"202526","Local authority","E92000001","England","E12000007","London","E09000027","Richmond upon Thames","318","Secondary",10.6560846560847,"9789.14814814815","3253907","3348255","94348","256081","147216","108865","121341","3604336","1548580","1596920","3145500","108407","106179","13134","1806","7421","0","0","3032","9645","203","853","4943","17054","0","18921","40583","13768","4022","6998","12934","88226","707",11,"12562","92.8951962303181","7.10480376968185","4.08441388372227","3.02038988595958","2.94586853167962","0.364394440473918","0.194155039929685","2.44777401440931","0.358845568226714","0.0196152633938678","0.0501063163922564","0.205890904732522","0","0.0841209032676199","0.00563210533091255","0.0236659401343271","0.137140377589659","0.267594364121436","18.9624826308476","Academic year"
"202526","Local authority","E92000001","England","E12000005","West Midlands","E10000028","Staffordshire","860","Secondary",71.1058201058201,"48977.2804232804","15797070","16099117","302047","1355447","929675","425772","459453","17454564","7612766","7766620","15379386","417684","698982","63302","4221","9279","338","0","46944","62956","496","1943","41214","30388","1","16143","172067","68903","14545","58778","41769","317401","7824",72,"56509","92.2344264800885","7.76557351991147","5.32625736168489","2.43931615822658","4.00458012013362","0.362667322999303","0.336748600537945","1.81844129707279","0.23930130824236","0.0448249523734881","0.024182786805789","0.0531608810165639","0.00193645627584854","0.268949714240929","0.00284166364739904","0.0111317590058394","0.236121624120774","0.360685033438819","21.5891995389094","Academic year"
"202526","Local authority","E92000001","England","E12000003","Yorkshire and The Humber","E08000033","Calderdale","381","Secondary",12.7671957671958,"13889.6825396825","4658094","4735374","77280","413698","253749","159949","223356","5149072","2173682","2271281","4444963","213131","191678","13107","1807","3861","0","0","13424","20612","645","653","7962","17044","0","6632","38344","8987","6273","21527","10225","126277","1920",14,"16057","91.965581370779","8.03441862922095","4.9280530549971","3.10636557422386","3.72257369871697","0.254550722926384","0.41807533473993","2.45242249477187","0.198579472184502","0.0372882725275545","0.0350937023215057","0.0749843855358791","0","0.260707172088485","0.0125265290522253","0.0126818968544235","0.154629805137702","0.400305142363517","22.9381606430787","Academic year"
"202526","Local authority","E92000001","England","E12000005","West Midlands","E08000026","Coventry","331","Secondary",21.5132275132275,"21021.0952380952","6858832","6960908","102076","719094","400995","318099","399552","7680002","3147854","3343103","6490957","367875","283179","20658","7939","3379","247","0","26981","36100","477","1370","20664","22120","0","4757","48000","26008","1191","31731","31677","250760","3931",22,"26237","90.6367993133335","9.36320068666649","5.22128770278966","4.14191298387683","3.687225602285","0.268984304952004","0.41316395490522","3.26510331637934","0.412460830088326","0.0511848825039369","0.103372368913446","0.0439973843756812","0.00321614499579557","0.351315012678382","0.00621093588256878","0.0178385370212143","0.269062429931659","0.470051960923969","26.4973004645712","Academic year"
"202526","Local authority","E92000001","England","E12000003","Yorkshire and The Humber","E06000013","North Lincolnshire","813","Secondary",13.8723404255319,"9611.42021276596","3162818","3222355","59537","312723","170973","141750","67212","3535078","1538629","1562783","3101412","61406","120196","12076","491","1459","417","0","10872","13198","55","294","11911","14466","0","5470","32029","7078","494","14672","5806","118916","2356",14,"10122","91.1537171174158","8.8462828825842","4.83647036925352","4.00981251333068","3.4000947079527","0.341604909424912","0.41504034705882","3.36388617167712","0.164239657512508","0.0666463370822369","0.0138893682119602","0.0412720737703666","0.0117960622085284","0.307546254990696","0.00155583554309127","0.00831664817579697","0.336937402795638","0.373343954503974","25.3065880787147","Academic year"
"202526","Local authority","E92000001","England","E12000003","Yorkshire and The Humber","E08000017","Doncaster","371","Secondary",19.7089947089947,"17133.8941798942","5576109","5675589","99480","537555","269313","268242","164025","6213144","2662400","2767869","5430269","145840","178628","15201","1608","2188","737","0","36947","21868","275","775","11086","31030","0","3992","44245","17123","3090","36570","18185","211990","1497",21,"19377","91.3481000923204","8.65189990767959","4.33456877870527","4.31733112897432","2.87500177044021","0.24465874282006","0.588590896975831","3.41196019277841","0.292685957383251","0.0240940818368285","0.0258806169630062","0.0352156653700606","0.0118619494413778","0.594658678440416","0.00442610053782755","0.0124735560611504","0.178428183863113","0.351963514768047","26.0130512577623","Academic year"
"202526","Local authority","E92000001","England","E12000006","East of England","E06000034","Thurrock","883","Secondary",12.7671957671958,"10550.0952380952","3468404","3523315","54911","276183","147663","128520","74714","3799498","1691569","1712612","3404181","64223","90991","12422","2091","2576","2569","0","10331","15582","353","665","10083","6222","0","10332","24127","11108","3122","11206","10491","106090","733",13,"12188","92.7310660513573","7.26893394864269","3.88638183254735","3.38255211609534","2.39481636784649","0.326937927062996","0.294933699136044","2.79221097102828","0.276115423669127","0.0192920222618883","0.0550335860158368","0.0677984302136756","0.0676141953489645","0.271904341047159","0.00929070103471564","0.0175023121475521","0.26537716298311","0.410106808846853","21.3619402985075","Academic year"
"202526","Local authority","E92000001","England","E12000003","Yorkshire and The Humber","E08000036","Wakefield","384","Secondary",17.7037037037037,"19783.5291005291","6482080","6567175","85095","703898","361381","342517","167243","7271073","3116192","3218245","6334437","147643","235180","21879","2510","2566","126","0","37690","33573","233","613","27011","31122","0","6955","37399","8814","805","39052","19600","281540","2325",20,"21700","90.3192004811394","9.68079951886056","4.97011926575349","4.71068025310707","3.23446071852119","0.30090469453408","0.537087167189767","3.87205574748046","0.269561315090634","0.0319760233462104","0.0345203520855863","0.0352905272715595","0.00173289416843979","0.518355406416632","0.00320447889878151","0.00843066766074278","0.3714857490772","0.461733777119278","26.1327083907729","Academic year"
"202526","Local authority","E92000001","England","E12000008","South East","E06000046","Isle of Wight","921","Secondary",6.83068783068783,"6031.10582010582","1948323","1976030","27707","224156","175594","48562","94063","2200186","915759","944405","1860164","88159","128746","11050","132","383","16","0","6026","10728","0","339","18174","4482","0","4215","17277","1594","139","6785","5904","35178","695",7,"7417","89.8119522622178","10.1880477377822","7.98087070820376","2.20717702957841","5.85159618323178","0.502230265986603","0.308383018526615","1.59886482324676","0.2683409493561","0.0315882384489311","0.00599949277015671","0.0174076191740153","0.000727211244867479","0.273885935098214","0","0.0154077882506297","0.826021072763848","0.487595139683645","31.3046053605805","Academic year"
"202526","Local authority","E92000001","England","E12000008","South East","E06000039","Slough","871","Secondary",14.9365079365079,"12648.417989418","4141878","4197647","55769","341054","244927","96127","126465","4538701","1984861","2037727","4022588","119290","171406","12260","11267","12145","14","0","7426","21832","318","755","7504","5819","0","6069","34695","8674","512","13589","7175","72664","2699",15,"15961","92.4856473250827","7.51435267491734","5.39641188084432","2.11794079407302","3.77654311222528","0.270121340885861","0.299402846761662","1.60098671403999","0.158084879352044","0.0594663539193263","0.248242834238255","0.267587576269069","0.000308458301174719","0.16361509603739","0.00700640998382577","0.0166347155276367","0.16533364942965","0.481018687946177","23.4166605932512","Academic year"
"202526","Local authority","E92000001","England","E12000008","South East","E06000042","Milton Keynes","826","Secondary",14.8624338624339,"19835.9312169312","6580591","6681463","100872","601670","402189","199481","235901","7283133","3139815","3229009","6368824","211767","285071","25018","5490","17266","51","0","22791","25265","585","792","19860","3372","0","4570","47838","40942","4150","21351","24134","147262","6734",15,"23889","91.7388574395113","8.26114256048874","5.52219765861752","2.73894490187121","3.91412596749229","0.343506015886295","0.293156804907998","2.02195950561386","0.331368382260766","0.0924602090885887","0.075379647742256","0.237068305631656","0.00070024809378052","0.312928515791212","0.00803225754630596","0.0108744409857681","0.272684845931003","0.346897413516958","22.6546439917772","Academic year"
"202526","Local authority","E92000001","England","E12000002","North West","E08000011","Knowsley","340","Secondary",5.95238095238095,"5745.30158730159","1819240","1853089","33849","242974","76695","166279","114485","2096063","807257","905524","1712781","106459","44127","5539","134","254","1","0","8662","9022","8","131","8817","11785","0","1068","11425","7180","2391","15234","8026","142668","351",6,"6050","88.4080774289704","11.5919225710296","3.65900261585649","7.9329199551731","2.10523252402242","0.264257324326607","0.726791131755105","6.80647480538514","0.382908338155867","0.0167456798769884","0.00639293761685598","0.0121179563782195","4.77084896780297e-05","0.413250937591093","0.000381667917424238","0.00624981214782189","0.420645753491188","0.430425993875184","34.1396103896104","Academic year"
"202526","Local authority","E92000001","England","E12000007","London","E09000002","Barking and Dagenham","301","Secondary",12.6243386243386,"17216.1058201058","5840973","5915575","74602","427007","238378","188629","152520","6342582","2826187","2875128","5701315","139658","164306","23189","5387","3444","0","11","14838","20486","173","1095","5448","12563","0","10427","37192","12628","1792","17931","12862","156819","1017",13,"21523","93.2676156177405","6.73238438225947","3.75837474391344","2.97400963834602","2.59052228256568","0.36560820183326","0.282708209369623","2.47247887374574","0.202788075897166","0.0160344793334954","0.0849338644734905","0.0542996527281792","0","0.233942580482207","0.00272759579615999","0.0172642624092207","0.0858956179045064","0.322991488324471","20.5493705129539","Academic year"
"202526","Local authority","E92000001","England","E12000003","Yorkshire and The Humber","E08000035","Leeds","383","Secondary",44.3936170212766,"48639.0425531915","15960804","16213271","252467","1589838","732330","857508","598967","17803109","7537073","7879649","15416722","544082","496084","46954","14195","7578","82","0","41976","62555","797","2561","59548","65532","0","12541","145033","22697","6664","86992","54885","709330","6301",47,"55742","91.0698856025653","8.93011439743474","4.113495008091","4.81661938934374","2.78650206545385","0.263740451176252","0.488633754924491","3.98430408980813","0.308288849998054","0.0353926946130589","0.0797332645663182","0.0425655990759816","0.000460593708660661","0.235779042862682","0.00447674616832375","0.014385127900975","0.334480904430794","0.351371212747167","24.1442427444616","Academic year"
"202526","Local authority","E92000001","England","E12000002","North West","E08000012","Liverpool","341","Secondary",32.4497354497354,"27040.2328042328","8743157","8861547","118390","988113","407315","580798","432153","9849660","4054277","4300388","8354665","388492","261811","34058","5928","6137","24","0","43897","35835","404","803","18418","10922","0","12067","60723","20361","14317","46068","43661","486308","4761",35,"32572","89.9680496585669","10.0319503414331","4.13532040699882","5.89662993443429","2.65807144612098","0.345778432961138","0.467711575831044","4.93730748066431","0.443274184083512","0.0483366938554224","0.0601848185622651","0.0623067192167039","0.000243663233045608","0.445670205875127","0.0041016644229344","0.00815256567231762","0.186991226093083","0.363819664841223","27.7839245037423","Academic year"
"202526","Local authority","E92000001","England","E12000002","North West","E08000006","Salford","355","Secondary",15.6436170212766,"12783.2287234043","4183282","4253386","70104","460159","217981","242178","205168","4713545","1932735","2067336","4000071","183211","142200","14229","1997","1808","338","0","22098","17231","691","570","16819","16110","0","2085","33680","11607","6622","23672","21957","194266","2283",16,"13463","90.237517622087","9.76248237791301","4.62456601135663","5.13791636655638","3.01683764555128","0.301874703646618","0.502212241529465","4.12144150527894","0.465827736873203","0.048434882874779","0.0423672628563003","0.038357541934998","0.00717082365820205","0.468819115973222","0.0146598791355551","0.0120928091277372","0.356822731086687","0.365563498386034","27.996922646524","Academic year"
"202526","Local authority","E92000001","England","E12000007","London","E09000026","Redbridge","317","Secondary",18.8201058201058,"21322.6507936508","7130092","7212810","82718","524317","346836","177481","211850","7737127","3446885","3488222","6935107","194985","233291","26567","26100","20203","9","0","10618","24035","287","1311","4415","10126","0","5338","45901","15416","5937","28786","16865","130171","1659",19,"28215","93.2233631424171","6.77663685758292","4.48274921686047","2.29388764072245","3.01521482069507","0.343370349226528","0.372050245523952","1.68242036094276","0.217974966676907","0.0214420675788313","0.337334517062987","0.261117595717377","0.000116322247263099","0.137234402382176","0.00370938721827883","0.0169442740179914","0.0570625246296203","0.310645023663176","20.4114265957907","Academic year"
"202526","Local authority","E92000001","England","E12000004","East Midlands","E10000024","Nottinghamshire","891","Secondary",44.5502645502646,"45904.9206349206","15237240","15486906","249666","1432242","835073","597169","424662","16919148","7349952","7507978","14857930","379310","553295","64920","2847","3826","419","3","56421","86221","536","2030","64549","65800","0","20007","124860","34426","4573","63435","45352","480381","8001",45,"54890","91.5347865034339","8.46521349656614","4.93566815539411","3.52954534117203","3.27022968296039","0.383707264692052","0.374930226983061","2.83927417621738","0.268051322678896","0.047289615292685","0.0168270884562272","0.0226134318347472","0.00247648404044932","0.333474238773726","0.00316800822358194","0.0119982401005062","0.38151448288058","0.509606039263916","23.1686848099748","Academic year"
"202526","Local authority","E92000001","England","E12000008","South East","E10000032","West Sussex","938","Secondary",39.4179894179894,"44229.9682539683","14512266","14827705","315439","1419025","979425","439600","468548","16246730","6953312","7132321","14085633","426633","660362","66353","4987","21548","1366","0","32777","86584","918","6307","98222","70424","0","32200","143636","50731","18448","46380","41915","347811","3494",41,"48833","91.2657808679039","8.73421913209612","6.02844387762953","2.70577525446659","4.06458407322581","0.408408338170204","0.285472830532667","2.1408061806899","0.257990377140508","0.0215058661035174","0.0306954076297199","0.132629766112935","0.00840784576342439","0.201745212728961","0.00565036779708901","0.0388201194948153","0.604564733949539","0.532931857672282","24.4128056628057","Academic year"
"202526","Local authority","E92000001","England","E12000007","London","E09000028","Southwark","210","Secondary",19.6190476190476,"15064.4021164021","4365926","4456928","91002","334623","191808","142815","165709","4791551","2053712","2164256","4217968","147958","131898","20093","5814","2201","15","0","11563","15551","167","923","3583","23555","0","9467","35496","15864","6620","10340","17751","106772","7952",20,"19586","93.0163949001065","6.98360509989354","4.00304619527164","2.98055890462191","2.75272036131933","0.419342296471435","0.215796513488013","2.22833900755726","0.37046459486709","0.165958788709543","0.121338581181751","0.0459350218749628","0.000313051035040637","0.241320607878326","0.00348530152345243","0.0192630736895005","0.0747774572367069","0.32455044306113","20.974605353466","Academic year"
"202526","Local authority","E92000001","England","E12000009","South West","E06000052","Cornwall","908","Secondary",30.6223404255319,"28034.0585106383","8872276","9076632","204356","955538","614778","340760","227260","10032170","4301258","4364004","8665262","207014","439974","42344","578","4469","322","0","41666","54689","83","2232","28421","37888","0","34419","88948","37007","6094","27552","20246","287627","5335",32,"30325","90.4752610850893","9.52473891491073","6.12806601164055","3.39667290327018","4.38563142370992","0.422082161685857","0.274636494397523","2.86704671073158","0.201810774737669","0.0531789234034112","0.00576146536591784","0.0445466932876935","0.00320967447720683","0.415323903004036","0.000827338452199275","0.0222484268109492","0.283298628312718","0.54513629653405","28.1493410457817","Academic year"
"202526","Local authority","E92000001","England","E12000002","North West","E08000001","Bolton","350","Secondary",19.8457446808511,"20551.2127659574","6835469","6936688","101219","638794","376126","262668","306758","7575482","3187273","3374634","6561907","273562","269741","23023","3667","2232","1087","0","34838","27745","416","867","12510","15742","0","4921","49260","28828","2468","37486","33196","186721","5265",20,"22321","91.567612463471","8.43238753652903","4.96504380843358","3.46734372809545","3.56071072441331","0.303914655199498","0.494833200052485","2.46480685981433","0.438203140077423","0.069500528151212","0.0484061608225061","0.0294634717632489","0.0143489219563851","0.459878328534079","0.00549139975515749","0.0114448163166383","0.165138007060145","0.366247322612607","24.2724485715555","Academic year"
"202526","Local authority","E92000001","England","E12000007","London","E09000024","Merton","315","Secondary",8.82010582010582,"8657.39153439153","2920144","2966027","45883","213814","130835","82979","104144","3179841","1382878","1440383","2823261","96883","97085","11657","3229","1692","1","0","5453","8232","203","607","2676","6807","0","6069","27940","4851","216","5677","7261","69500","541",9,"9677","93.2759531058314","6.72404689416861","4.11451390179572","2.60953299237289","3.05314007838757","0.366590656576854","0.178530939125573","2.18564387338864","0.228344750570862","0.0170134292878166","0.101545957801035","0.0532102076801953","3.14481132861674e-05","0.171486561749471","0.00638396699709199","0.0190890047647036","0.0841551511537841","0.25888086857173","18.410441426146","Academic year"
"202526","Local authority","E92000001","England","E12000009","South West","E06000058","Bournemouth, Christchurch and Poole","839","Secondary",23.7089947089947,"20671.2698412698","6578353","6735377","157024","587271","390383","196888","223849","7322648","3141909","3227592","6369501","208852","279128","28412","1690","5220","62","0","21655","23372","217","2167","28460","23561","0","10364","57258","37613","28228","21391","14997","156987","3513",24,"25323","91.9800733286647","8.01992667133529","5.33117254850977","2.68875412282551","3.81184511395331","0.388001717411516","0.292121101546872","2.14385561070258","0.204802961988614","0.0479744485874509","0.0230790828672906","0.0712856879096196","0.000846688247202378","0.295726354728508","0.00296340886520832","0.0295931198659283","0.388657217989995","0.319174156671193","22.3969730123997","Academic year"
"202526","Local authority","E92000001","England","E12000002","North West","E08000014","Sefton","343","Secondary",17.8465608465608,"15189.1851851852","4853290","4969760","116470","574903","293254","281649","215871","5544663","2269972","2390650","4660622","192668","199290","28628","863","972","17","0","13078","18055","185","906","31260","28129","0","10929","44228","28937","4247","25934","23203","229568","2944",18,"16330","89.6314167335328","10.3685832664672","5.28894181666226","5.07964144980497","3.59426713580248","0.516316320757456","0.46772905765418","4.1403418025586","0.418474486186086","0.0530961034061042","0.0155645167253627","0.0175303710973958","0.000306601140592314","0.235866453921546","0.00333654182409283","0.0163400372574492","0.563785391465631","0.325628446670248","29.8084524171481","Academic year"
"202526","Local authority","E92000001","England","E12000007","London","E09000021","Kingston upon Thames","314","Secondary",10.6455026455026,"9293.2962962963","3097474","3191974","94500","229095","154330","74765","115282","3421069","1459367","1530973","2990340","107134","107544","16200","2125","9073","1","0","2232","11323","189","686","4957","17804","0","14275","52310","7550","2561","6677","8148","57623","2317",11,"12855","93.3034089636894","6.69659103631058","4.51116303120457","2.18542800510601","3.14357880533833","0.473536195849894","0.195172912326527","1.68435655638632","0.238171168134872","0.0677273682582842","0.0621150874185817","0.265209500305314","2.92306293734502e-05","0.0652427647615409","0.00552458895158209","0.0200522117501869","0.144896229804193","0.330978416395577","18.0641365107385","Academic year"
"202526","Local authority","E92000001","England","E12000007","London","E09000023","Lewisham","209","Secondary",13.7301587301587,"12006.126984127","4027294","4131832","104538","301843","149273","152570","162754","4433675","1890050","1987874","3877924","149370","106509","13370","3162","1556","13","6","7328","12634","165","1175","3355","11026","0","7009","46893","26339","13271","9336","13384","126056","3794",14,"14279","93.1920359521165","6.80796404788353","3.36680067889505","3.44116336898848","2.40227350899649","0.301555707172943","0.210570238007973","2.84314930616249","0.301871472311344","0.0855723525066677","0.0713178119731374","0.0350950396679955","0.00029321048565806","0.165280495300174","0.00372151770258307","0.0265017169729401","0.0756708599525225","0.284955482754149","19.6906292034076","Academic year"
"202526","Local authority","E92000001","England","E12000001","North East","E06000003","Redcar and Cleveland","807","Secondary",9.93617021276596,"7921","2566816","2602494","35678","291492","147027","144465","78734","2893986","1228657","1272488","2501145","65671","97251","9568","325","525","0","0","25309","7678","39","105","6227","4156","0","2244","18852","6861","3565","15728","13063","115146","528",11,"8227","89.927663782755","10.072336217245","5.08043231722614","4.99190390001887","3.36045164005631","0.330616665042609","0.543471875814188","3.97880293823121","0.451384353621614","0.0182447323518497","0.0112301856332408","0.0181410690998505","0","0.874537748282127","0.0013476222759889","0.0036282138199701","0.215170356732894","0.265308816283147","28.4105422036457","Academic year"
"202526","Local authority","E92000001","England","E12000001","North East","E06000001","Hartlepool","805","Secondary",4.95744680851064,"5342.60638297872","1763876","1790974","27098","189910","83704","106206","41368","1980884","853412","876246","1729658","34218","52220","7023","372","86","8","0","13932","6433","194","98","3338","4289","0","5577","13581","3534","117","10410","7150","88538","108",5,"5713","90.4128661748997","9.58713382510031","4.22558817174554","5.36154565335476","2.63619676871538","0.354538680710228","0.525522948340236","4.46962063401996","0.360949959714956","0.00545211127961052","0.0187794944075473","0.00434149601894912","0.000403860094785964","0.703322355069757","0.00979360729855963","0.00494728616112806","0.168510624549444","0.324753998719764","26.5420560747664","Academic year"
"202526","Local authority","E92000001","England","E12000003","Yorkshire and The Humber","E06000012","North East Lincolnshire","812","Secondary",9.87431693989071,"8328.18579234973","2661927","2698024","36097","311679","162561","149118","77648","3009703","1271697","1322877","2594574","67353","110684","10794","331","1229","2","11","19889","8103","172","437","10903","4361","0","5097","15408","10939","292","15412","10295","121902","1509",11,"8873","89.6441941281249","10.3558058718751","5.40123061976547","4.95457525210959","3.67757217240372","0.35864003856859","0.512077105282481","4.05029997976545","0.342060329540822","0.0501378375208451","0.0109977629021867","0.0408345939782098","6.64517395902519e-05","0.66082932435526","0.00571484960476167","0.01451970510047","0.362261658376258","0.269229222949906","31.4397545752671","Academic year"
"202526","Local authority","E92000001","England","E12000009","South West","E06000023","Bristol, City of","801","Secondary",23.5531914893617,"21747.1063829787","6565408","6705120","139712","806815","498375","308440","326906","7511935","3036720","3252523","6289243","276165","355600","30767","5620","5217","113","0","36117","30963","267","1282","32429","31333","0","22284","55392","28846","1857","25839","50741","228762","3098",24,"25757","89.2595582895752","10.7404417104248","6.63444239067564","4.10599931974917","4.73380027915577","0.409574896481399","0.343972624896248","3.04531389049559","0.675471765929817","0.0412410384275157","0.0748142788775462","0.0694494827231599","0.0015042728671108","0.480794895056999","0.00355434385414677","0.0170661753596111","0.431699688562268","0.412184077737627","30.5738887189125","Academic year"
"202526","Local authority","E92000001","England","E12000009","South West","E06000022","Bath and North East Somerset","800","Secondary",13.8617021276596,"10382.8670212766","3345986","3447529","101543","328808","223746","105062","146046","3776337","1573184","1642067","3215251","130735","156743","19258","367","3040","60","0","8002","11806","238","608","23624","11008","0","10831","59345","19796","563","8120","15311","79789","1842",14,"13178","91.2929381037762","8.70706189622378","5.92494790586751","2.78211399035626","4.15066240115752","0.509965079917391","0.215023182517874","2.11286757511313","0.405445806346203","0.0487774263790546","0.00971841231330784","0.0805012900066917","0.00158884125013207","0.211898461392614","0.00630240362552389","0.0161002580013383","0.625579761552001","0.312630996650987","23.4158063367747","Academic year"
"202526","Local authority","E92000001","England","E12000007","London","E09000013","Hammersmith and Fulham","205","Secondary",10.6455026455026,"6872.79894179894","2264828","2331055","66227","178097","113593","64504","80883","2509152","1082374","1105245","2187619","77209","74724","9914","2951","9281","13","0","5956","9220","128","722","684","7733","0","10752","37391","9411","940","2830","3674","51715","6285",12,"9892","92.9021039777582","7.09789602224178","4.52714702018849","2.57074900205328","2.97805792554616","0.395113568249353","0.11278710895155","2.06105489025774","0.1464239711265","0.250483031717489","0.117609455306016","0.36988592161814","0.000518103327339276","0.237371032125595","0.00510132506918672","0.0287746617183814","0.0272602058384665","0.367454821389856","21.0560625814863","Academic year"
"202526","Local authority","E92000001","England","E12000005","West Midlands","E06000021","Stoke-on-Trent","861","Secondary",14.7513227513228,"14544.6878306878","4731274","4827236","95962","496145","257469","238676","171922","5323381","2242916","2327128","4570044","161230","175825","12471","2952","3357","0","0","30782","25247","36","383","6416","13590","0","3272","48329","29462","1309","21681","10692","202600","3703",16,"15591","90.6798893410034","9.3201106589966","4.8365690902079","4.48354156878871","3.3028821344931","0.234268409493891","0.407278757616635","3.80585195761866","0.200849798276697","0.0695610552767123","0.055453479658886","0.0630614265633063","0","0.578241534844115","0.000676261947059585","0.00719467571455058","0.120524907009286","0.474266260483704","28.3916170634921","Academic year"
"202526","Local authority","E92000001","England","E12000002","North West","E08000007","Stockport","356","Secondary",13.6082474226804,"14915.1649484536","5018346","5092697","74351","486386","307867","178519","201291","5579083","2356913","2482090","4839003","179343","223664","19864","2718","4579","6","0","14628","24579","503","295","17031","14548","0","4346","37489","13323","4645","16714","21948","138702","1155",14,"14702","91.2819723241257","8.71802767587433","5.51823659909702","3.19979107677731","4.00897423465469","0.356044174284555","0.299583282772456","2.48610748397183","0.393397983145259","0.0207023268877699","0.0487176835332975","0.0820744197567952","0.000107544555261142","0.262193625726665","0.00901581854939244","0.0052876073003395","0.305265220108753","0.44055627062727","22.8323875770334","Academic year"
"202526","Local authority","E92000001","England","E12000006","East of England","E10000029","Suffolk","935","Secondary",42.3968253968254,"36982.3915343915","12229773","12476235","246462","1294679","818983","475696","357735","13770914","5899172","6015776","11914948","314825","563875","60004","2148","6505","218","0","53446","72047","473","1976","58291","37716","0","18645","108510","60863","20728","44343","42910","386295","2148",45,"45154","90.5984526517267","9.40154734827332","5.94719420947658","3.45435313879674","4.09468100664923","0.435729974059819","0.32200477034422","2.80515149539094","0.311598779863123","0.0155980931984616","0.0155980931984616","0.0472372422048384","0.00158304670263717","0.388107862702505","0.00343477564379532","0.0143490838734451","0.42329071258451","0.523182411857339","25.5685869538492","Academic year"
"202526","Local authority","E92000001","England","E12000009","South West","E06000026","Plymouth","879","Secondary",18.3575129533679,"14152.4093264249","4687343","4791939","104596","525211","330173","195038","123651","5317150","2254801","2325704","4580505","106838","237721","21154","893","5140","106","0","14541","28096","207","1182","21133","13903","0","6864","59596","22659","1574","15362","16813","158723","4140",19,"17431","90.122321168295","9.87767883170496","6.20958596240467","3.66809286930028","4.47083493977037","0.397844710042034","0.288914173946569","2.98511420591858","0.316203229173523","0.0778612602616063","0.0167947114525639","0.0966683279576465","0.00199354917578026","0.27347357136812","0.00389306301308032","0.0222299540167195","0.397449761620417","0.528403373987945","28.2683307332293","Academic year"
"202526","Local authority","E92000001","England","E12000008","South East","E06000045","Southampton","852","Secondary",12.8201058201058,"13016.0899470899","4144443","4223158","78715","500421","269833","230588","164407","4723579","1948314","2053044","4001358","143085","178752","14713","3202","3707","9","0","9552","21930","27","715","37226","11224","0","2052","39003","23685","2751","19339","21322","189415","512",14,"13094","89.4058932855786","10.5941067144214","5.71246929499856","4.88163741942286","3.78424918901536","0.311479918087535","0.409414132800573","4.00998903585607","0.451395012129574","0.0108392386366355","0.0677875822548961","0.0784786281757964","0.000190533491659608","0.202219545814731","0.000571600474978824","0.0151368273929578","0.788088862280063","0.464266608010578","28.9143771672446","Academic year"
"202526","Local authority","E92000001","England","E12000007","London","E09000020","Kensington and Chelsea","207","Secondary",5.93121693121693,"4883.53968253968","1556314","1605644","49330","143667","71800","71867","49636","1749311","743174","770670","1513844","42470","47176","10494","1772","756","2","0","2834","6341","41","419","1965","8752","0","3579","28331","8145","523","4228","7166","50845","9628",6,"6176","91.7872236554849","8.21277634451507","4.10447313256476","4.10830321195031","2.69683321033253","0.599893329430845","0.241695158836822","2.90657293071386","0.40964699816099","0.550388124238629","0.101297024942963","0.0432170151562529","0.000114330727926595","0.162006641471985","0.0023437799224952","0.0239522875006217","0.11232994018788","0.36248557289127","23.918766453554","Academic year"
"202526","Local authority","E92000001","England","E12000007","London","E09000009","Ealing","307","Secondary",16.7886597938144,"17968.9587628866","5858698","5968672","109974","482993","298409","184584","184269","6451665","2813626","2881046","5694672","164026","200573","25368","12612","15009","2","0","8157","25514","210","1401","9563","15000","0","11511","55797","25493","2173","16565","20243","140447","7329",17,"23414","92.5136689521232","7.48633104787679","4.62530215068513","2.86102889719166","3.1088563959846","0.393200824903339","0.256755426699929","2.17691092144431","0.313763966355972","0.113598582691445","0.195484421463297","0.232637621451207","3.09997496770214e-05","0.126432479057732","0.00325497371608724","0.0217153246487535","0.148225303080678","0.395463806629761","22.8111066072152","Academic year"
"202526","Local authority","E92000001","England","E12000005","West Midlands","E06000051","Shropshire","893","Secondary",19.5661375661376,"14522.7936507937","4764343","4859014","94671","483260","332715","150545","186474","5342274","2283712","2305815","4589527","174816","241226","25459","682","357","550","0","15987","22320","323","688","25123","13067","0","6909","43699","29974","1022","13746","11658","124092","1049",20,"16211","90.9540394221637","9.04596057783633","6.22796584375867","2.81799473407766","4.5154179662069","0.476557361153696","0.257306158388731","2.32283106407496","0.218221678633481","0.0196358329804873","0.0127660992304026","0.00668254754436032","0.0102952413148408","0.299254587091564","0.00604611444489743","0.0128784109538373","0.470267904641357","0.417799611176813","26.504521359526","Academic year"
"202526","Local authority","E92000001","England","E12000001","North East","E06000002","Middlesbrough","806","Secondary",7.95212765957447,"8658.01595744681","2750374","2799813","49439","318557","132083","186474","129856","3118370","1277891","1359522","2637413","112961","77932","9831","2610","1116","36","0","25831","9650","25","243","4809","10658","0","6832","21989","5234","4726","15574","16895","153398","607",8,"9348","89.7845028011429","10.2154971988571","4.23564233878597","5.97985486007113","2.49912614603142","0.315260857435134","0.499427585565536","4.91917251641082","0.541789460519438","0.0194652975753358","0.0836975727703897","0.035787927667339","0.00115444927959158","0.828349426142504","0.000801700888605265","0.00779253263724317","0.154215182932109","0.309456543001632","31.4046997389034","Academic year"
"202526","Local authority","E92000001","England","E12000005","West Midlands","E06000020","Telford and Wrekin","894","Secondary",12.8624338624339,"12132.8624338624","4021438","4102901","81463","357892","216389","141503","119392","4460793","1922399","1994527","3916926","104512","143734","13860","1473","9062","0","0","13527","14767","66","526","19374","14856","1","10170","36263","19889","284","11044","14880","114448","1131",13,"14306","91.9769422163279","8.0230577836721","4.85090879581276","3.17214898785933","3.22216251684398","0.310707087282463","0.247579298120312","2.56564247657311","0.333572976822731","0.0253542363431793","0.0330210346007986","0.203147736288144","0","0.303242046873729","0.00147955755848792","0.0117916253903734","0.434317396032499","0.331039794942289","22.62538421171","Academic year"
"202526","Local authority","E92000001","England","E12000007","London","E09000006","Bromley","305","Secondary",18.820652173913,"17863.0760869565","5837964","5974000","136036","470117","312224","157893","165355","6444117","2806816","2883360","5690176","147788","226042","25311","2180","9977","382","0","8681","27043","1037","1362","10209","22690","0","20022","59831","22524","10969","12161","17567","126127","2038",19,"24507","92.7047103583004","7.29528964169955","4.8451013536843","2.45018828801525","3.50772650465533","0.3927768536791","0.188714761075877","1.95724255161723","0.272605230476107","0.0316257448460355","0.0338293050855532","0.154823383870901","0.00592788740489969","0.134712017177838","0.0160921969604214","0.0211355566635429","0.158423566797437","0.419654081389273","20.1206932122963","Academic year"
"202526","Local authority","E92000001","England","E12000009","South West","E06000066","Somerset","933","Secondary",34.3510638297872,"27486.6063829787","8919357","9120782","201425","996734","655194","341540","258977","10117516","4304032","4379648","8683680","235677","467192","42110","659","3639","527","0","36947","47414","276","1369","55061","32309","0","10321","107703","48503","2589","27777","23300","284789","5674",36,"29617","90.14843169015","9.85156830984997","6.47583853586197","3.375729773988","4.61765516357968","0.416208879728977","0.27454367257734","2.81481146162754","0.230293680780935","0.0560809590021899","0.00651345646500584","0.0359673263674602","0.00520878840221256","0.365178567545631","0.00272794231311322","0.013530989227","0.544214607617127","0.468632814615761","26.30701135416","Academic year"
"202526","Local authority","E92000001","England","E12000007","London","E09000031","Waltham Forest","320","Secondary",16.8624338624339,"14292.6084656085","4691918","4790767","98849","399165","207294","191871","172341","5189932","2228630","2309332","4537962","153956","141778","19026","9479","8271","12","0","9327","15880","140","868","2513","15236","0","4791","42862","26737","9223","15247","18385","155224","3015",18,"16579","92.308858767321","7.69114123267896","3.99415637815679","3.69698485452218","2.73178916409695","0.366594398539326","0.293780342401403","2.99086770308359","0.354243562343399","0.058093246693791","0.182642084713249","0.159366249885355","0.000231216902263845","0.179713337284573","0.00269753052641152","0.0167246892637514","0.0484206729490868","0.305977033995821","24.6139119336311","Academic year"
"202526","Local authority","E92000001","England","E12000008","South East","E10000011","East Sussex","845","Secondary",25.6349206349206,"26012.2645502646","8424512","8607022","182510","892885","549197","343688","268251","9499907","4053240","4118598","8171838","252674","394360","29124","1527","2164","330","0","29653","47094","763","2776","41406","28386","0","15115","85356","44068","9585","34993","15577","291071","2047",26,"24020","90.6011185162128","9.39888148378716","5.78107764633906","3.61780383744809","4.15119853278564","0.306571422225502","0.368350974383223","3.06393525747147","0.163970026232888","0.0215475793605137","0.0160738415649753","0.0227791703645099","0.00347371821639938","0.312139897790578","0.00803165757306887","0.0292213386931051","0.435856898388584","0.495731168736705","25.5875946815773","Academic year"
"202526","Local authority","E92000001","England","E12000002","North West","E10000017","Lancashire","888","Secondary",81.3862433862434,"66910.9947089947","21880831","22314602","433771","2080303","1397092","683211","693952","24394905","10493274","10763040","21256314","624517","1009873","101066","15670","13749","567","0","75700","118913","1132","2419","58003","62370","0","34328","210604","111605","14864","99932","69435","508539","5305",82,"70274","91.4723873694118","8.52761263058823","5.72698274496252","2.80062988562571","4.13968818488943","0.414291426836874","0.409642915190693","2.08461152031541","0.284629105954707","0.0217463441648984","0.0642347244229892","0.0563601292974906","0.00232425582309093","0.310310698074045","0.00464031321294344","0.00991600500186412","0.237766861563921","0.487450145839879","23.7059911808483","Academic year"
"202526","Local authority","E92000001","England","E12000007","London","E09000003","Barnet","302","Secondary",27.1798941798942,"23106.9312169312","7712785","7855736","142951","564729","377462","187267","244127","8420465","3703503","3785168","7488671","224114","254846","36688","12236","23912","5","0","11406","26058","1129","1606","9576","20491","0","11751","87316","21168","2225","10846","20013","148467","7941",30,"29033","93.2933751283332","6.70662487166683","4.48267405659901","2.22395081506781","3.02650744347254","0.435700403718797","0.128805238190527","1.76316866111313","0.237670959976676","0.0943059557874773","0.145312640097667","0.283974816117637","5.93791435508609e-05","0.135455702268224","0.0134078106137844","0.0190725809085365","0.113722935728609","0.309460344529667","19.4776202701194","Academic year"
"202526","Local authority","E92000001","England","E12000003","Yorkshire and The Humber","E06000065","North Yorkshire","815","Secondary",40.5291005291005,"30189.9470899471","10035756","10233838","198082","1008114","694759","313355","254678","11241952","4858628","4945325","9803953","231803","478522","52580","1902","13550","131","14","47183","55920","1055","2146","41756","20481","0","27891","108757","37608","3345","45201","22875","241349","3930",41,"36127","91.0325715676423","8.96742843235766","6.18005663073459","2.78737180162306","4.25657394730026","0.467712368812818","0.402074301687109","2.14686026056685","0.203478897614934","0.0349583417541722","0.0169187699787368","0.120530669406879","0.00116527805847241","0.419704691854226","0.00938449123426252","0.0190892115532961","0.371430157324991","0.497422511677687","24.2023631423076","Academic year"
"202526","Local authority","E92000001","England","E12000005","West Midlands","E08000027","Dudley","332","Secondary",18.8306878306878,"17843.835978836","5773708","5869995","96287","566823","318697","248126","275733","6436818","2702853","2823263","5526116","247592","215747","23390","2743","7025","12","0","18277","30047","159","692","20605","11479","0","5912","56951","21436","509","25319","28141","191276","3390",20,"18186","91.1940496064981","8.80595039350188","4.95115754399146","3.85479284951043","3.35176480055829","0.363378302757667","0.393346526187318","2.97159248560391","0.437188064040338","0.0526657736788581","0.0426142233631586","0.109137775838932","0.000186427517447285","0.283944644698669","0.00247016460617653","0.0107506535061268","0.320111583083443","0.466798968061548","26.7486980496273","Academic year"
"202526","Local authority","E92000001","England","E12000006","East of England","E10000012","Essex","881","Secondary",79.9206349206349,"81215.6243386243","26617824","27144602","526778","2618631","1548070","1070561","908267","29763233","12726348","13055923","25782271","835553","1023426","118324","6658","27097","501","0","75792","161807","1022","3136","130307","78767","0","56587","213935","116117","61372","92113","72714","897586","8148",82,"95555","91.2017924934432","8.79820750655683","5.20128307297799","3.59692443357884","3.43855790128714","0.397550897780493","0.309485868017093","3.01575437050135","0.244308136821023","0.027376058239372","0.0223698816590254","0.0910418569111763","0.00168328487701588","0.254649755287001","0.00343376675511024","0.0105364897691054","0.437811980976663","0.543647257675267","24.0560586169365","Academic year"
"202526","Local authority","E92000001","England","E12000009","South West","E06000059","Dorset","838","Secondary",28.4867724867725,"20097.2433862434","6582813","6737610","154797","662281","444812","217469","213764","7399891","3162518","3218299","6380817","201996","341231","33214","611","3272","437","0","16255","28792","175","1218","19607","23224","0","14797","75901","25930","14945","25505","11768","176948","3248",29,"24633","91.0501249275158","8.94987507248418","6.01106151428447","2.93881355819971","4.61129765289786","0.448844449195265","0.34466723901744","2.39122441127849","0.159029369486659","0.0438925384171199","0.00825687837834368","0.0442168675187243","0.00590549239171226","0.219665397774102","0.00236489969919827","0.01645970190642","0.264963362298174","0.389086812224667","25.462962962963","Academic year"
"202526","Local authority","E92000001","England","E12000007","London","E09000017","Hillingdon","312","Secondary",21.5449735449735,"17209.9417989418","5715503","5817184","101681","523899","341751","182148","187566","6341083","2729513","2813846","5543359","172144","254867","27063","9442","5089","63","0","13943","24892","246","940","5206","22998","0","11713","45666","17632","3672","15675","15422","146934","4117",22,"22626","91.7380201457701","8.26197985422995","5.3894736908506","2.87250616337935","4.01929764994402","0.426788294680893","0.247197521306692","2.31717515761897","0.243207666576829","0.0649258178768516","0.148902009325536","0.0802544297243862","0.000993521138266129","0.219883575092772","0.00387946349227727","0.0148239661900026","0.0820995404097376","0.392551240852706","24.537710367754","Academic year"
"202526","Local authority","E92000001","England","E12000003","Yorkshire and The Humber","E08000019","Sheffield","373","Secondary",29.6613756613757,"30410.253968254","9854783","10017648","162865","1085053","504479","580574","434025","11102701","4593866","4877562","9471428","383355","306822","39163","9744","8239","109","0","57935","27939","193","1385","52950","27481","0","12252","78645","40947","3540","59558","50670","463515","6831",31,"34831","90.2271258137997","9.77287418620028","4.54375020997143","5.22912397622885","2.76348971299867","0.352733987882768","0.536428027738476","4.17479494404109","0.456375435130605","0.061525569318673","0.087762428259574","0.0742071681476426","0.000981743091163132","0.52180996317923","0.00173831574857325","0.0124744420299169","0.476910978688879","0.251641469945016","27.3506555140298","Academic year"
"202526","Local authority","E92000001","England","E12000007","London","E09000011","Greenwich","203","Secondary",15.7195767195767,"15144.3068783069","5019334","5159039","139705","423230","208836","214394","194273","5582269","2359143","2476678","4835821","183513","132118","21037","4681","1097","19","0","13833","26331","231","988","8501","35780","0","9182","60570","27456","6717","9790","10760","192734","1110",17,"18925","92.4183159213574","7.58168407864257","3.74105941508731","3.84062466355527","2.36674370224724","0.376853928035356","0.1753767150956","3.45261039910474","0.192753161841538","0.0198843875133929","0.0838547909461189","0.019651507299272","0.000340363389868887","0.247802461687174","0.00413810226630067","0.0176988962731821","0.15228574617239","0.471689916770403","21.7061161535267","Academic year"
"202526","Local authority","E92000001","England","E12000004","East Midlands","E10000007","Derbyshire","830","Secondary",44.4587628865979,"38876.7113402062","13069616","13313442","243826","1248499","791178","457321","329434","14561941","6319570","6450411","12769981","299635","531649","54449","987","12054","1056","0","38801","70422","331","1663","79764","50163","0","18566","121902","47096","6099","48107","29799","367449","11966",45,"46053","91.4262871961918","8.57371280380823","5.43319053414651","3.14052226966172","3.65094872998043","0.373913065572783","0.330361179186209","2.52335179767587","0.204636181399169","0.0821731114004651","0.00677794258334105","0.0827774264433567","0.00725178051469924","0.266454863400422","0.00227304862724001","0.011420180867372","0.547756648650067","0.483603113074006","22.5699697428139","Academic year"
"202526","Local authority","E92000001","England","E12000007","London","E09000012","Hackney","204","Secondary",15.6402116402116,"11325.0158730159","3626009","3696857","70848","318836","175249","143587","127755","4015693","1725100","1788918","3514018","111991","116681","13908","5207","2369","11","0","15573","16652","182","636","4030","13695","0","4898","30854","13395","8006","6841","15764","118587","2395",16,"14257","92.0602496256561","7.93975037434386","4.3641035308227","3.57564684352116","2.90562550473853","0.346341216821107","0.170356648279637","2.95308929243346","0.392559889413857","0.0596410133942012","0.129666286740545","0.05899355354107","0.000273925322478586","0.387803549723547","0.00453221897191842","0.015837864099671","0.100356277235336","0.414673133628492","23.2606604680987","Academic year"
"202526","Local authority","E92000001","England","E12000002","North West","E08000013","St. Helens","342","Secondary",8.93121693121693,"9760.7037037037","3203605","3241669","38064","334188","173291","160897","112635","3575857","1512020","1589983","3102003","101602","122879","13110","325","676","1","0","10881","21029","132","342","3916","8347","0","4068","21209","2547","1893","14742","11033","134821","301",9,"11124","90.6543242640855","9.3456757359145","4.84613898150849","4.49953675440601","3.43635106213699","0.366625399170045","0.412264808128513","3.77031296273872","0.308541420979642","0.00841756255912918","0.00908873033793018","0.0189045591028948","2.79653241167082e-05","0.304290691713902","0.00369142278340549","0.00956414084791422","0.109512209241029","0.588082800850258","24.7220163083766","Academic year"
"202526","Local authority","E92000001","England","E12000004","East Midlands","E06000018","Nottingham","892","Secondary",18.6613756613757,"17438.7513227513","5805505","5902640","97135","579170","250949","328221","248193","6481810","2726235","2865943","5592178","213327","168127","16838","8130","1629","2","0","25035","18941","95","980","11172","23437","0","2888","46403","20173","4234","25810","34866","264144","3401",20,"20031","91.064687178427","8.93531282157299","3.87158833720828","5.06372448436471","2.59382795854862","0.259773118928201","0.398191245963705","4.07515801913354","0.537905307313852","0.0524699119536055","0.125427928310148","0.0251318690304097","3.08555789200856e-05","0.386234709132171","0.00146563999870407","0.0151192336708419","0.172359263847598","0.292217760162671","26.1601432591456","Academic year"
"202526","Local authority","E92000001","England","E12000004","East Midlands","E06000016","Leicester","856","Secondary",20.8152173913043,"22467.3097826087","7256502","7385486","128984","629212","337602","291610","247272","8014698","3447143","3596310","7043453","213049","233798","21921","10618","1071","16","0","19777","27460","59","2881","20001","32561","0","5499","52792","37872","260","36795","34223","217381","3211",23,"24019","92.1492737468087","7.85072625319132","4.21228597758768","3.63844027560365","2.91711552949344","0.273509993763957","0.459094029494312","2.71227936473714","0.427002988758903","0.0400638926132962","0.132481598183737","0.0133629489220929","0.000199633223859464","0.246759141766789","0.000736147512981774","0.0359464573711948","0.249554006900821","0.342620520448805","22.7979487179487","Academic year"
"202526","Local authority","E92000001","England","E12000008","South East","E06000037","West Berkshire","869","Secondary",9.86772486772487,"9792.8253968254","3267420","3317261","49841","317666","227295","90371","112736","3634927","1563577","1600166","3163743","103677","143123","17379","827","3341","57","0","9600","20173","252","486","32057","8881","0","4968","24477","10305","1210","7800","9059","72056","1456",10,"11367","91.2607323338268","8.73926766617321","6.25308293674123","2.48618472943198","3.93743808335078","0.478111389857348","0.214584777080805","1.98232316632494","0.249220960971156","0.0400558250550836","0.0227514885443367","0.0919138128496116","0.00156811952482127","0.264104341022529","0.0069327389518414","0.0133702822642656","0.881915922933253","0.554976757442447","24.2227536727024","Academic year"
"202526","Local authority","E92000001","England","E12000007","London","E09000014","Haringey","309","Secondary",11.8783068783069,"12179.9947089947","3976058","4055404","79346","330843","207681","123162","166393","4386247","1856981","1961770","3818751","157307","148105","20946","5011","3485","11","0","7453","16891","359","754","4666","21029","0","6910","38393","12644","370","13279","9086","97225","3572",14,"15669","92.4572647185624","7.54273528143764","4.73482227517055","2.80791300626709","3.37657683208447","0.477538086660418","0.302741728862966","2.21658743796234","0.207147477102863","0.0814363623389198","0.114243452318121","0.0794528899079327","0.000250783870584579","0.169917471587897","0.00818467359453309","0.0171900944018884","0.106377958195241","0.385090032549467","23.0155772527391","Academic year"
"202526","Local authority","E92000001","England","E12000005","West Midlands","E08000025","Birmingham","330","Secondary",87.8994708994709,"74618.3544973545","24260818","24631982","371164","2181318","1238474","942844","937160","26813300","11465540","11977523","23443063","817755","881227","82381","48133","32102","18","0","86611","81091","263","4825","21821","30937","0","19356","209747","106247","4877","117110","119405","690187","16142",91,"88689","91.8647909805954","8.13520901940455","4.61887943669746","3.51632958270709","3.28652944620767","0.30723931780124","0.436760861214397","2.57404720791547","0.445320046394886","0.0602014671823312","0.179511660258155","0.119724166738149","6.71308641606964e-05","0.323015070879004","0.000980856515236841","0.01799480108752","0.0813812548250309","0.302428272536391","25.5775737071049","Academic year"
"202526","Local authority","E92000001","England","E12000002","North West","E06000007","Warrington","877","Secondary",12.8085106382979,"12927.2978723404","4329575","4412919","83344","378256","235744","142512","131387","4791175","2073473","2138880","4212353","117222","169934","18914","719","2172","174","0","6638","27766","415","400","8612","11838","0","7428","46740","8873","8465","18620","14165","107839","1888",14,"14248","92.1051516590398","7.8948483409602","4.92037965634735","2.97446868461286","3.54681262946981","0.394767463096213","0.388631181286428","2.25078399348803","0.295647727332022","0.0394057825063789","0.0150067572150882","0.0453333472478046","0.00363167698946501","0.138546389977406","0.0086617583369424","0.00834868273440231","0.179747139271682","0.579523812008537","20.7754837781455","Academic year"
"202526","Local authority","E92000001","England","E12000002","North West","E08000009","Trafford","358","Secondary",18.7127659574468,"16540.5957446808","5599317","5720447","121130","401710","311578","90132","123565","6122157","2717563","2769194","5486757","112560","232737","20955","4190","17715","2","0","8097","17829","447","414","9192","8440","0","13894","67272","28900","2624","15948","11005","58682","4497",19,"19378","93.4384237450951","6.56157625490493","5.08935004443695","1.47222621046798","3.801552296029","0.342281323396313","0.260496423074416","0.958518378408133","0.179756905940178","0.0734545030452502","0.0684399305669554","0.289358799521149","3.26682246142985e-05","0.132257307350988","0.00730134820129572","0.00676232249515979","0.150143160327316","0.291220888324164","16.7236752091775","Academic year"
"202526","Local authority","E92000001","England","E12000007","London","E09000029","Sutton","319","Secondary",14.6666666666667,"16018.2063492063","5373012","5485390","112378","383891","267752","116139","112100","5869281","2624579","2650227","5274806","98206","191494","21828","3384","18807","45","0","8131","15208","130","930","7795","10503","0","14586","64333","19939","3017","9229","13894","91062","1954",15,"21618","93.4593181004624","6.54068189953761","4.56192163912411","1.9787602604135","3.26264835505405","0.371902452787658","0.157242428842647","1.55150179383131","0.236724055297404","0.0332919824421424","0.0576561251710388","0.320431071540109","0.00076670379216807","0.138534856313746","0.00221492206626331","0.0158452117048068","0.132810134665558","0.259111806028711","17.4989943106718","Academic year"
"202526","Local authority","E92000001","England","E12000002","North West","E06000050","Cheshire West and Chester","896","Secondary",19.8936170212766,"18426.8723404255","5974878","6100180","125302","639890","412309","227581","254351","6740070","2810597","2936624","5747221","227657","295469","30679","677","4947","14","0","22929","31220","215","945","25214","27714","0","7604","53701","30757","5526","25515","26694","173416","1956",21,"21380","90.5061816865403","9.49381831345965","6.11728068106118","3.37653763239848","4.38376752763695","0.45517331422374","0.37855689926069","2.57291096383272","0.396049299191255","0.0290204701138119","0.0100444060669993","0.0733968638307911","0.000207712976274727","0.340189345214516","0.00318987784993331","0.0140206258985441","0.374091070270784","0.463199937092642","25.9348978046934","Academic year"
"202526","Local authority","E92000001","England","E12000009","South West","E06000025","South Gloucestershire","803","Secondary",15.7287234042553,"14247.7553191489","4596448","4695155","98707","473816","320233","153583","142057","5168971","2198653","2273948","4472601","123847","229752","20859","1337","1321","856","0","11064","24169","122","946","29807","18055","0","5052","43402","24085","8113","20543","18210","113859","971",16,"17507","90.8334560205503","9.16654397944968","6.19529496296265","2.97124901648703","4.44483050881887","0.403542600645273","0.39742919819051","2.20274015853445","0.352294489560882","0.018785170201187","0.0258658831709445","0.0255563438061463","0.0165603560167004","0.214046470757913","0.00236023765658581","0.01830151494369","0.576652490408633","0.467578556737888","25.0334842783341","Academic year"
"202526","Local authority","E92000001","England","E12000002","North West","E08000010","Wigan","359","Secondary",18.8351063829787,"18645.420212766","6214767","6324746","109979","594010","365723","228287","221492","6918756","2954742","3060359","6015101","199666","275415","25110","983","1768","51","0","15964","34655","186","443","11148","19720","0","8488","52660","23763","5348","31798","21826","173534","1129",19,"19842","91.4144970569854","8.58550294301461","5.2859647023251","3.29953824068951","3.98070115494751","0.362926514535272","0.459591290688673","2.50816765326021","0.315461334378608","0.01631796236202","0.0142077564232645","0.0255537267104086","0.000737126732031018","0.230735120591043","0.00268834455211313","0.0064028851429361","0.16112723154278","0.500884841147744","23.4717731907486","Academic year"
"202526","Local authority","E92000001","England","E12000001","North East","E06000057","Northumberland","929","Secondary",29.8404255319149,"17765.5478723404","5896418","6017795","121377","595339","367074","228265","183881","6613134","2823324","2901737","5725061","171357","220644","27127","537","1234","70","0","29655","38206","462","484","48655","17207","0","15988","63336","15052","9794","34040","12524","181033","668",27,"20967","90.997626843793","9.00237315620703","5.55068141670802","3.451691739499","3.33645137086289","0.410198855792125","0.514733256576988","2.73747666386315","0.189380708148361","0.0101011109105002","0.00812020442954883","0.0186598366220917","0.0010584996463099","0.448425814447431","0.00698609766564537","0.00731876898305705","0.735732861302977","0.577729106955946","23.6459917160384","Academic year"
"202526","Local authority","E92000001","England","E12000009","South West","E06000024","North Somerset","802","Secondary",10.8191489361702,"11953.0691489362","3862005","3950117","88112","414565","281592","132973","124001","4364682","1850884","1907861","3758745","103260","195545","21232","442","6386","25","0","11032","21512","373","565","24480","14301","0","11203","37632","23451","1525","13502","20741","96475","2255",11,"14082","90.501828082779","9.498171917221","6.45160403438326","3.04656788283774","4.48016602354994","0.4864501010612","0.309346706128877","2.21035576016764","0.475200713362394","0.0516647031788341","0.010126740046583","0.146310773614206","0.000572779414399491","0.252756099986207","0.00854586886284041","0.0129448147654285","0.560865602579982","0.492865230502474","26.2253585947687","Academic year"
"202526","Local authority","E92000001","England","E12000004","East Midlands","E10000019","Lincolnshire","925","Secondary",53.6284153005465,"41401.5300546448","13400999","13581911","180912","1256143","878633","377510","294627","14838054","6508296","6621889","13130185","270814","612798","59809","2249","22062","389","0","65533","66748","552","1987","46500","8363","0","29012","97010","40391","6136","42955","23813","307407","3335",54,"49177","91.5343144053796","8.46568559462043","5.92148404366233","2.5442015509581","4.12990814024534","0.403078462984432","0.289492139602673","2.07174741377811","0.160486004431578","0.0224759931457319","0.0151569740883811","0.14868526560154","0.00262163758131626","0.44165495017069","0.00372016438274183","0.0133912438922247","0.313383412676622","0.449843355469659","25.0743222256733","Academic year"
"202526","Local authority","E92000001","England","E12000002","North West","E08000005","Rochdale","354","Secondary",12.9095744680851,"13878.3670212766","4536966","4606214","69248","461501","211211","250290","187592","5067715","2137031","2243803","4380834","156132","134237","17466","5214","1572","1","0","17363","22545","252","574","11987","23508","0","2077","27456","15069","1138","27478","31460","190467","885",14,"14545","90.8933118772464","9.10668812275355","4.1677758121757","4.93891231057784","2.64886640231347","0.344652372913631","0.542216758440441","3.75843945446814","0.620792605740457","0.0174634919288081","0.102886606685656","0.0310198975277813","1.97327592415911e-05","0.342619898711747","0.00497265532888097","0.0113266038046733","0.236536585028953","0.444875057101672","27.0551304689033","Academic year"
"202526","Local authority","E92000001","England","E12000007","London","E09000004","Bexley","303","Secondary",15.5608465608466,"14773.6031746032","4919346","5035023","115677","388009","259376","128633","147897","5423032","2363375","2415333","4778708","140638","185652","21037","2684","7529","22","0","13133","20961","155","857","7346","35302","0","9862","46136","19348","5029","10542","7259","104315","6517",16,"19929","92.8451648450535","7.15483515494653","4.78285947787142","2.37197567707511","3.42339857113143","0.387919525461034","0.194393099653478","1.92355494122107","0.133855009522348","0.120172626678212","0.0494926085628851","0.138833774169136","0.000405677119367911","0.242170800393581","0.00285817970463755","0.0158029677862863","0.135459278130758","0.386518095412308","20.3385716886111","Academic year"
"202526","Local authority","E92000001","England","E12000004","East Midlands","E06000062","West Northamptonshire","941","Secondary",22.8095238095238,"25614.5714285714","8510153","8641389","131236","781464","494902","286562","266576","9422853","4084845","4177539","8262384","247769","368698","36668","3306","4706","104","0","25751","30044","904","1376","23331","21346","0","11378","58210","35767","4535","27451","18807","236258","4046",21,"28431","91.7067155775432","8.29328442245677","5.2521460326294","3.04113838982737","3.91280645044553","0.38913904313269","0.291323657495241","2.50728733643622","0.199589232687807","0.0429381632081069","0.0350849153648051","0.0499424112845653","0.00110369969689647","0.273282412449817","0.00959369736533086","0.0146027959897072","0.247600169502803","0.318841862438054","23.1759962895572","Academic year"
"202526","Local authority","E92000001","England","E12000008","South East","E10000030","Surrey","936","Secondary",56.8835978835979,"57728.1904761905","19161160","19564998","403838","1598117","1115815","482302","586700","21163115","9209541","9424958","18634499","526661","771060","85864","6404","33619","1045","0","38466","105713","1532","3322","68790","65769","0","32008","218427","74281","13353","39324","60039","377528","5411",62,"64886","92.4485738512502","7.55142614874984","5.27245162160674","2.2789745271431","3.64341449734597","0.405724771613253","0.185813855852506","1.78389617974481","0.283696421816921","0.0255680697288655","0.0302601956281011","0.1588565766429","0.0049378364196386","0.181759632265855","0.00723900994725965","0.0156971220919038","0.325046667279368","0.499515312372493","20.2025493277458","Academic year"
"202526","Local authority","E92000001","England","E12000001","North East","E08000037","Gateshead","390","Secondary",9.66839378238342,"9873.9274611399","3366465","3433909","67444","350616","183143","167473","90270","3784525","1616340","1669411","3285751","80714","121398","11842","1619","641","23","0","18588","13373","156","251","15252","12381","14","5995","20234","14377","14443","15050","9556","142614","253",10,"12141","90.7355348425496","9.26446515745041","4.83925988069837","4.42520527675204","3.20774733949439","0.312905846836789","0.397672098876345","3.7683460936313","0.252501965240024","0.00668511900436647","0.0427794769488905","0.0169373963707467","0.000607738091306042","0.491158071356379","0.00412204966277142","0.00663227221381811","0.403009624721729","0.353360065001552","23.2172763331864","Academic year"
"202526","Local authority","E92000001","England","E12000001","North East","E08000024","Sunderland","394","Secondary",17.8882978723404,"14871.8244680851","4599951","4676134","76183","508351","228872","279479","157302","5184485","2187926","2270056","4457982","141969","153938","17397","1060","986","611","0","23975","15151","212","384","15158","19216","0","3178","32918","17016","3855","25855","15333","235699","2592",18,"16399","90.1947638000689","9.80523619993114","4.41455612273929","5.39068007719185","2.96920523446398","0.335558883862139","0.498699485098327","4.54623747585344","0.295747793657422","0.0499953225826673","0.020445618031492","0.0190182824330671","0.0117851628464544","0.462437445570775","0.00408912360629841","0.00740671445669146","0.292372337850336","0.292237319618053","28.1182970425739","Academic year"
"202526","Local authority","E92000001","England","E12000002","North West","E08000008","Tameside","357","Secondary",15.5927835051546,"13937.1855670103","4649184","4730066","80882","474883","210782","264101","172358","5204949","2199485","2304890","4504375","144809","126103","14764","3427","1720","53","0","26229","17559","1717","341","18869","22777","0","3471","41909","9700","3025","28066","27549","207136","1350",17,"12942","90.8763179043637","9.12368209563629","4.04964582746152","5.07403626817477","2.42275188479272","0.283653115525243","0.539217579269269","3.97959711036554","0.529284724980014","0.0259368535599484","0.065841183074032","0.0330454726837861","0.00101826165827946","0.50392424594362","0.0329878352314307","0.00655145708440179","0.362520362831605","0.337352008636396","25.1658615136876","Academic year"
"202526","Local authority","E92000001","England","E12000002","North West","E08000002","Bury","351","Secondary",13.8191489361702,"10840.8244680851","3575398","3641547","66149","354939","205137","149802","173085","3996486","1664403","1757082","3421485","153913","150373","13159","3735","1951","167","0","12618","15655","560","354","6565","6763","0","4812","33430","17673","3471","18169","19172","111379","1082",14,"9451","91.118722797978","8.88127720202198","5.13293428276741","3.74834291925456","3.76263047086866","0.329264258651225","0.45462438752444","2.78692331212971","0.479721435280894","0.0270737843195247","0.0934571020641634","0.0488178865133019","0.0041786709624405","0.315727366491463","0.0140123098141717","0.00885778156110143","0.164269310589353","0.391719125251533","25.6254126623138","Academic year"
"202526","Local authority","E92000001","England","E12000005","West Midlands","E08000030","Walsall","335","Secondary",18.7830687830688,"19106.9417989418","6143288","6227904","84616","644188","286834","357354","250051","6872092","2906926","3018698","5925624","217664","198409","21468","4236","6574","147","0","20264","24137","108","1764","9727","13762","0","9679","53114","5860","2201","28674","32387","293482","2811",19,"22884","90.6260277074288","9.37397229257117","4.17389639137544","5.20007590119573","2.88717031145683","0.312393955144954","0.417252854007193","4.27063549207432","0.471282980495605","0.0409045746186169","0.0616406183153543","0.0956622815876155","0.0021390866129266","0.294873817172413","0.00157157383806852","0.0256690393551192","0.141543506693449","0.351232201198703","28.7652518019503","Academic year"
"202526","Local authority","E92000001","England","E12000001","North East","E08000023","South Tyneside","393","Secondary",7.70899470899471,"8015.42328042328","2563189","2622136","58947","290886","198248","92638","72917","2913022","1231832","1264662","2496494","66695","145699","10660","778","463","0","0","10456","18952","213","229","10798","12692","0","9693","17724","13972","4866","12601","6222","72096","1719",8,"9474","90.0142875680307","9.98571243196928","6.80557853665369","3.18013389531559","5.00164434048215","0.365942996654334","0.432574831223382","2.47495556161265","0.213592619623195","0.0590108828563602","0.026707659605729","0.0158941470404274","0","0.358939959945376","0.00731199421082299","0.00786125199191767","0.370680345016275","0.650595841706654","27.8557114228457","Academic year"
"202526","Local authority","E92000001","England","E12000002","North West","E08000003","Manchester","352","Secondary",31.4734042553191,"33685.9840425532","11096111","11268097","171986","954700","444406","510294","490619","12222797","5203571","5468955","10672526","423585","310626","32568","13020","4880","297","0","27218","31492","850","1189","22266","45506","0","9830","75779","38549","2322","50552","67034","382683","10025",33,"37419","92.1891855031217","7.81081449687825","3.63587810547782","4.17493639140043","2.54136594103625","0.266452923991129","0.413587822819932","3.13089548979665","0.548434208634898","0.082018870148952","0.106522263275746","0.0399253951448265","0.00242988572910112","0.222682255133584","0.00695421841661937","0.0097277243498358","0.182167796781702","0.257649701619032","22.2550256313911","Academic year"
"202526","Local authority","E92000001","England","E12000008","South East","E06000040","Windsor and Maidenhead","868","Secondary",13.8412698412698,"9499.02116402116","3132953","3197792","64839","275868","196981","78887","113634","3473660","1492318","1533819","3026137","106816","150073","12488","2614","5278","236","0","4514","14929","403","959","5487","12537","0","7881","31951","8843","3627","8288","6818","60669","3112",14,"11990","92.0582901032341","7.94170989676595","5.67070467460834","2.27100522215761","4.32031344460886","0.359505535947675","0.238595602332986","1.74654399106418","0.196277125567845","0.089588503192598","0.0752520396354278","0.151943483242459","0.00679398674596823","0.129949390556358","0.0116015960111237","0.0276077681753539","0.157960191843761","0.429777237841355","22.7848101265823","Academic year"
"202526","Local authority","E92000001","England","E12000008","South East","E06000035","Medway","887","Secondary",19.281914893617,"18043","6020079","6146629","126550","512288","318622","193666","174762","6658917","2890908","2965846","5856754","163325","210074","23808","1741","9651","141","0","28522","34586","149","1331","8619","21628","0","11125","50354","32857","10586","16860","11437","163159","2210",20,"22908","92.3067369663866","7.69326303361342","4.78489219793549","2.90837083567793","3.15477727083849","0.357535617278305","0.253194325743961","2.45023327366898","0.1717546562001","0.0331885800648964","0.0261453927117578","0.14493347792141","0.00211746144305448","0.428327909778722","0.002237601099398","0.0199882353241526","0.129435462253096","0.519393769287108","22.8752436647173","Academic year"
"202526","Local authority","E92000001","England","E12000006","East of England","E06000031","Peterborough","874","Secondary",14.8677248677249,"15924.582010582","5355091","5447456","92365","498841","323224","175617","169803","5946297","2551935","2649479","5201414","153677","230771","16516","5721","4517","52","0","21493","23054","471","675","19954","12255","0","5164","41490","27187","6269","17625","16126","132072","9794",15,"18796","91.6108966639238","8.38910333607622","5.43571907020453","2.95338426587168","3.88091950334805","0.277752692137645","0.296402954645555","2.22107977452186","0.271193988460381","0.16470754824389","0.0962111377887785","0.0759632423338424","0.000874493823635113","0.361451841372875","0.00792089597946419","0.0113516025183404","0.335570187631058","0.387703473270844","24.0360320773371","Academic year"
"202526","Local authority","E92000001","England","E12000005","West Midlands","E10000031","Warwickshire","937","Secondary",38.5873015873016,"33524.6825396825","10890021","11121368","231347","1145585","762872","382713","422263","12266953","5176057","5327426","10503483","386538","563328","47851","2459","13310","27","0","36671","58786","351","1773","38316","52833","0","8670","116621","44360","8863","26028","35725","316347","4613",40,"40472","90.6612098375204","9.33879016247963","6.21892005292594","3.11987010955369","4.59224063220916","0.390080568499773","0.212179829824081","2.57885556421387","0.291229615047844","0.0376051004678994","0.0200457277369531","0.108502902065411","0.000220103557908798","0.298941391558279","0.00286134625281437","0.0144534669693444","0.312351404623463","0.479222509452836","24.3082895888014","Academic year"
"202526","Local authority","E92000001","England","E12000004","East Midlands","E06000015","Derby","831","Secondary",15.7319587628866,"17007.9484536082","5663077","5753952","90875","576063","350297","225766","211419","6330015","2697080","2776980","5474060","189017","249446","22092","6565","3486","2","0","22531","31453","151","1044","13527","26531","0","2876","41129","19037","1302","24164","22402","176144","3056",16,"20050","90.8995002381511","9.1004997618489","5.53390473798245","3.56659502386645","3.9406857645677","0.349003912313004","0.381736852124363","2.7826790299865","0.353901215084009","0.0482779266715798","0.103712234489176","0.0550709595474892","3.15955017484161e-05","0.355939124946781","0.00238546038200541","0.0164928519126732","0.213696176075412","0.496886658246465","26.9791006966434","Academic year"
"202526","Local authority","E92000001","England","E12000003","Yorkshire and The Humber","E08000016","Barnsley","370","Secondary",10.7830687830688,"12913.6560846561","4241591","4297632","56041","499713","264847","234866","119630","4797345","2031431","2105560","4136991","104600","162688","14479","324","1483","30","0","40325","15315","430","359","29414","19492","0","3842","24792","5199","2716","30266","15030","188409","1161",11,"13896","89.5835509015924","10.4164490984076","5.5206994702278","4.89574962817975","3.39120909586448","0.301812773523689","0.630890628045304","3.92735982090094","0.313298293118381","0.0242008861151324","0.00675373566003696","0.0309129320488729","0.000625345894447866","0.840569106453674","0.00896329115375275","0.00748330587022614","0.613130804642985","0.319239079115636","28.2741223460164","Academic year"
"202526","Local authority","E92000001","England","E12000007","London","E09000032","Wandsworth","212","Secondary",10.7671957671958,"9029.33333333333","2977471","3068948","91477","235733","146985","88748","136183","3304681","1390396","1458020","2848416","129055","106404","11538","5002","170","12","0","5809","14093","148","998","2811","34417","0","9509","33256","11804","2491","5511","7128","70636","5473",11,"12799","92.8666942437107","7.13330575628934","4.44778179800108","2.68552395828826","3.21979640394943","0.349141112258642","0.166763448574915","2.13745290392628","0.215694041270549","0.165613564516515","0.151361054213705","0.00514421815600356","0.000363121281600251","0.175780960401322","0.0044784958064031","0.0301995865864209","0.0850611602148589","0.426455685132695","20.3977101536607","Academic year"
"202526","Local authority","E92000001","England","E12000007","London","E09000030","Tower Hamlets","211","Secondary",18.6507936507937,"14341.8888888889","4357048","4449004","91956","317872","182970","134902","191333","4766876","2012791","2153257","4166048","191000","144378","10856","2086","448","2","0","6897","14626","17","304","3356","23460","0","6331","39316","13699","9150","19509","333","111665","3395",19,"19484","93.3316494911972","6.66835050880283","3.83836290266413","2.8299876061387","3.02877607892465","0.227738250376137","0.409261747106491","2.34251950333929","0.00698570720111033","0.0712206484918005","0.043760315980529","0.00939818866695924","4.1956199406068e-05","0.144685953651826","0.000356627694951578","0.00637734230972234","0.0704025026033822","0.306825686256576","18.8332276474318","Academic year"
"202526","Local authority","E92000001","England","E12000004","East Midlands","E06000017","Rutland","857","Secondary",2.96739130434783,"2818.0597826087","903412","918563","15151","76893","51984","24909","14301","995456","444504","446195","890699","12713","36650","4219","57","306","318","0","1112","4828","4","266","4224","1229","0","1381","9975","1338","1228","1255","1588","21984","82",4,"3259","92.2756003278899","7.72439967211007","5.22212935579272","2.50227031631735","3.68172978012087","0.42382586472933","0.126072875144657","2.20843512922721","0.159524881059535","0.00823743088594574","0.00572601903047448","0.0307396811109682","0.0319451588015944","0.111707599331362","0.000401825896875402","0.0267214221422142","0.424328147100424","0.48500385752861","19.8666666666667","Academic year"
"202526","Local authority","E92000001","England","E12000007","London","E09000019","Islington","206","Secondary",9.91534391534391,"6795.07407407407","2160646","2217153","56507","214029","89843","124186","78240","2431182","1028501","1060161","2088662","71984","55216","7203","4214","2260","4","0","8741","8688","66","338","3113","21560","0","4581","20365","9243","758","5808","6256","111148","974",11,"8278","91.1965044163703","8.80349558362969","3.69544526078261","5.10805032284708","2.27115863806165","0.296275638763367","0.238896141876667","4.57176797129956","0.257323392489744","0.0400628171811078","0.173331326079249","0.0929588981820366","0.000164529023331038","0.359537048234151","0.00271472888496213","0.0139027024714727","0.12804471240738","0.357357038675015","25.2949852507375","Academic year"
"202526","Local authority","E92000001","England","E12000004","East Midlands","E10000018","Leicestershire","855","Secondary",42.7765363128492,"38805.0726256983","12213592","12463379","249787","1150155","791151","359004","361763","13613534","5867119","6013445","11880564","333028","576262","56929","3976","4359","1792","0","28704","60944","647","2916","54622","55767","0","16859","119368","50593","7200","32657","28735","294357","3255",45,"44639","91.5513855549926","8.44861444500745","5.81150346412621","2.63711098088123","4.23300812265206","0.418179438197312","0.239886277876119","2.16223796113485","0.211076712336415","0.0239100295338448","0.0292062296241373","0.0320196063711304","0.0131633710982027","0.210848997769426","0.00475262338199618","0.0214198605593522","0.401233067034614","0.447672147437983","22.8833672382059","Academic year"
"202526","Local authority","E92000001","England","E12000006","East of England","E06000033","Southend-on-Sea","882","Secondary",11.9153439153439,"12033.3544973545","4019497","4079610","60113","349087","227191","121896","106155","4428697","1926485","1997853","3924338","95159","159342","14150","1903","13488","3","2","14324","13428","221","574","9756","4815","0","9106","26173","17859","2160","9237","10996","98697","2966",12,"15090","92.1176138263693","7.88238617363075","5.12997389525632","2.75241227837443","3.59794314219284","0.319507069460837","0.208571505343445","2.22857874449302","0.248289733978188","0.0669722945597768","0.0429697493416235","0.30455910621115","6.77400147266792e-05","0.323435990314984","0.00499018108486537","0.0129609228177046","0.220290527891161","0.303204305916616","22.1438429688698","Academic year"
"202526","Local authority","E92000001","England","E12000006","East of England","E06000055","Bedford","822","Secondary",13.7989417989418,"11683.164021164","3895557","3973568","78011","371959","245688","126271","131150","4345527","1861406","1916885","3778291","117266","181365","16298","2416","2681","60","0","15094","12957","200","495","14122","18736","0","8732","32492","15909","2142","14813","13884","92008","5566",15,"14271","91.440416777988","8.55958322201197","5.65381368013592","2.90576954187605","4.17360195897989","0.375052323918365","0.34087925354048","2.11730360897539","0.319500948906772","0.128085730453406","0.0555973993488017","0.0616956240290303","0.00138073011627819","0.347345672918383","0.00460243372092729","0.011391023459295","0.324977845034676","0.298168668610274","25.4511656726822","Academic year"
"202526","Local authority","E92000001","England","E12000006","East of England","E10000015","Hertfordshire","919","Secondary",79.7938144329897,"72280.4432989691","24174593","24731274","556681","2153450","1561126","592324","821076","26884724","11588940","11817927","23406867","767726","1046994","121209","12058","88035","825","0","55042","168517","8470","2370","57606","75957","2","64649","274003","125531","16539","59495","53350","469844","9635",82,"94841","91.9900609729153","8.00993902708467","5.80673991669024","2.20319911039444","3.89438254973345","0.45084710559052","0.221296673902994","1.74762441303098","0.198439827762413","0.0358381956980477","0.0448507487002656","0.327453612690984","0.00306865713034659","0.204733364567923","0.0315048798715583","0.00881541502899565","0.214270378970601","0.626813204405595","22.1613294272149","Academic year"
"202526","Local authority","E92000001","England","E12000007","London","E09000022","Lambeth","208","Secondary",15.8306878306878,"11636.9841269841","3780811","3867420","86609","318273","184238","134035","149647","4185693","1781033","1868001","3649034","131777","116854","16036","4783","8589","6","0","8970","21337","257","933","6473","18570","0","11387","40562","14189","1901","8307","17870","104046","3812",19,"15473","92.3961695231829","7.6038304768171","4.40161282731438","3.20221764950272","2.79174798533958","0.383114576248186","0.19846176009564","2.48575325519573","0.426930498725062","0.0910721354862863","0.114270205674425","0.205198995721855","0.000143345438855645","0.214301431089189","0.00613996296431678","0.0222902157420527","0.154645837618765","0.509760271477149","23.8110162187573","Academic year"
"202526","Local authority","E92000001","England","E12000008","South East","E06000043","Brighton and Hove","846","Secondary",9.95238095238095,"11420.0582010582","3111885","3216198","104313","383416","250759","132657","163295","3599614","1448363","1513220","2961583","150302","190094","12911","1638","3592","15","0","5064","25549","116","598","11182","28541","0","12151","37951","11126","14544","9457","12993","108690","1517",10,"12682","89.3484134687775","10.6515865312225","6.96627471723357","3.68531181398894","5.28095512463281","0.358677347071103","0.262722614146961","3.01949042313981","0.360955369103465","0.0421434075987036","0.0455048791342627","0.0997884773200682","0.000416711347383358","0.140681750876622","0.00322256775309797","0.0166128923823499","0.310644419096048","0.709770547619828","29.4150366181515","Academic year"
"202526","Local authority","E92000001","England","E12000006","East of England","E06000056","Central Bedfordshire","823","Secondary",26.7619047619048,"20873.0740740741","6617308","6743420","126112","574632","415317","159315","163153","7318052","3192107","3279284","6471391","145917","276182","29485","1274","7156","743","0","15997","35045","839","775","47821","13582","0","12488","74331","17264","8447","20981","17236","118263","2835",27,"23158","92.1477464221353","7.85225357786471","5.67523980425392","2.17701377361079","3.7739824751177","0.402907768351468","0.286701980253762","1.61604481629811","0.235527159413461","0.0387398176454608","0.017409004472775","0.097785585562934","0.0101529751360061","0.218596424294334","0.0114647996488683","0.0105902499736269","0.653466250308142","0.478884271388069","21.3531428571429","Academic year"
"202526","Local authority","E92000001","England","E12000006","East of England","E10000020","Norfolk","926","Secondary",52.2010582010582,"43434.7248677249","14428768","14711461","282693","1498604","994730","503874","384631","16210065","6959356","7125919","14085275","343493","725803","68910","1701","4320","1160","77","54944","86492","454","2826","48043","25648","0","26669","145799","72520","12057","57682","41138","399315","5739",55,"51719","90.7551018456743","9.24489815432572","6.13649605970118","3.10840209462454","4.47748358812873","0.425106253429582","0.35584064591968","2.46337692045035","0.25378059865892","0.0354039295955938","0.0104934804394677","0.0266501090526164","0.00715604780116551","0.338949905506239","0.00280072905321478","0.0174336130052532","0.29637759009603","0.533569729671041","24.826093352668","Academic year"
"202526","Local authority","E92000001","England","E12000009","South West","E10000013","Gloucestershire","916","Secondary",40.5449735449735,"35723.6666666667","11208220","11448746","240526","1086064","804876","281188","302473","12534810","5411991","5525003","10936994","271226","593956","52596","2334","17161","267","0","25459","71867","285","1705","39246","29892","0","22319","130628","49374","8313","31585","31247","210264","8092",41,"43767","91.335616574962","8.66438342503795","6.4211264470702","2.24325697796776","4.73845235787379","0.41959949931431","0.251978290855625","1.67744066324101","0.24928180004324","0.0645562238278841","0.0186201466157046","0.136906742104587","0.00213006818611531","0.203106389327002","0.00227366828855005","0.0136021208139573","0.313096090008544","0.573339364537636","23.9542703429724","Academic year"
"202526","Local authority","E92000001","England","E12000007","London","E09000007","Camden","202","Secondary",9.94708994708995,"6718.87830687831","2142921","2183244","40323","244660","152265","92395","140379","2427904","970928","1041617","2012545","130376","99768","10971","4754","6916","3","0","8884","13175","127","317","7350","10572","0","1685","20211","7699","156","5121","10003","75935","1336",10,"9701","89.922995307887","10.077004692113","6.27145883857022","3.80554585354281","4.10922342893294","0.451871243673555","0.210922672395614","3.12759483076761","0.412001462990299","0.0550268873892872","0.195806753479544","0.284854755377478","0.000123563369886124","0.365912326022775","0.00523084932517925","0.0130565294179671","0.302730256221004","0.542649132749895","31.2237430546144","Academic year"
"202526","Local authority","E92000001","England","E12000001","North East","E06000047","County Durham","840","Secondary",29.8936170212766,"25388.0265957447","8308655","8508786","200131","798353","482124","316229","198753","9307139","4020199","4102590","8122789","185866","362600","40269","723","1168","922","0","21305","39868","196","763","14309","63045","0","12407","83691","34755","6233","37726","12887","260384","5232",31,"30006","91.4221437973581","8.57785620264186","5.18015256890437","3.3977036337375","3.89593407813078","0.432667869256062","0.405344757395371","2.79768036127966","0.13846360304708","0.0562149120153895","0.00776823038744774","0.0125495063520594","0.00990637402106061","0.228910302081015","0.00210591031250312","0.0081980080022443","0.153742197253098","0.428359348667727","24.8323131620423","Academic year"
"202526","Local authority","E92000001","England","E12000009","South West","E06000030","Swindon","866","Secondary",13.6878306878307,"13215.3915343915","4383787","4454771","70984","411653","259148","152505","117980","4866424","2344615","1936160","4280775","103012","178303","20326","1517","2880","0","0","17186","20376","104","1052","17404","14677","0","4582","40889","8259","2577","9531","14968","125821","2185",14,"15295","91.540954918848","8.45904508115199","5.32522443584858","3.13382064530341","3.66394296921107","0.417678360948409","0.195852231535929","2.58549193411836","0.307576980550811","0.0448994990983112","0.0311727872458298","0.0591810331364468","0","0.353154595653811","0.00213709286326058","0.0216175162706743","0.357634271078722","0.418705809440361","24.0407310000674","Academic year"
"202526","Local authority","E92000001","England","E12000007","London","E09000016","Havering","311","Secondary",17.7830687830688,"15385.4444444444","5074658","5186224","111566","395136","262290","132846","198857","5581360","2404184","2485972","4890156","184502","190321","17610","3803","5147","727","0","7886","23214","740","1153","11689","14589","0","14792","48178","22327","11680","14229","14355","101965","2297",19,"17748","92.920435162756","7.07956483724397","4.69939226281766","2.3801725744263","3.40993951295025","0.315514498258489","0.254937864606476","1.82688448693508","0.257195378904066","0.0411548439806785","0.0681375148709275","0.0922176673785601","0.0130254991614947","0.141291728180945","0.0132584173033096","0.0206580475009675","0.209429243051873","0.41592013416085","20.3948549207299","Academic year"
"202526","Local authority","E92000001","England","E12000007","London","E09000005","Brent","304","Secondary",15.3762886597938,"16343.793814433","5535458","5626138","90680","420003","261341","158662","180703","6046141","2632240","2739340","5371580","163878","178076","24580","14374","7612","3","0","11431","22062","202","920","2081","24350","0","8032","37341","17898","3059","15370","16825","108751","17716",16,"21374","93.0533707368055","6.94662926319449","4.32244302605579","2.6241862371387","2.94528361148045","0.406540303972402","0.254211736047836","1.79868448321003","0.278276672674355","0.293013345206471","0.237738418604528","0.125898486323756","4.96184260340604e-05","0.189062742665115","0.00334097401962673","0.0152163173171119","0.0344186481922932","0.36489390505448","21.4068275712111","Academic year"
"202526","Local authority","E92000001","England","E12000002","North West","E06000064","Westmorland and Furness","943","Secondary",19.8306878306878,"11737.1851851852","3864432","3977877","113445","376946","275103","101843","94642","4354823","1884185","1894033","3778218","86214","199930","24893","1568","2458","89","1","10452","16594","197","829","18092","18103","0","11450","60183","20983","2726","16982","8428","74229","2204",20,"13879","91.344171737864","8.65582826213603","6.31720278872413","2.33862547341189","4.59100174679889","0.571619099100009","0.389958443776016","1.70452392669002","0.193532550002606","0.050610552943254","0.0360060558144384","0.0564431665764602","0.00204371107620218","0.240009754701856","0.00452372002260482","0.0190363649682203","0.415447424614043","0.381048782005606","22.7581250499082","Academic year"
"202526","Local authority","E92000001","England","E12000003","Yorkshire and The Humber","E06000011","East Riding of Yorkshire","811","Secondary",17.8412698412698,"17088.3174603175","5704646","5837468","132822","531001","343857","187144","166306","6368469","2749851","2800726","5550577","154069","257424","25996","546","872","192","0","17144","21653","334","950","18746","12133","0","10088","46096","22805","41700","14522","12237","158764","1621",18,"19444","91.6620305445469","8.33796945545311","5.3993667865856","2.93860266886751","4.04216460816564","0.408198579595818","0.228029688140117","2.49296966036892","0.192149792987922","0.0254535273705501","0.008573489169846","0.0136924588939665","0.00301485333445134","0.269201278988718","0.00524458861305598","0.0149172430610874","0.294356461498046","0.340003225264973","24.2890868118897","Academic year"
"202526","Local authority","E92000001","England","E12000007","London","E09000033","Westminster","213","Secondary",11.5238095238095,"8509.55026455026","2850702","2898395","47693","232580","135105","97475","120305","3130975","1336585","1408094","2744679","106023","85336","16845","4138","3992","2","0","7474","14282","69","526","2441","4793","0","2854","30949","8346","751","5804","14282","74582","2807",12,"12408","92.5716430185485","7.42835698145146","4.3151095106157","3.11324747083576","2.7255407660553","0.538011322351664","0.185373565742301","2.38206948314822","0.456151837686344","0.089652584258897","0.132163303763205","0.127500219580163","6.38778655211236e-05","0.238711583452439","0.00220378636047876","0.0167998786320555","0.0779629348685314","0.456151837686344","22.9317395407361","Academic year"
"202526","Local authority","E92000001","England","E12000003","Yorkshire and The Humber","E06000010","Kingston upon Hull, City of","810","Secondary",12.8148148148148,"15069.1058201058","4959811","5050629","90818","505983","221175","284808","231564","5556612","2320843","2425012","4745855","213956","131488","17615","1851","484","32","0","32584","21808","146","870","14297","15912","2","18535","32810","20999","2560","26283","17608","238980","1937",13,"16921","90.8940375898119","9.10596241018808","3.9803930884503","5.12556932173778","2.36633401792315","0.317009717432133","0.473004053549177","4.30082215565888","0.316883741387738","0.0348593711419836","0.0333116654536973","0.00871034364105322","0.000575890488664676","0.586400490082806","0.00262750035453258","0.0156570226605709","0.257297072388715","0.392469368024976","26.8604582321947","Academic year"
"202526","Local authority","E92000001","England","E12000005","West Midlands","E08000028","Sandwell","333","Secondary",21.8095238095238,"22812.7195767196","7339125","7443463","104338","663230","333277","329953","313329","8106693","3448490","3612647","7061137","277988","232917","20446","8258","5174","1026","0","17490","31009","70","1254","15633","16032","0","2069","48305","35451","2481","29350","35341","260424","4838",22,"25601","91.8187354572327","8.18126454276732","4.11113384952409","4.07013069324323","2.87314444990084","0.25221135178056","0.362046521312698","3.21245667006263","0.435948419410973","0.0596790824569279","0.101866445417385","0.0638238058354991","0.0126562088881372","0.215747654438129","0.000863484037202346","0.0154686997521677","0.192840656479775","0.382511092994394","25.370925814837","Academic year"
"202526","Local authority","E92000001","England","E12000001","North East","E06000005","Darlington","841","Secondary",7.70984455958549,"5865.90155440414","2000178","2040511","40333","196008","112842","83166","52266","2236519","962168","991483","1953651","46527","75770","9086","466","806","396","0","10244","7926","61","132","7955","10567","0","4289","15783","9143","551","10513","5739","65070","1844",9,"6709","91.236023481133","8.76397651886704","5.04542997399083","3.71854654487621","3.3878540714387","0.406256329590761","0.470060840082289","2.90943202360454","0.2566041245346","0.0824495566547836","0.0208359508682913","0.0360381467807785","0.0177060870039557","0.458033220375056","0.00272745279606388","0.00590202900131857","0.355686672011282","0.354390014124629","25.0571210967251","Academic year"
"202526","Local authority","E92000001","England","E12000003","Yorkshire and The Humber","E06000014","York","816","Secondary",8.94179894179894,"9344.99470899471","3032534","3100191","67657","339139","184643","154496","130489","3439330","1431209","1486222","2917431","115103","125160","14392","549","617","23","0","15461","16515","158","192","11576","10682","0","2267","35120","15211","4377","11505","15386","126625","980",9,"11347","90.1393876132852","9.86061238671485","5.3685746933269","4.49203769338796","3.63908086749454","0.418453594159328","0.334512826626116","3.68167637301451","0.447354571966051","0.0284939217812772","0.015962411283593","0.017939540550049","0.000668734898948342","0.449535229245231","0.00459391800147122","0.0055824826346992","0.336577182183739","0.480180732875298","24.0173809994075","Academic year"
"202526","Local authority","E92000001","England","E12000002","North West","E08000015","Wirral","344","Secondary",19.8359788359788,"18319.8941798942","5959409","6122699","163290","629123","362426","266697","227196","6751822","2821857","2931445","5753302","206107","255847","27871","1204","6223","2","0","10091","41268","200","945","18775","49679","0","10770","68346","31477","3018","25835","21089","218040","1733",21,"20944","90.6821743819668","9.31782561803318","5.36782515889785","3.95000045913533","3.78930309477945","0.412792280365211","0.382637456970874","3.22935053678844","0.312345319530047","0.0256671458459657","0.017832223657555","0.0921677141370137","2.96216339826494e-05","0.149455954259458","0.00296216339826494","0.0139962220568019","0.278073089012121","0.611212795597988","25.717618419718","Academic year"
"202526","Local authority","E92000001","England","E12000002","North West","E08000004","Oldham","353","Secondary",13.8677248677249,"16995.5343915344","5615575","5708759","93184","521249","243728","277521","247370","6230008","2638691","2752962","5391653","223922","177001","21446","2671","1732","70","0","15743","14282","249","943","9591","17454","0","6573","48529","19312","1316","37413","23448","216458","202",15,"14143","91.6332531194181","8.36674688058185","3.9121619105465","4.45458497003535","2.84110389585375","0.344237118154583","0.600528923879391","3.47444176636691","0.376371908350679","0.00324237143836733","0.0428731391677186","0.0278009273824367","0.00112359406280056","0.252696304723846","0.00399678459481914","0.015136417160299","0.153948437947431","0.229245291498823","24.9364555729815","Academic year"
"202526","Local authority","E92000001","England","E12000007","London","E09000010","Enfield","308","Secondary",20.5026455026455,"18807.4126984127","6263704","6365911","102207","506897","287897","219000","281000","6872808","2943019","3063656","6006675","257029","196786","26598","10911","7894","9","0","13585","25086","636","1035","5357","22216","0","7472","51720","17907","2892","13589","23971","176118","5322",21,"24420","92.6246011819332","7.37539881806679","4.1889283099426","3.18647050812419","2.86325472790743","0.387003390753823","0.197721222533788","2.56253339246491","0.348780294749977","0.0774355983755111","0.158756071754078","0.114858439228915","0.000130950842799624","0.197663022159211","0.00925385955784011","0.0150593469219568","0.0779448516530652","0.365003649163486","22.9814253222138","Academic year"
"202526","Local authority","E92000001","England","E12000007","London","E09000015","Harrow","310","Secondary",12.6613756613757,"12735.5396825397","4321712","4384912","63200","336004","241178","94826","134091","4720916","2075251","2122991","4198242","123470","167432","17583","10914","19230","114","0","5599","15855","370","1165","2916","2557","0","2589","36238","21106","710","10610","10621","65644","7951",13,"16454","92.8826524344004","7.11734756559956","5.1087119533582","2.00863561224135","3.54659985477395","0.372448906102121","0.224744519919439","1.39049286197848","0.224977525548008","0.168420704795425","0.231183948199883","0.407336203397815","0.00241478560516646","0.118599864941465","0.00783746205185604","0.0246774142984116","0.0617676739005735","0.335845840086966","22.6982806433722","Academic year"
"202526","Local authority","E92000001","England","E12000009","South West","E06000027","Torbay","880","Secondary",7.86170212765957,"7740.4414893617","2537335","2597979","60644","269809","184244","85565","83813","2867788","1221496","1242856","2464352","72983","149397","10489","232","2371","2","0","6927","8943","43","321","5519","3156","0","10839","33329","9492","3828","6242","10830","67062","1431",8,"9414","90.5917383014365","9.40826169856349","6.42460321334771","2.98365848521578","5.20948549892809","0.3657522801546","0.217659045926686","2.33845737551032","0.377642977793338","0.0498990859854355","0.0080898588040678","0.0826769621743309","6.97401621040328e-05","0.241545051447318","0.00149941348523671","0.0111932960176973","0.192447977326078","0.311843134848183","24.9316371418381","Academic year"
"202526","Local authority","E92000001","England","E12000008","South East","E10000016","Kent","886","Secondary",101.340425531915,"90100.8457446808","29464685","30038438","573753","2738706","1734991","1003715","1032719","32777144","13992786","14512838","28505624","959061","1215599","135607","7060","69569","702","0","67891","147968","1058","9071","80460","84612","0","53390","292723","133699","9329","86018","73658","823986","20053",104,"115278","91.6444642034706","8.35553579652944","5.2932952303593","3.06224056617013","3.70867882814927","0.413724270790646","0.262432870905409","2.51390420104937","0.224723667199314","0.0611798270160451","0.0215393995279149","0.212248510730526","0.00214173632699664","0.207129089709585","0.00322785902273853","0.0276747723962771","0.245475932863461","0.451436525403189","25.1518121469926","Academic year"
"202526","Local authority","E92000001","England","E12000008","South East","E06000060","Buckinghamshire","825","Secondary",36.5925925925926,"32924.037037037","10686764","10889304","202540","967805","752651","215154","366694","11857109","5105877","5237936","10343813","342951","532812","50365","8549","60457","254","0","14307","56471","1703","1507","26226","18042","0","31354","114587","31479","7078","28522","23743","154754","8135",37,"42817","91.8377658500061","8.1622341499939","6.3476771614396","1.81455698855429","4.49360801186866","0.424766273127792","0.240547674816855","1.30515794364377","0.200242740452163","0.0686086296415087","0.0721002058764915","0.509879769174763","0.00214217479151115","0.120661790323425","0.0143626916139508","0.0127096748456981","0.221183764103037","0.476262805714277","23.7353098666967","Academic year"
"202526","Local authority","E92000001","England","E12000006","East of England","E06000032","Luton","821","Secondary",12.8624338624339,"14945.8941798942","5032191","5128832","96641","423474","258641","164833","161826","5552306","2413589","2481719","4895308","136883","182468","21641","12913","1152","33","0","12184","21391","243","746","5870","23144","0","6578","39450","23759","3710","22165","24943","112689","5036",13,"16253","92.3730068191487","7.62699318085134","4.65826271102493","2.96873046982641","3.28634624964834","0.389765981918144","0.399203502112456","2.02958914728403","0.449236767570087","0.0907010528598388","0.232570034864793","0.0207481359997089","0.000594347645824996","0.219440355052477","0.00437655993743861","0.0134358589025893","0.105721838817961","0.385263348237651","23.2734723393998","Academic year"
"202526","Local authority","E92000001","England","E12000003","Yorkshire and The Humber","E08000018","Rotherham","372","Secondary",15.7989417989418,"16545.8835978836","5491451","5594767","103316","578837","255775","323062","192055","6173604","2610366","2706244","5316610","174841","153404","18142","2706","821","194","0","30745","15998","338","1174","32253","25027","0","4752","39417","33553","567","39721","17214","265826","301",17,"18166","90.6240017986252","9.37599820137476","4.14304189254769","5.23295630882706","2.48483705790005","0.293864005530643","0.643400516132878","4.30584792934565","0.278832267181374","0.00487559616716589","0.0438317715227605","0.013298553000808","0.00314241081870492","0.498007322789087","0.00547492194186734","0.019016444851338","0.522433897606649","0.25913550658578","25.229586743861","Academic year"
"202526","Regional","E92000001","England","E12000002","North West","","","","Secondary",451.580310880829,"409737.487046632","137756246","140295396","2539150","13511627","7704853","5806774","5294031","153807023","65136217","67898772","133034989","4721257","5460726","569955","72030","89735","3138","1","459256","632459","9289","16079","392185","472650","0","194701","1201007","562104","108688","666343","572774","4509497","58160",478,"452983","91.215208033771","8.78479196622901","5.00942860066929","3.77536336555971","3.55037493964109","0.370565003393896","0.433233143066556","2.93191878500893","0.372397819571607","0.0378136179126229","0.0468314115929544","0.0583425894668022","0.00204021893070513","0.298592347112784","0.00603938612087954","0.0104540089824117","0.254985105589099","0.411202939673307","24.5695840089958","Academic year"
"202526","Regional","E92000001","England","E12000001","North East","","","","Secondary",165.316062176166,"138531.523316062","46273531","47160674","887143","4810846","2565221","2245625","1476489","51971520","22084288","22858041","44942329","1331202","1722516","190180","15915","10946","2140","0","254953","202744","1874","3455","160461","184371","14","83561","399213","156548","63436","245183","145287","1832045","23110",173,"162819","90.7433032553214","9.25669674467862","4.93582061867731","4.32087612600132","3.31434601104605","0.365931186926994","0.471764150827222","3.52509412847652","0.279551184956684","0.0444666617408919","0.0306225409608955","0.0210615352408396","0.00411763981503716","0.490562908300546","0.00360582103428955","0.00664787175745485","0.308747945028354","0.390105965728922","25.6806802931764","Academic year"
"202526","Regional","E92000001","England","E12000003","Yorkshire and The Humber","","","","Secondary",308.487046632124,"302156.792746114","101542815","103308754","1765939","10552060","5536153","5015907","3582172","113860814","48230475","50089759","98320234","3222581","3688123","369899","60977","57878","2140","25","501498","412457","5702","14850","422594","378494","2","139244","836384","294052","117763","544247","359591","4070953","41116",331,"351614","90.732492040677","9.26750795932304","4.86221097980206","4.40529697952098","3.23915038935169","0.324869449817915","0.477993245331972","3.57537668754063","0.315816291283496","0.0361107553648791","0.0535539821452532","0.0508322380340615","0.00187948770505013","0.440448282760388","0.0050078686421476","0.0130422394485955","0.371149638891568","0.362246663720497","25.8708488055136","Academic year"
"202526","Regional","E92000001","England","E12000009","South West","","","","Secondary",324.455958549223,"279969.310880829","91687715","93731048","2043333","9662011","6418072","3243939","2823651","103393059","44275202","44907567","89182769","2504946","4563909","443142","18371","71735","3822","0","312168","491748","3059","18223","491895","325368","0","207056","977269","430168","103472","276600","318705","2595276","53358",341,"336262","90.6550680544233","9.34493194557673","6.20744957357341","3.13748237200333","4.41413480183423","0.428599370485789","0.26752279376897","2.51010660203022","0.308246030325885","0.0516069458782528","0.0177681172969261","0.0693808662726576","0.00369657309394434","0.30192355562282","0.00295861253123384","0.0176249742257843","0.475752439049124","0.475610263160895","25.9631287556115","Academic year"
"202526","Regional","E92000001","England","E12000006","East of England","","","","Secondary",382.931216931217,"354267.804232804","116807004","119145685","2338681","11105382","7306162","3799220","3620902","130251067","56060222","57459716","113519938","3287066","4968559","526795","51492","173806","7345","79","352668","666504","13058","17980","527876","319716","2","229734","1094903","550263","144063","373726","333836","3036675","54983",397,"424863","91.4738648551724","8.52613514482764","5.60929147705178","2.91684366777587","3.81460138057833","0.40444582308105","0.286927399988209","2.33140124679363","0.256301931100495","0.0422130898935362","0.0395328815233429","0.133439213975882","0.00563910927501269","0.270760161987771","0.0100252537662513","0.0138041095663347","0.405275758700695","0.511707132502799","23.4493930891221","Academic year"
"202526","Regional","E92000001","England","E12000005","West Midlands","","","","Secondary",410.450777202073,"346962.03626943","115273024","117296057","2023033","10947797","6612134","4335663","4434378","128243854","54634550","56631321","111265871","4007153","4748364","434033","94064","106567","3757","0","374967","530215","3085","19547","297527","281045","2","119471","1082279","481666","58570","457978","427225","3381990","68470",433,"412685","91.4632969467683","8.5367030532317","5.15590712050809","3.38079593272361","3.70260550653757","0.338443509347434","0.357114969423798","2.63715561760956","0.333134872880536","0.0533904728097145","0.073347764486242","0.083097159572263","0.00292957508903312","0.292385941551632","0.00240557336962128","0.0152420559662844","0.232000981505125","0.41344281496718","24.8954994494542","Academic year"
"202526","Regional","E92000001","England","E12000008","South East","","","","Secondary",497.305699481865,"481497.512953368","160724220","163915598","3191378","15295410","10301422","4993988","5496519","179211008","76955714","78728591","155684305","5039915","7111389","705425","72654","299701","6006","0","381591","886448","9777","37854","790555","542260","23","272931","1555724","700816","119624","466731","456604","3990669","79984",528,"578082","91.465139239661","8.53486076033901","5.74820827970568","2.78665248063333","3.96816528145414","0.393628163734228","0.260436568717922","2.22679903680917","0.25478568816487","0.0446311869413736","0.0405410364077635","0.167233588686695","0.00335135663094981","0.212928326367095","0.00545558005008264","0.0211225863982641","0.441130826070684","0.494639257874159","23.9298801259506","Academic year"
"202526","Regional","E92000001","England","E12000004","East Midlands","","","","Secondary",273.761658031088,"258714.450777202","87631037","89057394","1426357","8273214","5129462","3143752","2605705","97330608","42073868","43213173","85287041","2343996","3578467","362096","40088","56974","4075","3","311126","418334","3377","15803","339091","293821","0","114369","689130","290405","38632","318173","261709","2524498","39372",294,"314778","91.4998845995085","8.50011540049149","5.270142769477","3.22997263101449","3.67661013686465","0.372026855108107","0.326899221671357","2.59373495334582","0.268886638414917","0.0404518175823992","0.0411874546185923","0.0585365705308242","0.00418676106492626","0.319658950450613","0.00346961769724073","0.0162364135236883","0.348390919329303","0.429807240082174","23.9254975611733","Academic year"
"202526","Regional","E92000001","England","E12000007","London","","","","Secondary",493.560846560847,"441699.486772487","145341122","148231730","2890608","11650674","6965405","4685269","5149524","159882404","69097872","71543972","140641844","4699278","4844046","608307","208665","226368","1966","17","300601","565021","8738","30318","171357","560103","0","288864","1386881","525297","129463","381355","450246","3710716","142952",519,"571064","92.7129729673067","7.28702703269335","4.35658010246081","2.93044693023255","3.02975554458138","0.380471512049569","0.238522182841334","2.32090330590726","0.281610726843962","0.0894107146399925","0.130511547724789","0.141584060745046","0.00122965376477577","0.188013810450336","0.00546526683449168","0.018962687100952","0.107176897340123","0.353397863594796","21.625224206983","Academic year"
"202526","National","E92000001","England","","","","","","Secondary",3288.75647668394,"2995932.95854922","1002638583","1021737474","19098891","95760096","58514072","37246024","34471772","1117497570","478358082","493133177","971491259","31147324","40667874","4208192","634230","1093698","34323","125","3245599","4804425","57952","174075","3593473","3354980","41","1649233","9220579","3991116","882942","3730141","3324448","29630005","561430",3494,"3605150","91.4308452590192","8.56915474098078","5.23616995426666","3.33298478671412","3.6391912691139","0.376572809907766","0.333794103910221","2.65146035172139","0.297490400806867","0.0502399302756426","0.0567544858285464","0.0978702799326893","0.0030714160747571","0.290434546537761","0.00518587257420166","0.0155772150806556","0.321564278658789","0.429927109371701","24.2052177119649","Academic year"
"202526","Local authority","E92000001","England","E12000009","South West","E06000030","Swindon","866","Special",6.7989417989418,"827.428571428571","258214","262857","4643","35843","23778","12065","2126","298700","128095","129354","257449","765","15260","2749","100","56","0","0","12","2680","12","3","2906","3465","0","44","941","193","0","1336","1361","9331","37",7,"1004","88.0003347840643","11.9996652159357","7.96049548041513","4.03916973552059","5.10880482089053","0.920321392701707","0.44727150987613","3.12387010378306","0.455641111483093","0.012387010378306","0.033478406427854","0.0187479075995983","0","0.00401740877134248","0.00401740877134248","0.00100435219283562","0.972882490793438","0.897221292266488","33.8169642857143","Academic year"
"202526","Local authority","E92000001","England","E12000001","North East","E08000023","South Tyneside","393","Special",3.95555555555556,"620.838888888889","196145","199606","3461","23544","17916","5628","683","223150","98068","97538","195606","539","11640","1794","42","25","0","0","345","3526","0","28","516","2172","0","171","838","280","0","959","144","4496","29",4,"734","89.4492493838225","10.5507506161775","8.02868025991486","2.5220703562626","5.21622227201434","0.803943535738293","0.429755769661663","2.0147882590186","0.0645305848084248","0.0129957427739189","0.0188214205691239","0.0112032265292404","0","0.154604526103518","0","0.0125476137127493","0.231234595563522","1.58010306968407","27.3684210526316","Academic year"
"202526","Local authority","E92000001","England","E12000008","South East","E10000016","Kent","886","Special",26.7712765957447,"5637.29255319149","1713603","1745176","31573","312132","233033","79099","22515","2057308","848572","848674","1697246","16357","105426","22652","245","488","20","0","4336","43196","125","317","56228","16638","0","2652","8929","1961","1393","8053","6158","63897","991",27,"6733","84.8281346303033","15.1718653696967","11.327083742444","3.8447816272527","5.12446361944833","1.10105049900161","0.391433854337805","3.10585483554237","0.299323193221433","0.0481697441510945","0.0119087662129346","0.0237203180078044","0.00097214418064772","0.210760858364426","0.00607590112904825","0.0154084852632664","2.733086149473","2.09963700136295","41.8163672654691","Academic year"
"202526","Local authority","E92000001","England","E12000004","East Midlands","E06000016","Leicester","856","Special",7.92934782608696,"1291.96195652174","337019","341419","4400","80891","59210","21681","4717","422310","165706","167327","333033","3986","24601","4533","390","273","14","0","763","6811","3","41","21781","3105","0","31","852","401","11","1761","731","18960","229",8,"1291","80.8455873647321","19.1544126352679","14.0205062631716","5.13390637209633","5.82534157372546","1.07338211266605","0.416992256872913","4.48959295304397","0.173095593284554","0.0542255688948876","0.0923492221353982","0.0646444554947787","0.00331510028178352","0.180672965357202","0.000710378631810755","0.00970850796808032","5.15758565982335","1.61279628708768","53.1140657802659","Academic year"
"202526","Local authority","E92000001","England","E12000007","London","E09000011","Greenwich","203","Special",5,"518.179894179894","164454","167045","2591","24531","21148","3383","1986","191576","80753","81848","162601","1853","10498","2630","90","103","6","0","59","7726","3","6","27","1489","0","14","309","79","700","108","133","2730","412",5,"611","87.1951601453209","12.8048398546791","11.038961038961","1.76587881571804","5.47980957948804","1.37282331816094","0.056374493673529","1.42502192341421","0.0694241449868459","0.215058253643463","0.0469787447279409","0.0537645634108657","0.00313191631519606","0.0307971770994279","0.00156595815759803","0.00313191631519606","0.0140936234183823","4.03286424186746","37.0705244122966","Academic year"
"202526","Local authority","E92000001","England","E12000007","London","E09000012","Hackney","204","Special",2.98941798941799,"428.206349206349","137120","138025","905","15738","12614","3124","3362","153763","65622","68148","133770","3350","7895","1466","243","0","0","0","48","2010","3","0","949","564","0","0","341","0","0","727","12","2300","85",3,"519","89.7647678570267","10.2352321429733","8.20353401013248","2.0316981328408","5.13452521087648","0.95341532098099","0.472805551400532","1.49580848448586","0.00780421817992625","0.0552798787744776","0.158035418143507","0","0","0.031216872719705","0.00195105454498156","0","0.617183587729168","1.30720654513765","30.1587301587302","Academic year"
"202526","Local authority","E92000001","England","E12000004","East Midlands","E06000015","Derby","831","Special",6.88082901554404,"914.528497409326","275344","279372","4028","50128","36482","13646","2562","329500","136934","136459","273393","1951","15920","3522","248","17","8","0","397","4989","6","54","11321","1505","0","283","2213","10","17","1004","611","11842","189",7,"939","84.7866464339909","15.2133535660091","11.0719271623672","4.14142640364188","4.83156297420334","1.06889226100152","0.304704097116844","3.59393019726859","0.185432473444613","0.0573596358118361","0.0752655538694992","0.00515933232169955","0.00242792109256449","0.120485584218513","0.00182094081942337","0.0163884673748103","3.43581183611533","1.51411229135053","43.2165318957772","Academic year"
"202526","Local authority","E92000001","England","E12000003","Yorkshire and The Humber","E08000033","Calderdale","381","Special",3.88888888888889,"501.529100529101","161718","163715","1997","19377","17045","2332","804","183092","81517","79753","161270","448","11801","1516","169","0","1","0","45","3479","2","0","32","903","0","135","941","15","3","781","356","1176","19",4,"638","89.4167959277303","10.5832040722697","9.30952745068053","1.27367662158915","6.44539357263015","0.827999038734625","0.426561510060516","0.642300045878575","0.194437768990453","0.0103772966596028","0.0923033229196251","0","0.000546173508400149","0.0245778078780067","0.0010923470168003","0","0.0174775522688048","1.90013763572412","34.0782122905028","Academic year"
"202526","Local authority","E92000001","England","E12000009","South West","E06000066","Somerset","933","Special",8.84042553191489,"1118.03723404255","324238","334254","10016","75389","60379","15010","3524","409643","160721","161495","322216","2022","18851","3642","16","30","22","0","614","6017","19","37","31131","6517","0","219","1502","941","837","1643","1502","11494","371",9,"1196","81.5964144389139","18.4035855610861","14.7394194457125","3.66416611537363","4.60181182151288","0.889066821598319","0.401080941209785","2.80585778348464","0.366660726535056","0.090566664144145","0.00390583996308981","0.0073234499307934","0.00537052994924849","0.149886608583572","0.00463818495616915","0.00903225491464519","7.59954399318431","1.46883994111946","42.3045930701048","Academic year"
"202526","Local authority","E92000001","England","E12000001","North East","E06000047","County Durham","840","Special",8.98936170212766,"1681.73936170213","525613","535027","9414","80911","53204","27707","2320","615938","262225","262039","524264","1349","30432","5791","20","315","37","0","258","9583","0","25","6743","4781","0","25","3811","59","738","2535","971","23856","345",9,"1803","86.8637752501063","13.1362247498937","8.63788238426595","4.49834236562771","4.94075702424595","0.940192032314941","0.411567398017333","3.87311709944832","0.157645737070939","0.0560121310911163","0.00324708006325312","0.0511415109962366","0.00600709811701827","0.0418873328159652","0","0.0040588500790664","1.09475304332579","1.55583841230773","33.870040253019","Academic year"
"202526","Local authority","E92000001","England","E12000003","Yorkshire and The Humber","E08000032","Bradford","380","Special",7.85714285714286,"1328.97883597884","417101","422381","5280","70374","45960","24414","7335","492755","202771","209104","411875","5226","29724","5671","325","72","0","0","322","5869","2","112","3863","2632","0","2","2570","74","2","3761","2109","18504","40",8,"1642","85.7182575519274","14.2817424480726","9.32715040943268","4.95459203863989","6.03220667471664","1.15087619608122","0.763259632068675","3.75521303690475","0.428001745289241","0.008117624377226","0.0659556980649613","0.0146117238790068","0","0.0653468762366693","0.0004058812188613","0.0227293482562328","0.783959574230601","1.19105843674849","39.6421197522368","Academic year"
"202526","Local authority","E92000001","England","E12000004","East Midlands","E10000007","Derbyshire","830","Special",9.75773195876289,"1194.92783505155","403421","406887","3466","47746","35896","11850","3236","454633","201270","200106","401376","2045","21230","5321","36","0","2","0","400","4696","8","14","4189","1182","0","33","2157","59","35","2287","1191","8151","221",10,"1489","89.4979027039392","10.5020972960608","7.89559930757336","2.60649798848742","4.66970061566142","1.17039458200351","0.503043113896264","1.79287469233426","0.261969544665697","0.0486106375911999","0.00791847490173393","0","0.000439915272318551","0.0879830544637103","0.00175966108927421","0.00307940690622986","0.921402537871206","1.03292105940396","29.140625","Academic year"
"202526","Local authority","E92000001","England","E12000002","North West","E08000002","Bury","351","Special",3.97872340425532,"563.420212765957","161283","163693","2410","29120","24129","4991","2117","192813","79284","81141","160425","858","13262","1958","301","0","0","0","92","3289","16","31","5180","1504","0","22","559","38","287","1151","1259","2503","78",4,"603","84.8972838968327","15.1027161031673","12.5141976941389","2.58851840902844","6.87816692857847","1.01549169402478","0.59695145036901","1.29814898373035","0.652964271081307","0.0404537038477696","0.156109805874085","0","0","0.0477146250512154","0.00829819566108094","0.0160777540933443","2.68654084527496","1.70579784558095","47.7537437603993","Academic year"
"202526","Local authority","E92000001","England","E12000001","North East","E06000003","Redcar and Cleveland","807","Special",3.98404255319149,"454.723404255319","143791","145848","2057","21195","15439","5756","1676","167043","70776","71600","142376","1415","7051","1820","6","42","0","0","270","2988","0","12","3250","1691","0","40","304","22","0","1276","261","4181","38",4,"564","87.311650293637","12.688349706363","9.24253036643259","3.44581933993044","4.22106882658956","1.0895398190885","0.763875169866442","2.50294834264231","0.156247193836318","0.0227486335853642","0.00359188951347857","0.02514322659435","0","0.161635028106535","0","0.00718377902695713","1.94560681980089","1.78876097771233","34.1101694915254","Academic year"
"202526","Local authority","E92000001","England","E12000006","East of England","E10000015","Hertfordshire","919","Special",26.4226804123711,"2960.33505154639","948166","964067","15901","145594","113165","32429","11503","1109661","472392","466653","939045","9121","56933","12029","449","284","49","0","2005","29495","22","223","11676","5361","0","887","7715","951","987","3710","2382","25993","344",27,"3254","86.8794163262474","13.1205836737526","10.1981596181176","2.92242405563501","5.13066603223867","1.08402476071521","0.334336342360415","2.34242710161031","0.214660152965635","0.0310004586986476","0.0404628080107348","0.0255934019488835","0.00441576301230736","0.180685813054618","0.00198258747491351","0.0200962275866233","1.0522132435041","2.65801898057154","35.264483627204","Academic year"
"202526","Local authority","E92000001","England","E12000002","North West","E08000007","Stockport","356","Special",8.88659793814433,"920.268041237113","290977","295103","4126","46765","35897","10868","3567","341868","143346","145217","288563","2414","19239","2832","122","52","0","0","577","6067","18","13","6977","1802","0","3","1970","349","2","1331","1153","8340","44",9,"1085","86.3207436788468","13.6792563211532","10.5002515590813","3.17900476207191","5.62761065674471","0.828389904875566","0.389331554869131","2.43953806732423","0.337264675254777","0.0128704646237729","0.0356862882750067","0.0152105491008225","0","0.168778592907204","0.00526519007336165","0.00380263727520563","2.0408461745469","1.77466156528251","35.2331606217617","Academic year"
"202526","Local authority","E92000001","England","E12000007","London","E09000027","Richmond upon Thames","318","Special",2.97826086956522,"316.211956521739","102043","103580","1537","11580","8806","2774","2893","115160","49137","50442","99579","2464","4982","1128","85","2","0","0","87","1215","0","25","1282","644","0","21","534","338","0","286","429","1882","177",3,"364","89.9444251476207","10.0555748523793","7.64675234456409","2.40882250781521","4.32615491490101","0.979506773185134","0.24835012156999","1.63424800277874","0.372525182354984","0.153699201111497","0.0738103508162556","0.00173671413685307","0","0.0755470649531087","0","0.0217089267106634","1.11323376172282","1.05505383813824","29.6969696969697","Academic year"
"202526","Local authority","E92000001","England","E12000007","London","E09000018","Hounslow","313","Special",4.98412698412698,"850.761904761905","273951","275512","1561","32464","23587","8877","5919","307976","132485","136981","269466","4485","15912","3389","450","0","22","0","177","3071","7","19","540","109","0","63","1051","0","338","1291","1434","6053","99",5,"1006","89.4589188767956","10.5410811232044","7.65871366599995","2.88236745720446","5.1666363612749","1.10041042159129","0.419188508195444","1.96541288931605","0.465620697716705","0.0321453619762579","0.146115281710263","0","0.00714341377250175","0.0574720108060368","0.00227290438215965","0.00616931189443333","0.175338338052316","0.99715562251604","31.2138728323699","Academic year"
"202526","Local authority","E92000001","England","E12000005","West Midlands","E10000028","Staffordshire","860","Special",21.7195767195767,"2708.8835978836","884396","896450","12054","103056","77269","25787","9006","999506","439009","439100","878109","6287","50827","9516","270","168","30","0","739","11212","0","182","4325","5086","0","178","5935","583","272","4067","2719","18673","328",23,"3195","89.6893065174196","10.3106934825804","7.73071897517374","2.57997450740666","5.08521209477482","0.952070322739433","0.406901009098495","1.86822290211364","0.272034384986183","0.0328162112083369","0.0270133445922286","0.0168083033018311","0.00300148273246984","0.0739365246431737","0","0.0182089952436504","0.432713760597735","1.12175414654839","29.8245614035088","Academic year"
"202526","Local authority","E92000001","England","E12000002","North West","E06000050","Cheshire West and Chester","896","Special",9.83510638297872,"1058.62234042553","338091","345090","6999","44692","33057","11635","2702","389782","167569","168965","336534","1557","18140","3710","16","44","0","0","400","6539","3","20","4185","1234","0","883","2671","597","1614","1740","1145","8694","56",10,"1112","88.5341036784664","11.4658963215336","8.48089444869183","2.98500187284174","4.65388345280182","0.951814090953405","0.44640337419378","2.23047754898892","0.293753944512574","0.0143670051464665","0.00410485861327614","0.0112883611865094","0","0.102621465331903","0.000769660989989276","0.00513107326659517","1.07367708103504","1.67760440451329","32.4710080285459","Academic year"
"202526","Local authority","E92000001","England","E12000005","West Midlands","E08000030","Walsall","335","Special",6.92063492063492,"991.888888888889","315244","320118","4874","40953","27044","13909","3533","361071","157045","156631","313676","1568","19511","2714","252","0","0","0","543","3143","0","40","841","1403","0","1","3391","78","1","3089","1965","8785","70",7,"766","88.6579093862426","11.3420906137574","7.48993965175824","3.85215096199916","5.4036463742588","0.751652722040817","0.855510412079619","2.43303948530898","0.544214295803318","0.0193867688072429","0.0697923677060744","0","0","0.150385935176184","0","0.0110781536041388","0.232918179527018","0.870465919445206","34.8254252461952","Academic year"
"202526","Local authority","E92000001","England","E12000006","East of England","E06000034","Thurrock","883","Special",2.94179894179894,"438.100529100529","145594","146794","1200","17970","15349","2621","801","164764","72691","72391","145082","512","6496","2086","57","0","0","0","91","5243","5","6","1365","528","0","56","616","0","0","937","289","1384","11",3,"555","89.0934912966425","10.9065087033575","9.31574858585613","1.5907601175014","3.94260882231555","1.26605326406254","0.568692190041514","0.839989318054915","0.175402393726785","0.00667621567818213","0.0345949357869437","0","0","0.0552305115195067","0.00303464349008279","0.00364157218809934","0.8284576727926","3.18212716370081","28.3898305084746","Academic year"
"202526","Local authority","E92000001","England","E12000007","London","E09000004","Bexley","303","Special",6.82010582010582,"846.121693121693","265095","269660","4565","43841","32094","11747","4776","313501","129468","131330","260798","4297","21724","2740","63","262","0","0","918","4127","45","85","2130","2814","0","5","1016","26","704","1116","479","9811","341",7,"904","86.0156745911496","13.9843254088504","10.2372879193368","3.74703748951359","6.9294834785216","0.874000401912594","0.355979725742502","3.12949559969506","0.152790581210267","0.108771582865764","0.0200956296790122","0.0835723012047808","0","0.292822032465606","0.0143540211992944","0.0271131511542228","0.679423670099936","1.31642323309973","38.0434782608696","Academic year"
"202526","Local authority","E92000001","England","E12000002","North West","E10000017","Lancashire","888","Special",28.8783068783069,"3381","1077902","1102394","24492","143461","109721","33740","7521","1245855","534992","538347","1073339","4563","54310","12161","708","155","158","0","1074","19269","64","79","21743","16626","0","241","6176","514","935","4183","2958","25423","1176",29,"3860","88.484936047935","11.515063952065","8.80688362610416","2.70818032596089","4.35925529054344","0.976116803319809","0.335753358135578","2.04060665165689","0.2374273089565","0.0943930072119147","0.0568284431173772","0.0124412552022507","0.0126820536900362","0.0862058586272078","0.0051370344060906","0.00634102684501808","1.74522717330668","1.54664868704625","29.7883884970157","Academic year"
"202526","Local authority","E92000001","England","E12000001","North East","E06000057","Northumberland","929","Special",9.96276595744681,"1437.46808510638","428403","442712","14309","84588","66175","18413","3750","527300","213330","211993","425323","3080","24366","4685","14","25","2","0","1957","11329","13","8","23776","9157","0","44","4199","778","131","3162","670","14281","300",10,"1577","83.9582780201024","16.0417219798976","12.5497819078324","3.49194007206524","4.62089891902143","0.888488526455528","0.599658638346292","2.7083254314432","0.127062393324483","0.0568936089512611","0.00265503508439219","0.00474113407927176","0.000379290726341741","0.371135975725394","0.00246538972122132","0.00151716290536696","4.50900815475062","2.14849231936279","40.1726427622842","Academic year"
"202526","Local authority","E92000001","England","E12000002","North West","E08000011","Knowsley","340","Special",3.95238095238095,"696.296296296296","198872","201673","2801","37969","20801","17168","4063","239642","96435","99046","195481","3391","8953","1872","23","346","0","0","799","5310","1","1","3496","1858","0","56","565","316","6","1667","672","14816","13",4,"824","84.1559492910258","15.8440507089742","8.68003104631075","7.16401966266347","3.73598951769723","0.781165238146902","0.69562096794385","6.18255564550454","0.280418290616837","0.00542475859824238","0.00959764982765959","0.144382036537836","0","0.333414009230435","0.000417289122941721","0.000417289122941721","1.45884277380426","2.21580524282054","43.3701657458564","Academic year"
"202526","Local authority","E92000001","England","E12000009","South West","E06000026","Plymouth","879","Special",6.86528497409326,"710.683937823834","226334","231542","5208","35553","24328","11225","2123","267095","113181","111750","224931","1403","13867","2645","143","18","0","0","1250","3884","7","54","2460","3756","0","420","997","29","6","651","720","9616","238",7,"694","86.6890057844587","13.3109942155413","9.10836968119957","4.20262453434171","5.19178569422865","0.990284355753571","0.243733503060709","3.60021715120088","0.269567007993411","0.0891068720867107","0.053539002976469","0.00673917519983526","0","0.467998277766338","0.00262079035549149","0.0202175255995058","0.921020610644153","1.45416424867556","42.5142857142857","Academic year"
"202526","Local authority","E92000001","England","E12000005","West Midlands","E10000034","Worcestershire","885","Special",9.85714285714286,"1505.00529100529","475325","485172","9847","72693","58121","14572","7733","557865","233630","235589","469219","6106","25736","5621","127","20","130","0","664","13507","21","34","12261","6996","0","486","2225","130","10","2463","1627","10031","451",10,"1762","86.9694280874405","13.0305719125595","10.4184704184704","2.61210149408907","4.61330250150126","1.00759144237405","0.44150466510715","1.79810527636615","0.291647620840167","0.0808439317756088","0.0227653643802712","0.00358509675279862","0.023303128893191","0.119025212192914","0.00376435159043855","0.00609466447975765","2.19784356430319","2.42119509200255","35.8944281524927","Academic year"
"202526","Local authority","E92000001","England","E12000006","East of England","E06000032","Luton","821","Special",3.96296296296296,"923.708994708995","270083","271640","1557","40504","33899","6605","6157","312144","130113","135455","265568","4515","19485","2947","909","0","0","0","398","5054","1","0","5105","1284","0","15","118","138","2","1324","1642","3345","294",4,"808","87.0239376697934","12.9760623302066","10.8600517709775","2.11601055922907","6.24231124096571","0.944115536419089","0.424163206725101","1.07162079040443","0.526039263929469","0.0941872981700753","0.291211748423804","0","0","0.12750525398534","0.000320364959762161","0","1.63546311958583","1.61912450663796","38.3826879271071","Academic year"
"202526","Local authority","E92000001","England","E12000007","London","E09000007","Camden","202","Special",2.97354497354497,"283.301587301587","86053","87617","1564","15721","12173","3548","2851","103338","40909","43093","84002","2051","6720","1662","237","71","0","0","112","2650","0","2","719","1118","0","52","358","0","36","106","800","2532","110",5,"388","84.7868160792738","15.2131839207262","11.7797905901024","3.43339333062378","6.50293212564594","1.60831446321779","0.102576012696201","2.45021192591302","0.774158586386421","0.106446805628133","0.229344481216977","0.0687065745417949","0","0.108382202094099","0","0.00193539646596605","0.695775029514796","2.56440031740502","43.3447098976109","Academic year"
"202526","Local authority","E92000001","England","E12000007","London","E09000028","Southwark","210","Special",7.85714285714286,"607.275132275132","189515","192880","3365","31258","20700","10558","5840","224138","90810","95167","185977","3538","10599","2259","237","99","4","0","273","6337","23","2","867","2176","0","2","524","65","598","338","2302","7547","371",10,"914","86.0541273679608","13.9458726320392","9.23538177372868","4.71049085831051","4.72878316037441","1.00786122835039","0.150799953600014","3.36712204088553","1.02704583783205","0.165523025992915","0.10573842900356","0.0441692171787024","0.00178461483550313","0.121799962523088","0.010261535304143","0.000892307417751564","0.386815265595303","2.82727605314583","40.2694610778443","Academic year"
"202526","Local authority","E92000001","England","E12000008","South East","E06000039","Slough","871","Special",2,"347.925925925926","112931","113235","304","15068","12065","3003","2072","128303","54939","56488","111427","1504","7711","2060","263","0","58","0","67","1822","0","0","84","3","0","11","290","0","0","473","568","1958","4",2,"397","88.2559254265294","11.7440745734706","9.40352135180004","2.34055322167058","6.00999197212848","1.60557430457589","0.368658566050677","1.52607499434931","0.442702041261701","0.00311762000888522","0.204983515584203","0","0.0452054901288356","0.0522201351488274","0","0","0.0654700201865896","1.42007591404722","39.0501319261214","Academic year"
"202526","Local authority","E92000001","England","E12000003","Yorkshire and The Humber","E06000065","North Yorkshire","815","Special",10.8888888888889,"1250.2962962963","375050","380517","5467","69739","46199","23540","2754","450256","188207","185592","373799","1251","22113","4520","34","26","4","0","723","7935","5","53","10786","2955","0","23","1423","1024","42","2229","1503","19765","43",11,"1297","84.5112558189119","15.4887441810881","10.2606072989588","5.22813688212928","4.91120606943605","1.00387335204861","0.495051703919548","4.38972495646921","0.333810099143598","0.00955012259692264","0.0075512597277993","0.00577449273302299","0.000888383497388153","0.160575317152909","0.00111047937173519","0.011771081340393","2.39552610070715","1.76233076294375","38.1663113006397","Academic year"
"202526","Local authority","E92000001","England","E12000006","East of England","E06000033","Southend-on-Sea","882","Special",5,"599.507936507937","187600","190721","3121","25653","18395","7258","1326","216374","93317","93393","186710","890","11854","1666","72","0","0","0","101","3242","0","16","1444","1241","0","21","1319","540","0","252","436","6540","30",5,"717","88.1441393143354","11.8558606856646","8.50148354238494","3.35437714327969","5.47847708134988","0.769963119413608","0.116465009659201","3.02254429829832","0.201502953219888","0.0138648821022859","0.0332757170454861","0","0","0.046678436411029","0","0.00739460378788579","0.667362991856693","1.49833159252036","33.9837398373984","Academic year"
"202526","Local authority","E92000001","England","E12000004","East Midlands","E06000061","North Northamptonshire","940","Special",7.91534391534392,"1191.69841269841","381807","385442","3635","50692","37805","12887","4426","436134","188312","189971","378283","3524","20458","4533","123","0","4","0","212","8551","2","38","3884","1473","0","80","1968","29","85","1708","902","9749","528",8,"1353","88.3769667120656","11.6230332879344","8.66820747751838","2.95482581041606","4.69076017921098","1.03935946291736","0.391622758143139","2.23532217162615","0.206817170869503","0.12106370977727","0.028202341482205","0","0.000917149316494472","0.048608913774207","0.000458574658247236","0.00871291850669748","0.890551986316132","1.96063595133606","33.6791699920192","Academic year"
"202526","Local authority","E92000001","England","E12000003","Yorkshire and The Humber","E08000036","Wakefield","384","Special",3.97883597883598,"565.603174603175","167990","171036","3046","31367","22412","8955","527","202403","84111","83696","167807","183","9247","2363","60","0","6","0","334","4754","2","0","5646","2550","0","0","473","23","0","493","344","8106","12",4,"691","84.5027000587936","15.4972999412064","11.0729584047667","4.42434153643968","4.56860817280376","1.16747281413813","0.243573464820185","4.00488135057287","0.169957955168649","0.00592876587797612","0.0296438293898806","0","0.00296438293898806","0.165017316937002","0.000988127646329353","0","2.78948434558776","2.34877941532487","38.3015597920277","Academic year"
"202526","Local authority","E92000001","England","E12000005","West Midlands","E06000021","Stoke-on-Trent","861","Special",4.96825396825397,"909.460317460317","283866","288091","4225","48064","30945","17119","2992","336155","140041","141314","281355","2511","17273","2501","196","0","2","0","1104","3803","13","8","6045","2619","0","23","1388","95","100","1329","481","14978","331",5,"982","85.7018339753983","14.2981660246017","9.20557480923978","5.09259121536196","5.13840341509125","0.744002022876352","0.395353334027458","4.45568264639824","0.14308875369993","0.0984664812363344","0.0583064360190983","0","0.000594963632847942","0.328419925332064","0.00386726361351162","0.00237985453139177","1.79827758028291","1.13132334786036","37.4613003095975","Academic year"
"202526","Local authority","E92000001","England","E12000007","London","E09000033","Westminster","213","Special",3,"276.375661375661","86625","87474","849","11173","8012","3161","1888","98647","42214","43170","85384","1241","4702","1317","235","0","0","0","18","1645","4","0","91","3","0","0","840","6","0","558","647","1929","27",3,"331","88.6737559175646","11.3262440824354","8.12188916033939","3.20435492209596","4.76649061806238","1.33506340790901","0.565653289000172","1.95545733778017","0.655873974880128","0.0273703204354922","0.238223159345951","0","0","0.0182468802903281","0.00405486228673959","0","0.0922481170233256","1.66756211542166","36.6548042704626","Academic year"
"202526","Local authority","E92000001","England","E12000003","Yorkshire and The Humber","E06000010","Kingston upon Hull, City of","810","Special",5.92592592592593,"737.814814814815","230402","243652","13250","29174","18949","10225","1186","272826","115467","114080","229547","855","11277","2434","66","0","0","0","724","2783","8","6","1651","11775","0","66","983","246","180","1345","331","8502","47",6,"764","89.3067376276455","10.6932623723545","6.9454524128932","3.74780995946134","4.13340370785776","0.892143710643414","0.49298820493648","3.11627190956874","0.121322747831951","0.0172270971241744","0.0241912427701172","0","0","0.265370602508559","0.0029322718509233","0.00219920388819247","0.605147603234296","1.02006407013994","32.3788546255507","Academic year"
"202526","Local authority","E92000001","England","E12000005","West Midlands","E08000029","Solihull","334","Special",5.98941798941799,"746.068783068783","221494","224497","3003","42048","30177","11871","3871","266545","108781","110433","219214","2280","16473","2565","128","2","0","0","425","7557","2","40","2985","1649","0","7","1327","17","3","1125","1591","9130","25",6,"859","84.2248025661708","15.7751974338292","11.3215404528316","4.45365698099758","6.18019471383819","0.962314055787953","0.42206756832805","3.42531279896453","0.596897334408824","0.00937927929617888","0.0480219099964359","0.000750342343694311","0","0.159447748035041","0.000750342343694311","0.0150068468738862","1.11988594796376","2.83516854564895","40.979381443299","Academic year"
"202526","Local authority","E92000001","England","E12000009","South West","E10000008","Devon","878","Special",13.7765957446809,"1667.0585106383","518742","534529","15787","79795","57688","22107","4277","614324","259603","255973","515576","3166","32508","4758","36","65","16","0","1484","8854","94","91","9782","8219","0","158","6782","544","84","1510","1111","19278","208",13,"1470","87.0109258306692","12.9890741693308","9.39048450003581","3.59858966929503","5.29167019357863","0.774509867757079","0.245798633945605","3.13808348688965","0.180849193585144","0.0338583548746264","0.00586009988214688","0.0105807358983208","0.00260448883650972","0.241566339586277","0.0153013719144946","0.0148130302576491","1.59231936242113","1.44125900990357","34.4982526210684","Academic year"
"202526","Local authority","E92000001","England","E12000008","South East","E06000042","Milton Keynes","826","Special",5.98941798941799,"870.608465608466","269095","270958","1863","46036","36894","9142","3693","316994","132081","134452","266533","2562","13955","3028","185","266","0","0","1298","7857","2","11","10292","1015","0","58","680","98","12","910","1131","7054","47",6,"1042","85.4773276465801","14.5226723534199","11.6387060953835","2.88396625803643","4.40229152602257","0.95522312725162","0.28707167959015","2.22527871189991","0.356789087490615","0.014826779055755","0.058360726070525","0.08391326018789","0","0.40947147264617","0.00063092676833","0.003470097225815","3.24674914982618","2.4785958093844","34.9944629014396","Academic year"
"202526","Local authority","E92000001","England","E12000005","West Midlands","E10000031","Warwickshire","937","Special",10.9259259259259,"1454.21693121693","452514","458975","6461","69111","50445","18666","7608","528086","221616","225220","446836","5678","26112","4351","76","4","17","0","725","13202","33","42","5883","3423","0","73","2167","37","761","1625","1930","14778","333",11,"1482","86.9129270611226","13.0870729388774","9.55242138591063","3.53465155296675","4.94464916699174","0.823918831402461","0.307715031263847","2.79840783508747","0.365470775593369","0.0630579110220684","0.0143915953083399","0.00075745238464947","0.00321917263476025","0.137288244717716","0.00624898217335813","0.00795325003881944","1.11402309472321","2.49997159553558","33.6950314106225","Academic year"
"202526","Local authority","E92000001","England","E12000006","East of England","E10000003","Cambridgeshire","873","Special",12.8306878306878,"1646.95238095238","524993","533930","8937","79555","60356","19199","4472","613485","260323","262137","522460","2533","29464","5632","113","16","0","0","1535","8692","15","80","14809","3452","0","78","1811","563","3033","1690","1939","15461","109",13,"1886","87.0322827779","12.9677172221","9.83821935336642","3.12949786873355","4.80272541300928","0.918033855758494","0.275475357995713","2.52019201773474","0.316063147428218","0.0177673455748714","0.0184193582565181","0.00260805072658663","0","0.250209866581905","0.00244504755617497","0.0130402536329332","2.41391395062634","1.41682355721819","35.0568181818182","Academic year"
"202526","Local authority","E92000001","England","E12000007","London","E09000017","Hillingdon","312","Special",8.55026455026455,"1088.75132275132","330873","335575","4702","46756","31442","15314","4825","382331","161810","165102","326912","3961","18609","4042","466","27","16","0","67","6137","12","32","2034","3253","0","13","1255","31","150","1613","864","12324","513",9,"1116","87.7708059247092","12.2291940752908","8.22376422523939","4.00542985005139","4.86724853595445","1.05719912850384","0.421885748212936","3.2233849727069","0.225982198670785","0.134176930460779","0.121883917338641","0.00706194370846204","0.00418485553094047","0.0175240825358132","0.00313864164820535","0.00836971106188094","0.531999759370807","1.60515364958635","35.0039154267815","Academic year"
"202526","Local authority","E92000001","England","E12000008","South East","E06000038","Reading","870","Special",3.95238095238095,"371.989417989418","105928","108504","2576","22002","15595","6407","1516","130506","52257","52936","105193","735","5514","1073","93","218","0","0","1116","1902","19","8","5652","1907","0","12","346","233","78","379","781","5155","92",4,"421","83.1410050112638","16.8589949887361","11.9496421620462","4.90935282668996","4.22509309916785","0.822184420639664","0.290408103841969","3.95000996122784","0.598439918471181","0.070494843148974","0.0712610914440715","0.167042128331264","0","0.855133097328858","0.0145587176068533","0.00612998636078035","4.33083536389131","1.45740425727553","44.1326530612245","Academic year"
"202526","Local authority","E92000001","England","E12000007","London","E09000010","Enfield","308","Special",6.93650793650794,"1002.56613756614","295315","304188","8873","45647","33282","12365","7680","349835","149918","138709","288627","6688","17764","4110","419","134","2","0","713","7818","34","21","2267","5037","0","35","2932","692","177","1015","992","10223","135",7,"1295","86.9518487286864","13.0481512713136","9.51362785313076","3.53452341818286","5.07782240198951","1.17483956722455","0.290136778767133","2.92223476781911","0.283562250775366","0.0385896208212443","0.119770749067417","0.038303771778124","0.000571698086240656","0.203810367744794","0.00971886746609116","0.00600282990552689","0.648019780753784","2.23476781911473","38.7656702025072","Academic year"
"202526","Local authority","E92000001","England","E12000009","South West","E06000023","Bristol, City of","801","Special",10.8191489361702,"1151.21276595745","345383","355442","10059","63526","41485","22041","5125","418968","170171","171608","341779","3604","19630","4258","348","360","0","0","1522","7307","15","24","8021","8377","0","91","1329","210","52","2735","1521","17413","372",11,"1361","84.8375054896794","15.1624945103206","9.90171087051995","5.26078363980065","4.6853220293674","1.01630673464322","0.652794485497699","4.15616467128755","0.363034885719196","0.0887895972962136","0.0830612361803288","0.0859254167382712","0","0.363273567432358","0.00358022569742797","0.00572836111588475","1.91446602127131","1.74404727807374","42.7309236947791","Academic year"
"202526","Local authority","E92000001","England","E12000009","South West","E06000058","Bournemouth, Christchurch and Poole","839","Special",7.87830687830688,"1085.28571428571","349749","356151","6402","48241","36302","11939","3927","404392","173120","174438","347558","2191","19789","4203","33","37","18","0","743","4586","5","110","6778","4206","0","38","1243","619","296","1569","1736","8239","395",8,"1333","88.0707333478407","11.9292666521593","8.97693327266613","2.95233337949317","4.89351915962729","1.03933806801321","0.38798987121407","2.03737957229619","0.429286434944311","0.0976775010385962","0.00816039882094601","0.00914953807196977","0.00445112662960692","0.183732615877663","0.0012364240637797","0.0272013294031534","1.67609646085976","1.13404815129874","35.7993197278912","Academic year"
"202526","Local authority","E92000001","England","E12000004","East Midlands","E06000018","Nottingham","892","Special",5.94708994708995,"614.492063492063","197176","199324","2148","29316","18743","10573","2321","228640","97251","98531","195782","1394","9590","2303","138","0","0","0","330","2551","0","28","3803","224","0","13","908","54","949","1150","927","8301","195",6,"745","87.1780965710287","12.8219034289713","8.19760321903429","4.62430020993702","4.194366689993","1.00726032190343","0.50297410776767","3.63059832050385","0.405440867739678","0.0852869139258222","0.0603568929321204","0","0","0.144331700489853","0","0.0122463261021693","1.66331350594822","1.1157277816655","34.5921450151057","Academic year"
"202526","Local authority","E92000001","England","E12000002","North West","E08000014","Sefton","343","Special",5.92063492063492,"798.084656084656","250517","255786","5269","37649","27495","10154","2159","293435","124870","123972","248842","1675","13716","3119","6","223","0","0","306","3415","38","11","6661","2737","0","229","1872","431","0","1813","484","7273","584",6,"821","87.1695605500366","12.8304394499634","9.37004788113211","3.46039156883126","4.67428902482662","1.06292705369162","0.617854039225041","2.47857276739312","0.1649428323138","0.199021929899296","0.00204474585512976","0.0759963876156559","0","0.104282038611618","0.0129500570824885","0.00374870073440455","2.27000869016988","1.16380118254469","32.4034334763949","Academic year"
"202526","Local authority","E92000001","England","E12000003","Yorkshire and The Humber","E08000017","Doncaster","371","Special",6.84656084656085,"809.206349206349","262493","265027","2534","33211","23809","9402","945","298238","131437","130373","261810","683","12726","3600","23","3","94","0","188","3839","2","70","3264","151","0","15","1654","25","689","2139","262","6920","81",7,"923","88.8642627700025","11.1357372299975","7.98322145400653","3.15251577599099","4.26706187675615","1.20708963981786","0.717212427658447","2.32029452987212","0.0878493015645223","0.0271595168959019","0.00771196158772524","0.00100590803318155","0.0315184517063553","0.0630369034127106","0.000670605355454369","0.0234711874409029","1.09442794010153","1.28722697979466","32.4510932105869","Academic year"
"202526","Local authority","E92000001","England","E12000003","Yorkshire and The Humber","E08000019","Sheffield","373","Special",12.9047619047619,"1746.24338624339","481831","489387","7556","114265","80770","33495","2981","603652","241356","239079","480435","1396","42666","6945","578","2","13","0","1089","6887","19","15","22556","4151","0","132","2888","30","355","3778","1585","27538","594",13,"1332","81.0710475572018","18.9289524427982","13.3802256929489","5.54872674984925","7.06797956438478","1.15049730639508","0.625857282010165","4.56189990259289","0.262568499731633","0.098401065514568","0.0957505317633338","0.000331316718904269","0.00215355867287775","0.180401953443375","0.00314750882959056","0.00248487539178202","3.73658995580235","1.14088912154685","35.875486381323","Academic year"
"202526","Local authority","E92000001","England","E12000004","East Midlands","E06000062","West Northamptonshire","941","Special",8.83597883597884,"1113.24867724868","350459","356380","5921","52566","40258","12308","4864","408946","171630","175177","346807","3652","19675","3750","196","143","1","0","978","6165","67","54","9229","3960","0","181","1405","107","268","1387","1212","9213","496",9,"1240","87.1459801538589","12.8540198461411","9.84433152543368","3.00968832070738","4.81114866021431","0.916991485428394","0.339164584077115","2.25286468140048","0.296371648090457","0.121287407139329","0.0479280883050574","0.0349679419776694","0.000244531062780905","0.239151379399725","0.0163835812063206","0.0132046773901689","2.25677717840497","1.50753400204428","33.6378737541528","Academic year"
"202526","Local authority","E92000001","England","E12000008","South East","E10000011","East Sussex","845","Special",14.8677248677249,"1638.03703703704","499261","506419","7158","90608","61301","29307","3766","597027","248013","248651","496664","2597","33624","5541","51","539","0","0","1173","10347","82","78","9866","2697","0","261","1984","857","1359","2764","1169","25166","208",15,"1696","84.823466945381","15.176533054619","10.2677098355686","4.90882321905039","5.63190609469923","0.928098729203202","0.462960636621124","4.21521974718061","0.195803539873406","0.034839295375251","0.00854232723143174","0.0902806740733669","0","0.19647352632293","0.0137347222152432","0.0130647357657191","1.65252157775109","1.73308744830636","39.7831050228311","Academic year"
"202526","Local authority","E92000001","England","E12000001","North East","E08000021","Newcastle upon Tyne","391","Special",5.93085106382979,"981.170212765957","289225","293440","4215","64467","30343","34124","3519","357907","142349","144376","286725","2500","14936","3355","246","0","0","0","2554","3049","1","0","6202","1696","0","95","1519","346","559","2796","1019","29997","312",6,"1100","81.9877789481625","18.0122210518375","8.47790068369716","9.53432036814033","4.17315112585113","0.937394351046501","0.781208526237263","8.38122752558626","0.28471083270235","0.0871734836144585","0.0687329390037077","0","0","0.713593195997843","0.000279402191071982","0","1.73285238902843","0.851897280578474","38.7814313346228","Academic year"
"202526","Local authority","E92000001","England","E12000005","West Midlands","E08000028","Sandwell","333","Special",5.95767195767196,"929.650793650794","282243","287496","5253","46423","30983","15440","4175","333919","140400","139958","280358","1885","16754","2644","310","10","0","0","740","4272","15","11","6227","1238","0","4","2955","687","369","1627","2290","11421","102",6,"1062","86.0975266456835","13.9024733543165","9.27859750418515","4.62387585013132","5.01738445551167","0.791808791952539","0.487243912445833","3.42029054950452","0.685795058082948","0.0305463300980178","0.0928368855920148","0.0029947382449037","0","0.221610630122874","0.00449210736735556","0.00329421206939407","1.86482350510154","1.27935217822286","38.1538461538462","Academic year"
"202526","Local authority","E92000001","England","E12000005","West Midlands","E08000025","Birmingham","330","Special",26.7301587301587,"4279.4126984127","1272279","1287470","15191","232207","161687","70520","25659","1519677","621014","637314","1258328","13951","88616","17215","2276","270","14","0","3068","40113","14","128","9973","5587","0","208","7918","508","970","8810","11708","49406","596",26,"4814","84.7199766792549","15.2800233207451","10.6395635388309","4.64045978191418","5.83123913831689","1.13280651085724","0.579728455454679","3.25108559253052","0.770426873605378","0.0392188603236082","0.149768667947202","0.0177669333680776","0.000921248396863281","0.201885005826896","0.000921248396863281","0.00842284248560714","0.65625787585125","2.63957406738406","48.3594604447685","Academic year"
"202526","Local authority","E92000001","England","E12000008","South East","E06000035","Medway","887","Special",4.8936170212766,"990.792553191489","310173","313220","3047","48273","33291","14982","4788","361493","152623","154095","306718","3455","17815","3373","60","154","16","0","648","5631","7","21","5566","727","0","69","1009","476","766","1567","1333","11667","415",5,"1182","86.6462144495191","13.3537855504809","9.20930695753445","4.14447859294647","4.92817288301572","0.933074775998429","0.433480039724144","3.22744838765896","0.368748495821496","0.114801669741876","0.0165978317699098","0.0426011015427685","0.00442608847197594","0.179256583115026","0.00193641370648948","0.00580924111946843","1.53972552718863","1.55770651160603","35.5597365945437","Academic year"
"202526","Local authority","E92000001","England","E12000002","North West","E08000012","Liverpool","341","Special",12.8888888888889,"2000.03703703704","620538","630912","10374","100777","58977","41800","6235","731689","307693","307976","615669","4869","34170","7545","288","64","0","0","962","10098","39","20","5791","5242","0","478","4185","399","70","5383","1366","34357","694",14,"2341","86.2267985441902","13.7732014558098","8.06039177847419","5.71280967733559","4.67001690608988","1.03117581376787","0.735695083566925","4.69557421254112","0.186691340173216","0.0948490410543277","0.0393609853366663","0.00874688563037028","0","0.131476624631503","0.00533013343100689","0.00273340175949071","0.791456479460536","1.38009454836686","38.736646539712","Academic year"
"202526","Local authority","E92000001","England","E12000005","West Midlands","E08000027","Dudley","332","Special",6.89417989417989,"883.78835978836","289130","292182","3052","33971","24932","9039","4920","326153","142113","144202","286315","2815","15303","2398","201","63","115","0","710","3847","5","154","2136","1427","0","5","1528","9","83","1290","2105","5449","195",7,"708","89.5843361857778","10.4156638142222","7.64426511483874","2.77139869938342","4.69196971973276","0.735237756513048","0.395519894037461","1.670688296597","0.64540261778981","0.0597878909591511","0.0616275183732788","0.0193160878483411","0.0352595254374481","0.217689244005114","0.00153302284510644","0.0472171036292783","0.65490735942947","1.17950777702489","30.2449414270501","Academic year"
"202526","Local authority","E92000001","England","E12000008","South East","E10000032","West Sussex","938","Special",13.7619047619048,"2061.51322751323","643480","660555","17075","91215","78485","12730","6696","751770","325641","312034","637675","5805","36687","9622","216","158","4","0","1037","18676","91","78","11916","7932","0","736","5671","651","2085","1002","891","10434","403",14,"2441","87.8666347420089","12.1333652579911","10.4400282001144","1.69333705787674","4.8800830041103","1.27991273926866","0.133285446346622","1.38792449818429","0.118520292110619","0.0536068212352182","0.0287321920268167","0.0210170663899863","0.000532077630126235","0.137941125610227","0.0121047660853719","0.0103755137874616","1.58505926014606","2.48427045505939","34.951901053596","Academic year"
"202526","Local authority","E92000001","England","E12000006","East of England","E06000055","Bedford","822","Special",3.98941798941799,"504.333333333333","164074","165065","991","17008","13575","3433","1333","182073","81944","81660","163604","470","9081","1698","112","2","0","0","74","1422","0","8","1178","385","0","65","466","75","0","771","863","1767","32",4,"464","90.6586918433815","9.3413081566185","7.4558006953255","1.885507461293","4.98755993475145","0.932592970951212","0.423456525679261","0.970489858463364","0.473985709028796","0.0175753681215776","0.0615137884255216","0.0010984605075986","0","0.0406430387811482","0","0.0043938420303944","0.646993238975576","0.781005420902605","29.0384615384615","Academic year"
"202526","Local authority","E92000001","England","E12000002","North West","E08000009","Trafford","358","Special",7.8563829787234,"876.914893617021","275543","282620","7077","34545","24395","10150","2225","317165","138078","136490","274568","975","13850","2253","266","12","0","0","739","5823","25","8","1419","1863","0","577","4183","218","236","1232","1250","7644","24",8,"1058","89.1081928964419","10.8918071035581","7.69158009238094","3.20022701117715","4.36681222707424","0.710355808490849","0.388441347563571","2.41010199738307","0.39411662699226","0.00756703923825138","0.0838680182239528","0.00378351961912569","0","0.233001749877824","0.00788233253984519","0.00252234641275046","0.447401194961613","1.83595289518074","32.1776814734561","Academic year"
"202526","Local authority","E92000001","England","E12000008","South East","E06000045","Southampton","852","Special",5.92063492063492,"791.301587301587","247744","253066","5322","34425","23413","11012","2120","287491","122768","123790","246558","1186","15194","2517","122","0","0","0","448","3200","43","42","1847","4323","0","2","553","285","159","1506","934","8504","68",6,"927","88.0257121092486","11.9742878907514","8.14390711361399","3.83038077713737","5.28503500979161","0.87550566800352","0.523842485503894","2.95800564191575","0.324879735365629","0.0236529143521015","0.0424361110434761","0","0","0.155830965143257","0.0149569899579465","0.0146091529821803","0.642454894240168","1.11307832245183","34.8920863309352","Academic year"
"202526","Local authority","E92000001","England","E12000004","East Midlands","E10000019","Lincolnshire","925","Special",16.8251366120219,"2171.81420765027","651197","656564","5367","112674","88949","23725","2930","769238","331782","317783","649565","1632","37424","7955","39","453","30","0","1552","15390","24","67","26015","2297","0","215","1976","230","649","2565","1298","19627","235",17,"2395","85.3525176863338","14.6474823136663","11.5632613053437","3.08422100832252","4.86507426830188","1.03414027908138","0.333446865599463","2.55148601603145","0.16873841385891","0.0305497128326994","0.00506995234244798","0.0588894464392035","0.0038999633403446","0.201758103473827","0.00311997067227568","0.00870991812676961","3.38191820996883","2.00068119359678","37.3442200257843","Academic year"
"202526","Local authority","E92000001","England","E12000007","London","E09000014","Haringey","309","Special",5.94179894179894,"695.529100529101","222875","225422","2547","29999","23529","6470","3036","255421","109993","110840","220833","2042","12681","3740","360","3","0","0","227","3391","3","51","3073","1429","0","50","949","76","43","955","994","3795","726",6,"805","88.2550769122351","11.7449230877649","9.21185023940866","2.53307284835624","4.96474448068092","1.46424921991536","0.373892514711007","1.48578229667882","0.389161423688734","0.284236613277687","0.140943775179018","0.00117453145982515","0","0.0888728804601031","0.00117453145982515","0.0199670348170276","1.20311172534756","1.32761206008903","37.027027027027","Academic year"
"202526","Local authority","E92000001","England","E12000004","East Midlands","E10000018","Leicestershire","855","Special",8.95530726256983,"1643.28491620112","509996","518294","8298","59309","46032","13277","4399","577603","252837","253363","506200","3796","29189","6876","78","61","83","0","1029","5153","73","31","3459","4379","0","141","3574","50","154","2509","603","10035","130",9,"1742","89.7318746613158","10.2681253386842","7.96948769310409","2.2986376455801","5.05347098266456","1.19043703027858","0.434381400373613","1.73735247219976","0.104396964697206","0.0225068083095136","0.0135040849857082","0.0105608869760025","0.014369731459151","0.178150044234535","0.0126384385122653","0.00536700813534556","0.598854230327751","0.892135255530183","29.2299633315872","Academic year"
"202526","Local authority","E92000001","England","E12000007","London","E09000031","Waltham Forest","320","Special",3.95767195767196,"623.417989417989","183484","185694","2210","35342","22809","12533","5944","221036","87757","92569","180326","3158","11001","3364","471","0","0","0","764","6828","16","24","341","1707","0","62","386","54","1","1628","2786","8059","60",4,"818","84.0107493801915","15.9892506198085","10.3191335348088","5.67011708499973","4.97701731844586","1.52192403047467","0.736531605711287","3.64601241426736","1.26042816554769","0.0271448994733889","0.213087460866103","0","0","0.345645053294486","0.00723863985957039","0.0108579597893556","0.154273512007094","3.08908956007166","47.2592592592593","Academic year"
"202526","Local authority","E92000001","England","E12000008","South East","E06000036","Bracknell Forest","867","Special",1.98941798941799,"169.412698412698","54731","54989","258","6475","4914","1561","1376","61464","26504","27337","53841","890","3339","531","23","0","0","0","190","447","0","2","382","166","0","0","0","0","92","132","486","911","32",2,"198","89.4653781075101","10.5346218924899","7.99492385786802","2.53969803462189","5.4324482623975","0.863920343615775","0.21475985942991","1.48216842379279","0.79070675517376","0.0520629962254328","0.0374202785370298","0","0","0.309124040088507","0","0.00325393726408955","0.621502017441104","0.727254978524014","32.3863636363636","Academic year"
"202526","Local authority","E92000001","England","E12000007","London","E09000026","Redbridge","317","Special",4.93650793650794,"678.068783068783","215522","217369","1847","32855","21065","11790","4462","250224","104766","108565","213331","2191","12417","2829","571","465","0","0","30","4445","15","34","259","1275","0","18","235","0","319","975","2271","8425","119",5,"808","86.869764690837","13.130235309163","8.41845706247202","4.71177824669096","4.96235373105697","1.13058699405333","0.389650872817955","3.36698318306797","0.907586802225206","0.0475573885798325","0.228195536799028","0.185833493190102","0","0.0119892576251678","0.00599462881258392","0.0135878253085236","0.103507257497282","1.77640833812904","37.7229080932785","Academic year"
"202526","Local authority","E92000001","England","E12000007","London","E09000008","Croydon","306","Special",8.95767195767196,"1149.84656084656","354083","358993","4910","47970","34615","13355","5247","406963","173305","177241","350546","3537","18421","4042","285","81","360","0","845","7998","38","128","2417","3522","0","83","778","153","374","1229","1710","10154","262",9,"1362","88.2126876399083","11.7873123600917","8.50568724920939","3.28162511088232","4.52645572201896","0.993210685000848","0.301993055879773","2.49506711912385","0.420185618840042","0.0643793170386497","0.0700309364733403","0.0199035293134757","0.0884601302821141","0.207635583578851","0.00933745819644538","0.0314524907669739","0.593911485810749","1.96528922776763","35.9832635983264","Academic year"
"202526","Local authority","E92000001","England","E12000002","North West","E08000003","Manchester","352","Special",14.7978723404255,"2169.19680851064","652660","671682","19022","129726","86866","42860","12641","801408","318552","326238","644790","7870","41463","7340","1168","132","1","0","342","13165","14","35","23206","16130","0","290","2389","122","91","3988","4771","33768","333",15,"2436","83.8127395783421","16.1872604216579","10.8391730554225","5.34808736623543","5.17376916626737","0.915888037054784","0.497624181440664","4.21358409199808","0.595327224085609","0.0415518687110685","0.145743491455039","0.0164710110206037","0.000124780386519725","0.042674892189746","0.00174692541127615","0.00436731352819038","2.89565364957675","1.64273378853218","43.4579439252336","Academic year"
"202526","Local authority","E92000001","England","E12000002","North West","E08000004","Oldham","353","Special",5.92592592592593,"1217.03174603175","373498","383735","10237","73421","50077","23344","7342","457156","182044","185366","367410","6088","25122","4920","641","246","3","0","668","6340","18","4","12115","8244","0","49","1939","5","0","2644","1254","18755","691",6,"1609","83.9396179859829","16.0603820140171","10.9540288216714","5.10635319234572","5.49527951071407","1.07621905870206","0.578358372196799","4.10253830202382","0.274304613742355","0.151151904382749","0.140214718826834","0.0538109529351031","0.000656231133354916","0.146120799027028","0.0039373868001295","0.000874974844473221","2.65008006019827","1.38683512849006","45.8428680396644","Academic year"
"202526","Local authority","E92000001","England","E12000001","North East","E06000002","Middlesbrough","806","Special",4.98936170212766,"641.398936170213","204778","208857","4079","26863","18304","8559","1586","235720","101440","102368","203808","970","8700","2186","156","0","2","0","172","3765","2","2","3319","3283","0","15","767","9","5","1585","616","6120","238",5,"748","88.6038520278296","11.3961479721704","7.76514508739182","3.63100288477855","3.69081961649415","0.927371457661632","0.672407941625658","2.59630069574071","0.261326998133379","0.100967249278805","0.0661802138129985","0","0.000848464279653827","0.0729679280502291","0.000848464279653827","0.000848464279653827","1.40802647208553","1.59723400644833","28.9393939393939","Academic year"
"202526","Local authority","E92000001","England","E12000008","South East","E10000014","Hampshire","850","Special",27.6613756613757,"3310.00529100529","1004473","1037532","33059","161542","129295","32247","11127","1199074","498683","498094","996777","7696","60256","10819","141","798","144","0","2254","27547","50","261","27025","18582","0","352","9612","915","3598","3167","3431","24305","1344",28,"3713","86.5277705963101","13.4722294036898","10.7829041410288","2.68932526266102","5.02521112124856","0.902279592418817","0.264120479636786","2.02698082019959","0.286137469413898","0.112086493410749","0.0117590740855026","0.066551355462632","0.0120092671511516","0.187978389990943","0.00416988442748321","0.0217667967114623","2.25382253305467","2.2973561264776","34.9331006399069","Academic year"
"202526","Local authority","E92000001","England","E12000008","South East","E10000030","Surrey","936","Special",29.4550264550265,"3347.90476190476","1036277","1055955","19678","148745","110021","38724","13722","1204700","509509","514853","1024362","11915","49748","11464","363","231","270","0","1934","26884","36","173","18918","8998","0","443","6776","1699","1762","3817","1807","32233","867",31,"3600","87.6529426413215","12.3470573586785","9.13264713206607","3.21441022661243","4.12949281978916","0.951606209014693","0.316842367394372","2.67560388478459","0.149995849589109","0.0719681248443596","0.0301319830663236","0.0191748983149332","0.0224122188096622","0.160537893251432","0.00298829584128829","0.0143604216817465","1.57034946459699","2.23159292769984","33.3074534161491","Academic year"
"202526","Local authority","E92000001","England","E12000007","London","E09000003","Barnet","302","Special",6.89417989417989,"649.153439153439","187196","189114","1918","30688","25244","5444","2810","219802","91748","93453","185201","1995","12806","3106","297","91","28","0","89","6656","28","1","2142","921","0","39","276","1","681","22","815","3809","798",7,"829","86.0383436001492","13.9616563998508","11.4848818482088","2.47677455164193","5.82615262827454","1.41308996278469","0.0100090081072966","1.73292326730421","0.370788254883941","0.363054021346485","0.135121609448504","0.0414008971710903","0.0127387375911047","0.0404909873431543","0.0127387375911047","0.000454954913968026","0.974513425719511","3.02817990737118","40.64","Academic year"
"202526","Local authority","E92000001","England","E12000007","London","E09000024","Merton","315","Special",2.97354497354497,"524.587301587302","156203","158845","2642","26260","17640","8620","5989","185105","72971","78186","151157","5046","10293","1431","94","27","0","0","205","3917","31","12","1630","1486","0","14","677","137","328","181","943","7496","0",3,"619","85.8134572269793","14.1865427730207","9.52972637151887","4.65681640150185","5.56062775181654","0.77307474136301","0.0977823397531131","4.04959347397423","0.509440587774506","0","0.0507819886010643","0.0145863158747738","0","0.110747953864023","0.0167472515599254","0.00648280705545501","0.880581291699306","2.11609626968477","41.6363636363636","Academic year"
"202526","Local authority","E92000001","England","E12000009","South West","E06000059","Dorset","838","Special",5.92063492063492,"785.714285714286","245430","249596","4166","33573","26340","7233","2148","283169","122738","121501","244239","1191","13066","2793","6","0","12","0","192","2133","0","57","8081","1435","0","52","1088","423","1168","1082","957","5125","69",6,"988","88.1438293033489","11.8561706966511","9.30186567032408","2.55430502632703","4.61420565104231","0.986336781215458","0.382103973245659","1.80987325590019","0.337960723101752","0.0243670740794367","0.00211887600690754","0","0.00423775201381507","0.0678040322210411","0","0.0201293220656216","2.8537728353033","0.753260420455629","31.0761789600967","Academic year"
"202526","Local authority","E92000001","England","E12000002","North West","E06000064","Westmorland and Furness","943","Special",2.97883597883598,"288.899470899471","92756","93140","384","13514","10580","2934","732","106654","45957","46198","92155","601","6034","1428","2","0","0","0","0","2416","2","4","694","94","0","9","280","1","0","506","131","2232","65",3,"364","87.3291203330395","12.6708796669605","9.91992799144898","2.75095167551147","5.6575468336865","1.33890899544321","0.474431338721473","2.09274851388602","0.122827085716429","0.060944737187541","0.00187522268269357","0","0","0","0.00187522268269357","0.00375044536538714","0.650702270894669","2.26526900069383","33.4448160535117","Academic year"
"202526","Local authority","E92000001","England","E12000002","North West","E06000007","Warrington","877","Special",3.95212765957447,"467.303191489362","138437","143140","4703","22870","15199","7671","2171","166010","68207","68872","137079","1358","7081","1383","22","21","0","0","316","1007","4","16","5349","3182","0","194","833","5","489","1454","813","5251","153",4,"530","86.2237214625625","13.7762785374375","9.15547256189386","4.62080597554364","4.2654056984519","0.833082344437082","0.875850852358292","3.1630624661165","0.4897295343654","0.0921631227034516","0.0132522137220649","0.012649840371062","0","0.190349978916933","0.00240949340401181","0.00963797361604722","3.22209505451479","0.606589964459972","38.5245901639344","Academic year"
"202526","Local authority","E92000001","England","E12000009","South West","E06000054","Wiltshire","865","Special",4.92063492063492,"1076.73015873016","338405","345451","7046","42566","35246","7320","1106","388017","169980","167566","337546","859","17172","3219","109","130","0","0","405","4388","3","112","9708","4624","0","267","1413","525","217","1221","247","5676","176",5,"1109","89.0298620936712","10.9701379063288","9.0836226247819","1.88651528154694","4.42557929162898","0.829602826680274","0.314676934258035","1.46282250519951","0.0636570047188654","0.0453588373705276","0.0280915526897017","0.0335036866941397","0","0.104376870085589","0.000773162000633993","0.0288647146903357","2.5019522340516","1.13087828626065","28.5838401390096","Academic year"
"202526","Local authority","E92000001","England","E12000007","London","E09000023","Lewisham","209","Special",3.95238095238095,"660.26455026455","214015","217244","3229","26418","19547","6871","6173","243662","101488","107232","208720","5295","9765","2796","169","0","8","0","193","6102","10","9","495","2714","0","14","255","180","66","326","878","5613","54",5,"981","89.1579318892564","10.8420681107436","8.02217826333199","2.81988984741158","4.00760069276293","1.14749119682183","0.13379189204718","2.30360088975712","0.360335218458356","0.0221618471489194","0.0693583734845811","0","0.00328323661465473","0.0792080833285453","0.00410404576831841","0.00369364119148657","0.203150265531761","2.50428872782789","32.574679943101","Academic year"
"202526","Local authority","E92000001","England","E12000009","South West","E06000027","Torbay","880","Special",2.95744680851064,"492.06914893617","147262","153491","6229","27762","21230","6532","1332","181253","73611","72622","146233","1029","9001","1518","0","0","0","0","1148","7066","1","20","2476","2717","0","608","2451","453","0","280","303","5871","78",3,"591","84.6832880007503","15.3167119992497","11.7129095794277","3.60380241982202","4.96598676987415","0.837503379254412","0.154480201707006","3.23911880079226","0.167169646847225","0.0430337704755232","0","0","0","0.633368826998726","0.000551715006096451","0.011034300121929","1.36604635509481","3.89841823307752","43.9163498098859","Academic year"
"202526","Local authority","E92000001","England","E12000005","West Midlands","E06000020","Telford and Wrekin","894","Special",3.98412698412698,"754.179894179894","242272","249128","6856","28227","20907","7320","1963","277355","121391","119454","240845","1427","10824","2349","50","2","0","0","498","4825","2","21","2336","4829","0","194","1569","228","36","352","536","6269","163",4,"776","89.8227902868165","10.1772097131835","7.53799282507977","2.63921688810369","3.90257972634349","0.846929025977538","0.126913161832309","2.26028014638279","0.193254132790107","0.0587694470984839","0.0180274377602711","0.000721097510410845","0","0.1795532800923","0.000721097510410845","0.00757152385931388","0.842241892159867","1.73964774386616","29.1139240506329","Academic year"
"202526","Local authority","E92000001","England","E12000006","East of England","E06000056","Central Bedfordshire","823","Special",3.95767195767196,"732.656084656085","234596","238524","3928","35355","27935","7420","1853","273879","116009","117832","233841","755","13117","2285","98","40","2","0","353","5629","5","20","6386","1759","0","286","1099","57","727","1226","1098","5070","26",4,"919","87.0910146451535","12.9089853548465","10.1997597479179","2.70922560692861","4.78934127844778","0.834310042025858","0.447642937209498","1.85118245648626","0.400906969866255","0.0094932433665962","0.0357822249971703","0.0146049897947634","0.000730249489738169","0.128889034938787","0.00182562372434542","0.00730249489738169","2.33168662073397","2.05528718886808","34.8101265822785","Academic year"
"202526","Local authority","E92000001","England","E12000007","London","E09000015","Harrow","310","Special",3.98941798941799,"432.15873015873","134103","135225","1122","18868","16815","2053","1698","154093","65906","67035","132941","1162","8523","2090","297","0","1","0","90","5078","0","1","735","342","0","81","407","0","292","265","536","1222","30",4,"533","87.7554463862732","12.2445536137268","10.91224130882","1.33231230490678","5.53107538953749","1.3563237784974","0.171974067608522","0.793027587236279","0.3478418876912","0.0194687623707761","0.192740747470683","0","0.000648958745692536","0.0584062871123283","0","0.000648958745692536","0.476984678084014","3.2954125106267","36.5256124721604","Academic year"
"202526","Local authority","E92000001","England","E12000007","London","E09000022","Lambeth","208","Special",5.94708994708995,"606.724867724868","186462","192343","5881","24182","17942","6240","3353","216525","91014","93182","184196","2266","9229","2509","216","11","0","0","509","4147","1","19","1301","1868","0","1278","2153","60","522","448","1087","4680","25",6,"754","88.8317746218681","11.1682253781319","8.2863410691606","2.88188430897125","4.26232536658584","1.15875764923219","0.206904514490244","2.16141323172844","0.502020551899319","0.0115460108532502","0.0997575337720817","0.00508024477543009","0","0.235076780972174","0.000461840434130008","0.00877496824847015","0.600854404803141","1.91525228033714","33.6463223787167","Academic year"
"202526","Local authority","E92000001","England","E12000008","South East","E06000060","Buckinghamshire","825","Special",9.88359788359788,"1629.83068783069","493227","499670","6443","76772","60032","16740","7962","576442","241904","246125","488029","5198","35192","5445","457","733","60","0","1098","11900","37","92","5018","1838","0","276","2454","932","943","2151","2764","11753","72",10,"1866","86.681747686671","13.318252313329","10.4142307465452","2.90402156678382","6.10503745389822","0.944587660163555","0.373151158312545","2.03888682642833","0.479493166701941","0.0124904153410057","0.0792794418172166","0.127159367291072","0.0104086794508381","0.190478833950337","0.00641868566135014","0.0159599751579517","0.870512558071757","2.06438809108288","38.5391923990499","Academic year"
"202526","Local authority","E92000001","England","E12000001","North East","E06000005","Darlington","841","Special",2,"418.528497409326","136070","138658","2588","14615","8306","6309","1572","153273","67110","68033","135143","927","5938","1020","30","0","224","0","181","883","0","0","30","1724","0","0","864","0","0","796","645","4859","9",2,"462","90.4647263379721","9.53527366202789","5.4190888153817","4.11618484664618","3.87413308279997","0.665479242919497","0.519334781729333","3.17016043269199","0.420817756552035","0.00587187567281909","0.019572918909397","0","0.146144461190164","0.118089944086695","0","0","0.019572918909397","0.576096246566584","24.9422632794457","Academic year"
"202526","Local authority","E92000001","England","E12000003","Yorkshire and The Humber","E08000018","Rotherham","372","Special",6.86243386243386,"1100.33862433862","352054","356657","4603","56512","35887","20625","2127","413169","175462","174863","350325","1729","17102","4736","113","39","0","0","1147","2823","6","72","9849","2818","0","17","1713","1","54","3590","398","16322","315",7,"1293","86.3223039482633","13.6776960517367","8.68579201246947","4.99190403926722","4.13922632143263","1.14626218327125","0.868893842471241","3.95044158685671","0.0963286209759203","0.076239988963354","0.0273495833424095","0.00943923672879621","0","0.277610372511006","0.00145219026596865","0.0174262831916238","2.38377032158753","0.683255520138249","34.2395921835174","Academic year"
"202526","Local authority","E92000001","England","E12000007","London","E09000013","Hammersmith and Fulham","205","Special",4.98412698412698,"554.26455026455","171411","173672","2261","28592","21445","7147","3363","202264","82701","85481","168182","3229","11225","2590","345","7","108","0","118","6702","26","38","286","1668","0","2","135","265","191","383","134","6525","105",5,"616","85.8640193015069","14.1359806984931","10.6024799272238","3.53350077126923","5.54967764901317","1.2805046869438","0.189356484594391","3.22598188506111","0.0662500494403354","0.0519123521733971","0.170569157141162","0.00346082347822648","0.0533955622354942","0.0583395957758177","0.0128544872048412","0.0187873274532294","0.141399359253253","3.31349127872483","39.2795883361921","Academic year"
"202526","Local authority","E92000001","England","E12000001","North East","E08000024","Sunderland","394","Special",6.90425531914894,"909.553191489362","289304","293781","4477","45726","21611","24115","1812","339507","143684","144307","287991","1313","14119","2570","54","0","0","0","1005","1713","1","10","2139","2673","0","14","1174","548","68","2615","499","20800","201",7,"1068","86.5316473592592","13.4683526407408","6.36540630973735","7.10294633100348","4.15867714067751","0.756979973903336","0.770234487065068","6.12653052808926","0.146977823726757","0.059203492122401","0.0159054157940779","0","0","0.296017460612005","0.000294544736927368","0.00294544736927368","0.630031192287641","0.504555134356582","33.9487179487179","Academic year"
"202526","Local authority","E92000001","England","E12000002","North West","E06000009","Blackpool","890","Special",3.83068783068783,"526.185185185185","173759","175926","2167","21295","13410","7885","2966","197221","85125","86584","171709","2050","8665","1525","27","0","0","0","1024","1251","0","6","912","1480","0","58","629","0","0","962","916","5834","173",4,"615","89.2024682969866","10.7975317030134","6.79947875733314","3.99805294568023","4.39354835438417","0.773244228555783","0.487777670734861","2.95810283894717","0.464453582529244","0.0877188534689511","0.0136902256859057","0","0","0.519214485272867","0","0.0030422723746457","0.462425400946147","0.634313790113629","30.5172413793103","Academic year"
"202526","Local authority","E92000001","England","E12000002","North West","E06000063","Cumberland","942","Special",2.8042328042328,"421.78835978836","139349","140841","1492","15860","12468","3392","1000","156701","69114","69284","138398","951","8965","1621","30","1","16","0","71","438","2","0","1324","766","0","113","497","115","1","804","49","2421","118",3,"541","89.8788137918712","10.1211862081289","7.95655420195149","2.16463200617737","5.72108665547763","1.034454151537","0.513079048634023","1.54498056808827","0.0312697430137651","0.0753026464413118","0.0191447406206725","0.000638158020689083","0.0102105283310253","0.0453092194689249","0.00127631604137817","0","0.844921219392346","0.279513213061818","27.7894736842105","Academic year"
"202526","Local authority","E92000001","England","E12000003","Yorkshire and The Humber","E08000034","Kirklees","382","Special",6.84656084656085,"779.772486772487","251567","256544","4977","35118","27165","7953","1938","291662","125450","124560","250010","1557","16144","3163","347","0","4","0","34","5156","6","23","2288","2335","0","15","1955","414","258","1685","381","5681","206",7,"953","87.9593502067462","12.0406497932538","9.31386330752721","2.72678648572663","5.53517427707415","1.08447449444905","0.577723529290754","1.94780259341292","0.130630661519156","0.0706297015037955","0.118973332144743","0","0.00137145051463681","0.0116573293744128","0.00205717577195521","0.00788584045916163","0.784469694372253","1.76779971336684","34.777376654633","Academic year"
"202526","Local authority","E92000001","England","E12000008","South East","E06000044","Portsmouth","851","Special",4.8994708994709,"800.433862433862","213414","224259","10845","69106","47781","21325","5915","293365","103665","103948","207613","5801","17905","2620","126","586","0","0","1286","5799","9","53","19397","4776","0","15","986","129","4939","1460","114","19292","459",5,"780","76.443679375522","23.556320624478","16.2872189934041","7.26910163107392","6.10331839176453","0.89308540555281","0.497673546605764","6.57610826104","0.0388594413103131","0.15646038211784","0.0429499088166618","0.199751163226697","0","0.438361767763707","0.00306785062976156","0.0180662314863736","6.61189985172055","1.97671842244303","54.3237250554324","Academic year"
"202526","Local authority","E92000001","England","E12000003","Yorkshire and The Humber","E08000016","Barnsley","370","Special",1.83510638297872,"366.026595744681","112106","114489","2383","21942","6589","15353","754","136431","55553","56467","112020","86","4183","1482","0","0","2","0","6","301","0","1","614","2042","0","0","18","91","232","925","668","13738","22",3,"476","83.9171449304044","16.0828550695956","4.82954753685013","11.2533075327455","3.06601872008561","1.08626338588737","0.677998402122685","10.0695589712016","0.489624792019409","0.0161253674018368","0","0","0.00146594249107608","0.00439782747322822","0","0.000732971245538038","0.450044344760355","0.220624344906949","40.2247191011236","Academic year"
"202526","Local authority","E92000001","England","E12000003","Yorkshire and The Humber","E08000035","Leeds","383","Special",9.91489361702128,"2120.75","638298","657955","19657","109184","61822","47362","16220","767139","312995","316610","629605","8693","36882","7274","461","272","0","0","265","6680","18","55","9915","17438","0","15","1540","159","505","5543","7527","33654","638",10,"2532","85.7673772288985","14.2326227711015","8.05877422474936","6.1738485463521","4.80773367016929","0.948198436007034","0.722554843385619","4.38694943158932","0.98117811765534","0.0831661537218157","0.0600934120152932","0.0354564166337522","0","0.0345439353233247","0.00234638051252772","0.00716949601050136","1.29246459898402","0.870767879093619","35.0226244343891","Academic year"
"202526","Local authority","E92000001","England","E12000002","North West","E08000006","Salford","355","Special",4.94652406417112,"986.508021390374","292528","310180","17652","54736","36433","18303","3618","364916","144646","145416","290062","2466","16263","3388","90","47","0","0","75","4481","3","1","12085","15792","0","991","833","20","16","1787","1152","14738","626",5,"1090","85.0003836499359","14.9996163500641","9.98394150982692","5.0156748402372","4.45664207653268","0.928432844819082","0.489701739578424","4.0387376820967","0.315689090091966","0.171546328470114","0.0246632101634349","0.0128796764186827","0","0.0205526751361957","0.000822107005447829","0.00027403566848261","3.31172105361234","1.22795383047057","38.2575757575758","Academic year"
"202526","Local authority","E92000001","England","E12000007","London","E09000009","Ealing","307","Special",6,"895.185567010309","281556","283476","1920","32986","25358","7628","5192","316462","136372","140831","277203","4353","15901","3937","469","0","0","0","58","4863","0","5","125","274","0","0","1615","25","6","1250","839","5520","19",6,"1071","89.5766316334979","10.4233683665021","8.01296838166984","2.4103999848323","5.02461590965108","1.24406721818101","0.394992131756735","1.74428525383774","0.265118718835121","0.00600388040270238","0.148201047835127","0","0","0.0183276349135125","0","0.00157996852702694","0.0394992131756735","1.5366773893864","31.8777292576419","Academic year"
"202526","Local authority","E92000001","England","E12000008","South East","E06000041","Wokingham","872","Special",3.92063492063492,"502.407407407407","165378","167337","1959","19394","13782","5612","1388","186731","82026","82854","164880","498","9083","1294","75","77","0","0","289","1582","6","13","1363","1042","0","33","706","126","52","505","890","4154","63",4,"536","89.613936625413","10.386063374587","7.38067059031441","3.00539278427256","4.86421643969132","0.692975456672968","0.270442508206993","2.22459045364723","0.476621450107374","0.0337383723109714","0.0401647289416326","0.0412357883800762","0","0.154768088855091","0.00321317831533061","0.00696188634988299","0.72992700729927","0.847208015808837","29.3478260869565","Academic year"
"202526","Local authority","E92000001","England","E12000002","North West","E06000006","Halton","876","Special",4.92063492063492,"461.502645502646","148615","149847","1232","22804","16062","6742","527","172651","74037","74226","148263","352","8272","1284","2","73","0","0","635","3920","0","4","1872","733","0","25","193","200","81","565","175","5888","114",5,"502","86.7918517703344","13.2081482296656","9.30316071149313","3.9049875181725","4.79116831063822","0.743696821912413","0.327249769766755","3.41034804316222","0.101360548157844","0.0660291570856815","0.00115840626466108","0.0422818286601294","0","0.367793989029893","0","0.00231681252932216","1.08426826372277","2.27047627873572","33.9506172839506","Academic year"
"202526","Local authority","E92000001","England","E12000006","East of England","E06000031","Peterborough","874","Special",4.92592592592593,"655.830687830688","212882","215566","2684","28485","20045","8440","2542","244051","105160","106025","211185","1697","12630","2383","177","39","20","0","965","1911","4","50","1866","1790","0","24","534","0","336","492","845","7015","88",5,"748","88.3282592572864","11.6717407427136","8.21344718931699","3.45829355339663","5.17514781746438","0.976435253287223","0.20159720714113","2.87439920344518","0.346239105760681","0.0360580370496331","0.0725258245202847","0.0159802664197237","0.00819500842037115","0.395409156282908","0.00163900168407423","0.0204875210509279","0.764594285620628","0.783033054566463","34.5428156748911","Academic year"
"202526","Local authority","E92000001","England","E12000001","North East","E08000037","Gateshead","390","Special",5.86528497409326,"754.233160621762","251708","256633","4925","31178","24602","6576","1173","287811","125150","125674","250824","884","12941","2894","67","0","0","0","429","4094","2","5","4170","3926","0","15","836","122","26","2030","289","4213","44",6,"887","89.1671965282772","10.8328034717228","8.54797071689407","2.28483275482869","4.49635350976856","1.00552098425703","0.705323979972968","1.46380784612124","0.100413118331127","0.015287810403355","0.0232791658414724","0","0","0.149056151432711","0.000694900472879772","0.00173725118219943","1.44886748595432","1.42246126798489","27.0833333333333","Academic year"
"202526","Local authority","E92000001","England","E12000009","South West","E06000025","South Gloucestershire","803","Special",5.90425531914894,"612.643617021277","196311","199625","3314","27038","21691","5347","1696","226663","97325","98102","195427","884","10997","2025","58","108","8","0","343","3833","8","12","4299","2857","0","26","315","113","3","670","812","3815","50",6,"702","88.0712776236086","11.9287223763914","9.56971362772045","2.35900874867093","4.85169613037858","0.893396804948315","0.295593016945862","1.68311546216189","0.35824108919409","0.0220591803690942","0.0255886492281493","0.0476478295972435","0.00352946885905507","0.151325977331986","0.00352946885905507","0.00529420328858261","1.89664832813472","1.69105676709476","33.0781010719755","Academic year"
"202526","Local authority","E92000001","England","E12000005","West Midlands","E06000019","Herefordshire, County of","884","Special",3.96825396825397,"348.867724867725","111915","113579","1664","15461","12226","3235","1886","129040","54832","55951","110783","1132","6264","1410","12","37","0","0","149","2348","1","3","2002","1366","0","5","173","68","52","344","754","2072","65",5,"322","88.0184438933664","11.9815561066336","9.47458152510849","2.50697458152511","4.85430874147551","1.09268443893366","0.266584004959702","1.60570365778053","0.584314941103534","0.0503719776813391","0.00929944203347799","0.0286732796032238","0","0.115468071915685","0.000774953502789833","0.0023248605083695","1.55145691258524","1.81959082455053","37.7952755905512","Academic year"
"202526","Local authority","E92000001","England","E12000002","North West","E08000008","Tameside","357","Special",4.83505154639175,"827.396907216495","267540","277993","10453","39332","30392","8940","3651","317325","132116","133046","265162","2378","14065","3303","193","0","0","0","170","5402","9","77","7173","3419","0","37","6845","62","90","2245","1273","5340","82",5,"718","87.6051366895139","12.3948633104861","9.57756243598834","2.81730087449775","4.43236429528086","1.04088867879934","0.707476561884503","1.6828173008745","0.401165997006224","0.0258410147325297","0.0608209249192468","0","0","0.0535728354210982","0.00283620893405814","0.0242653431024974","2.26045852044434","1.7023556290869","35.7941834451902","Academic year"
"202526","Local authority","E92000001","England","E12000009","South West","E06000024","North Somerset","802","Special",3.95744680851064,"468.803191489362","145032","146927","1895","20740","15837","4903","2470","167667","70812","72558","143370","1662","8315","1642","10","0","20","0","885","2018","3","0","2944","1486","0","16","270","9","114","488","808","3506","101",4,"533","87.6302432798344","12.3697567201656","9.44550806062016","2.92424865954541","4.95923467348971","0.979322108703561","0.291053099298013","2.0910495207763","0.481907590640973","0.0602384488301216","0.00596420285446749","0","0.011928405708935","0.527831952620373","0.00178926085634025","0","1.75586132035523","1.20357613603154","32.2314049586777","Academic year"
"202526","Local authority","E92000001","England","E12000009","South West","E06000052","Cornwall","908","Special",4.9468085106383,"507.090425531915","163761","165983","2222","21481","19355","2126","797","187464","81820","81263","163083","678","11648","2253","4","0","0","0","130","2385","5","15","2915","1273","0","21","704","103","121","531","119","1404","72",5,"543","88.5412665898519","11.4587334101481","10.3246489992745","1.13408441087355","6.21345965091964","1.20183075150429","0.28325438484189","0.748943797209064","0.0634788546067512","0.0384073742158494","0.00213374301199164","0","0","0.0693466478897282","0.00266717876498954","0.00800153629496863","1.5549652199889","1.27224427090001","31.3186813186813","Academic year"
"202526","Local authority","E92000001","England","E12000002","North West","E08000013","St. Helens","342","Special",3.95238095238095,"420.074074074074","133667","134105","438","19854","11167","8687","1927","153959","65483","66767","132250","1417","7464","1632","4","0","0","0","417","1307","10","8","325","290","0","34","111","0","3","1105","510","6600","472",4,"548","87.1043589527082","12.8956410472918","7.25322975597399","5.64241129131782","4.84804395975552","1.06002247351568","0.717723549776239","4.28685559142369","0.331257022973649","0.30657512714424","0.00259809429783254","0","0","0.270851330549042","0.00649523574458135","0.00519618859566508","0.211095161698894","0.848927311816782","34.3115124153499","Academic year"
"202526","Local authority","E92000001","England","E12000002","North West","E08000001","Bolton","350","Special",6.90425531914894,"1074.76595744681","349081","351993","2912","46387","35851","10536","3249","398380","173519","172627","346146","2935","18951","3852","541","106","0","0","919","4667","17","6","6792","1306","0","49","1044","98","415","1941","314","7771","510",7,"1292","88.3560921733019","11.6439078266981","8.99919674682464","2.64471107987349","4.75701591445354","0.966916009839851","0.487223254179427","1.95065013303881","0.0788192178322205","0.128018474823033","0.135799989959335","0.0266077614338069","0","0.23068427129876","0.00426728249410111","0.00150609970380039","1.70490486470204","1.1714945529394","33.4497816593886","Academic year"
"202526","Local authority","E92000001","England","E12000004","East Midlands","E10000024","Nottinghamshire","891","Special",12.8730158730159,"1311.29100529101","418462","423181","4719","53304","39640","13664","3938","476485","208139","208038","416177","2285","18827","5709","58","44","30","0","532","5239","27","35","9139","1564","0","259","2510","171","215","3117","1653","7997","897",13,"1309","88.8130791105701","11.1869208894299","8.31925454106635","2.86766634836354","3.95122616661595","1.19814894487759","0.654165398700904","1.67833195168788","0.34691543280481","0.188253565169942","0.0121724713264846","0.00923428859250553","0.0062961058585265","0.111650943891203","0.00566649527267385","0.00734545683494758","1.91800371470246","1.09950995309401","30.1628664495114","Academic year"
"202526","Local authority","E92000001","England","E12000008","South East","E10000025","Oxfordshire","931","Special",14.8095238095238,"1266.40740740741","403944","411848","7904","55524","41828","13696","4750","467372","199860","200369","400229","3715","22047","5679","151","20","48","0","246","6918","14","38","6667","4078","0","109","2268","189","1260","1985","1035","10223","453",17,"1327","88.119955838176","11.880044161824","8.94961615158803","2.93042801023596","4.71722739060106","1.21509204659244","0.424715216144741","2.1873368537268","0.221451006906704","0.0969249334577168","0.0323083111525723","0.00427924651027447","0.0102701916246587","0.052634732076376","0.00299547255719213","0.00813056836952149","1.42648682419999","1.48019136790394","31.5159574468085","Academic year"
"202526","Local authority","E92000001","England","E12000008","South East","E06000043","Brighton and Hove","846","Special",2.97354497354497,"440.814814814815","141711","143101","1390","20309","17376","2933","3076","163410","68509","70635","139144","2567","9327","1812","65","19","0","0","34","2895","2","22","3200","459","0","3","669","3","256","142","509","2245","37",3,"525","87.5717520347592","12.4282479652408","10.633376170369","1.79487179487179","5.70772902515146","1.10886726638517","0.0868979866593232","1.37384492993085","0.311486445137996","0.0226424331436265","0.0397772474144789","0.0116271953980785","0","0.0208065601860351","0.00122391530506089","0.0134630683556698","1.95826448809742","1.77161740407564","35.2813852813853","Academic year"
"202526","Local authority","E92000001","England","E12000005","West Midlands","E08000031","Wolverhampton","336","Special",6.87234042553191,"867.797872340426","268566","271299","2733","35326","25656","9670","2227","306625","133300","133709","267009","1557","15099","2628","93","72","0","0","1003","5380","1","7","1373","1627","0","17","935","128","26","1262","670","7678","60",8,"1093","88.4790868324501","11.5209131675499","8.36722380758255","3.15368935996739","4.92425601304525","0.857072971871178","0.411577660008153","2.50403587443946","0.218507949449653","0.0195678760701182","0.0303302079086832","0.0234814512841419","0","0.32710966163881","0.000326131267835304","0.00228291887484713","0.447778230737872","1.75458622095393","33.9890710382514","Academic year"
"202526","Local authority","E92000001","England","E12000002","North West","E08000010","Wigan","359","Special",5.95744680851064,"881.079787234043","281222","287601","6379","37011","25814","11197","2975","324612","139593","139538","279131","2091","16043","3548","20","68","4","0","376","3650","18","5","2082","4332","0","78","1635","0","334","1731","884","8325","257",6,"1105","88.5983882296403","11.4016117703597","7.95226300937735","3.44934876098234","4.94220792823432","1.09299717816963","0.533252005471147","2.56460019962293","0.272325114290291","0.0791714415979693","0.00616120168077582","0.0209480857146378","0.00123224033615516","0.115830591598585","0.00554508151269824","0.00154030042019395","0.641381094968763","1.12441930674159","32.2994652406417","Academic year"
"202526","Local authority","E92000001","England","E12000007","London","E09000021","Kingston upon Thames","314","Special",3.92063492063492,"494.619047619048","158146","162554","4408","23171","18068","5103","5200","185725","75752","78539","154291","3855","10631","2531","120","39","0","0","78","3054","2","30","1583","1856","0","516","1697","0","339","511","1345","3206","41",4,"537","87.5240274599542","12.4759725400458","9.72836182527931","2.74761071476646","5.72405438147799","1.36276753264235","0.275137972809261","1.72620810337865","0.724188989096783","0.0220756494817607","0.0646116570197873","0.0209987885314309","0","0.0419975770628618","0.00107686095032979","0.0161529142549468","0.852335442186028","1.64436667115359","37.0998116760829","Academic year"
"202526","Local authority","E92000001","England","E12000007","London","E09000016","Havering","311","Special",3.87301587301587,"321.444444444444","99980","102340","2360","16686","12873","3813","1084","119026","49858","49349","99207","773","6125","1417","70","49","0","0","260","3240","0","2","1710","1688","0","259","325","34","54","296","311","3190","16",4,"417","85.9812141884966","14.0187858115034","10.8152840555845","3.20350175591888","5.14593450170551","1.19049619410885","0.248685161225279","2.6800867037454","0.261287449800884","0.0134424411473124","0.0588106800194915","0.0411674760136441","0","0.218439668643826","0","0.00168030514341404","1.43666089761901","2.72209433233075","41.7613636363636","Academic year"
"202526","Local authority","E92000001","England","E12000003","Yorkshire and The Humber","E06000011","East Riding of Yorkshire","811","Special",2.98941798941799,"331.386243386243","109749","111217","1468","11608","9446","2162","419","122825","55018","54545","109563","186","5733","1458","7","0","0","0","12","1482","5","10","739","146","0","17","620","21","664","793","233","1119","17",3,"440","90.5491553022593","9.45084469774069","7.69061673112151","1.76022796661917","4.66761652757989","1.18705475269693","0.645634032159577","0.911052310197435","0.189700793812335","0.013840830449827","0.00569916547934052","0","0","0.00976999796458376","0.00407083248524323","0.00814166497048647","0.60166904131895","1.20659474862609","27.4853801169591","Academic year"
"202526","Local authority","E92000001","England","E12000005","West Midlands","E06000051","Shropshire","893","Special",2.91534391534392,"513.417989417989","155349","160242","4893","28450","21699","6751","1533","188692","77176","77056","154232","1117","9899","1787","10","0","188","0","684","3761","0","11","5359","4161","0","41","591","97","3","747","416","5552","36",3,"589","84.9225192376995","15.0774807623005","11.4996926207788","3.57778814152163","5.24611536260149","0.947045979691773","0.395883238293091","2.94236109638988","0.220465096559473","0.0190787102791851","0.00529964174421809","0","0.0996332647913001","0.362495495304517","0","0.0058296059186399","2.84007801072647","1.99319526000042","40.8620689655172","Academic year"
"202526","Local authority","E92000001","England","E12000009","South West","E10000013","Gloucestershire","916","Special",12.8306878306878,"1461.70899470899","460344","470880","10536","66943","54299","12644","4022","537823","229235","228021","457256","3088","26758","6015","58","7","124","62","1728","11025","8","129","8385","4208","0","200","4523","40","1565","1012","934","10542","156",13,"1636","87.5529681698254","12.4470318301746","10.0960724996886","2.35095933048605","4.97524278433611","1.11839768845884","0.188165995132228","1.9601244275533","0.173663082463933","0.0290058253365884","0.0107842171123213","0.00130154344459051","0.0230559124470318","0.321295296036056","0.00148747822238915","0.023985586336025","1.55906311184163","2.04993092523005","34.6502590673575","Academic year"
"202526","Local authority","E92000001","England","E12000002","North West","E06000049","Cheshire East","895","Special",6.87301587301587,"664.539682539683","207029","211893","4864","34361","26201","8160","725","246254","103786","102656","206442","587","13192","2216","6","34","0","0","209","4515","1","7","6021","1988","0","17","2377","480","2","1077","138","6894","51",7,"829","86.0465210717389","13.9534789282611","10.6398271703201","3.31365175794099","5.3570703420046","0.899883859754562","0.437353301875299","2.79954843373103","0.0560396988475314","0.0207103234871312","0.00243650864554484","0.0138068823247541","0","0.0848717178198121","0.000406084774257474","0.00284259341980232","2.44503642580425","1.8334727557725","34.6045197740113","Academic year"
"202526","Local authority","E92000001","England","E12000002","North West","E08000015","Wirral","344","Special",10.8359788359788,"1719.85185185185","534218","546092","11874","79579","53662","25917","5999","625671","264806","265469","530275","3943","28124","5279","75","158","0","0","1380","12290","40","3","6313","5772","0","524","4960","582","36","2711","2056","19877","1273",11,"1809","87.2810151021863","12.7189848978137","8.57671204195176","4.14227285586195","4.49501415280555","0.843734166998311","0.433294814686952","3.17690927020751","0.32860720730224","0.203461563665249","0.0119871306165701","0.0252528884989076","0","0.220563203344889","0.00639313632883736","0.000479485224662802","1.00899674109876","1.96429113703528","35.6185567010309","Academic year"
"202526","Local authority","E92000001","England","E12000008","South East","E06000037","West Berkshire","869","Special",2.98941798941799,"452.613756613757","137418","139320","1902","17692","13204","4488","2440","157012","68002","67737","135739","1679","8035","1676","64","44","0","0","298","2251","8","23","805","816","0","103","623","192","168","316","761","2702","709",3,"374","88.7320714340305","11.2679285659695","8.40954831477849","2.85838025119099","5.11744325274501","1.06743433622908","0.201258502534838","1.72088757547194","0.484676330471556","0.451557842712659","0.0407612157032584","0.0280233357959901","0","0.189794410618297","0.00509515196290729","0.0146485618933585","0.512699666267546","1.43364838356304","31.8965517241379","Academic year"
"202526","Local authority","E92000001","England","E12000008","South East","E06000046","Isle of Wight","921","Special",2.97883597883598,"383.714285714286","116685","118335","1650","22326","15929","6397","1125","140661","58314","58114","116428","257","7468","1207","2","1","0","0","130","1518","4","11","5588","800","0","297","301","50","202","551","868","4746","232",3,"483","84.1277966173993","15.8722033826007","11.3243898450885","4.54781353751217","5.30921861781162","0.858091439702547","0.391721941405223","3.37406957152302","0.617086470308046","0.164935554275883","0.00142185822651623","0.000710929113258117","0","0.0924207847235552","0.00284371645303247","0.00782022024583929","3.97267188488636","1.07919039392582","43.5096153846154","Academic year"
"202526","Local authority","E92000001","England","E12000007","London","E09000032","Wandsworth","212","Special",6.24338624338624,"643.063492063492","191749","197782","6033","34719","23007","11712","5025","232501","92994","94527","187521","4228","12180","3380","265","153","0","0","371","4787","216","13","1642","4489","0","133","1309","96","6","478","797","9474","963",6,"889","85.0671610014581","14.9328389985419","9.89544130992985","5.03739768861209","5.23868714543163","1.45375718814113","0.205590513589189","4.0748211835648","0.34279422454097","0.414191766917132","0.11397800439568","0.065806168575619","0","0.159569206153952","0.0929028262244033","0.00559137380054279","0.706233521576251","2.05891587563064","46.079779917469","Academic year"
"202526","Local authority","E92000001","England","E12000007","London","E09000006","Bromley","305","Special",3.98369565217391,"778.5","229720","235686","5966","37977","26129","11848","4524","273663","111706","114413","226119","3601","15650","3162","78","33","242","0","831","2734","0","50","3349","2646","0","786","2112","134","288","912","923","9989","24",4,"941","86.1227129717938","13.8772870282062","9.54787457566423","4.329412452542","5.71871243098263","1.15543570011291","0.333256596617007","3.65010980658693","0.337276138900765","0.00876991043728966","0.0285022089211914","0.0120586268512733","0.0884299302426707","0.303658148891154","0","0.0182706467443535","1.22376791893679","0.999038963981247","39.6530359355638","Academic year"
"202526","Local authority","E92000001","England","E12000008","South East","E06000040","Windsor and Maidenhead","868","Special",2.61375661375661,"452.153439153439","145242","148806","3564","19383","14396","4987","3226","168189","70579","72691","143270","1972","8964","1477","129","11","2","0","32","2513","22","5","1241","2909","0","54","402","0","199","439","1254","3031","263",2,"417","88.4754651017605","11.5245348982395","8.55941827348994","2.96511662474954","5.32971835256765","0.878178715611604","0.261015880943462","1.80213925999917","0.745589782922783","0.156371700884124","0.0766994274298557","0.00654026125370863","0.0011891384097652","0.0190262145562433","0.0130805225074173","0.00297284602441301","0.737860383259309","1.49415241186998","31.015037593985","Academic year"
"202526","Local authority","E92000001","England","E12000005","West Midlands","E08000026","Coventry","331","Special",7.92063492063492,"1171.55555555556","366468","370007","3539","50736","37815","12921","2956","420743","181612","183015","364627","1841","22697","3405","384","33","0","0","1060","5742","4","30","4460","2460","0","52","1025","0","2","1715","1115","9971","120",7,"1207","87.9413323572822","12.0586676427178","8.98767180915666","3.0709958335611","5.39450448373473","0.80928262621125","0.407612247856768","2.36985523229145","0.265007379801922","0.0285209736109692","0.0912671155551013","0.00784326774301652","0","0.251935266896894","0.000950699120365639","0.00713024340274229","1.06002951920769","1.36472858728487","34.5514950166113","Academic year"
"202526","Local authority","E92000001","England","E12000007","London","E09000029","Sutton","319","Special",3.8994708994709,"581.449735449735","178573","183312","4739","30328","21387","8941","3341","213640","87646","88233","175879","2694","11531","2140","93","5","22","0","457","3060","61","31","3987","1368","0","417","1730","24","1200","717","647","7220","357",4,"450","85.8041565249953","14.1958434750047","10.0107657741996","4.18507770080509","5.39739749110653","1.00168507770081","0.335611308743681","3.37951694439244","0.302845909005804","0.167103538663172","0.0435311739374649","0.00234038569556263","0.0102976970604756","0.213911252574424","0.0285527054858641","0.0145103913124883","1.86622355364164","1.43231604568433","39.3258426966292","Academic year"
"202526","Local authority","E92000001","England","E12000007","London","E09000019","Islington","206","Special",5.95238095238095,"484.185185185185","149525","152716","3191","24992","15839","9153","2484","177708","73026","74785","147811","1714","9435","2869","278","2","0","0","5","2490","3","6","751","1905","0","160","1027","37","62","570","770","7723","90",6,"653","85.9364800684269","14.0635199315731","8.91293582731222","5.15058410426092","5.30927138902019","1.61444617012177","0.32075089472618","4.34589326310577","0.433295068314313","0.05064487811466","0.156436401287505","0.00112544173588133","0","0.00281360433970333","0.001688162603822","0.003376325207644","0.422603371823441","1.40117496117226","39.4941634241245","Academic year"
"202526","Local authority","E92000001","England","E12000001","North East","E08000022","North Tyneside","392","Special",5.95212765957447,"816.845744680851","262379","266460","4081","36941","24872","12069","1617","303401","130635","130378","261013","1366","14578","2823","58","34","0","0","1498","2128","9","10","3734","3387","0","12","639","2","41","2122","251","9248","448",6,"992","87.8243644549623","12.1756355450378","8.19773171479329","3.97790383024446","4.80486221205599","0.930451778339557","0.699404418574757","3.04811124551336","0.0827287978615759","0.147659368294765","0.0191166146453044","0.0112062913437991","0","0.493736012735621","0.00296637123806448","0.00329596804229386","1.23071446699253","0.701381999400134","32.2880371660859","Academic year"
"202526","Local authority","E92000001","England","E12000009","South West","E06000022","Bath and North East Somerset","800","Special",2.96276595744681,"496.765957446808","156230","159309","3079","24203","17850","6353","2568","183512","76047","78411","154458","1772","9967","2026","16","1","0","0","244","1917","2","11","3666","2772","0","15","93","197","2","1035","796","4461","61",3,"595","86.8112167051746","13.1887832948254","9.7268843454379","3.46189894938751","5.43125245215572","1.10401499629452","0.563995814987576","2.43090370112036","0.433759100222329","0.0332403330572388","0.00871877588386591","0.000544923492741619","0","0.132961332228955","0.00108984698548324","0.00599415842015781","1.99768952439078","1.04461833558568","37.1647509578544","Academic year"
"202526","Local authority","E92000001","England","E12000006","East of England","E10000012","Essex","881","Special",23.7460317460317,"3413.78835978836","1064673","1085883","21210","148935","116274","32661","10839","1234818","531388","525502","1056890","7783","63194","11586","171","129","222","0","2887","22158","18","132","15777","8964","0","2074","7592","963","1617","4844","3056","23978","783",24,"4029","87.9387083764571","12.0612916235429","9.41628644869122","2.64500517485168","5.11767726094048","0.938275924063303","0.39228453099971","1.94182462516743","0.247485864313607","0.0634101543709275","0.0138481946327313","0.0104468836703061","0.0179783579442477","0.233799636869563","0.00145770469818224","0.0106898344533364","1.27767816795674","1.79443448346234","33.6120401337793","Academic year"
"202526","Local authority","E92000001","England","E12000002","North West","E08000005","Rochdale","354","Special",4.95744680851064,"616.585106382979","185132","189442","4310","34686","20728","13958","4573","224128","90154","91940","182094","3038","12945","2254","296","42","0","0","69","1578","0","0","3544","2899","0","155","1248","6","2","1679","1535","10712","32",5,"746","84.5240219874357","15.4759780125642","9.2482866933181","6.22769131924615","5.77571744717304","1.00567532838378","0.749125499714449","4.77941176470588","0.684876499143347","0.0142775556824672","0.132067390062821","0.0187392918332382","0","0.0307859794403198","0","0","1.58123929183324","0.704061964591662","44.0494590417311","Academic year"
"202526","Local authority","E92000001","England","E12000001","North East","E06000004","Stockton-on-Tees","808","Special",3.98936170212766,"598","189025","191922","2897","27767","14041","13726","2320","219689","93735","94264","187999","1026","8240","2065","34","0","38","0","109","1418","1","6","2130","773","0","83","1963","0","78","1447","1294","10959","26",4,"697","87.3607690872096","12.6392309127904","6.39130771226598","6.24792320052438","3.75075675158975","0.939965132528256","0.658658376159025","4.98841544182913","0.589014470455963","0.0118349120802589","0.0154764234895693","0","0.0172971791942246","0.0496155929518547","0.000455188926163804","0.00273113355698283","0.969552412728903","0.645457897300274","32.475884244373","Academic year"
"202526","Local authority","E92000001","England","E12000006","East of England","E10000020","Norfolk","926","Special",14.8148148148148,"1883.07407407407","604394","621014","16620","80826","62244","18582","5788","701840","299812","300786","600598","3796","33091","7104","59","99","319","0","1597","10686","5","199","9085","12547","0","281","3319","258","215","1374","1992","14754","462",16,"2323","88.4836999886014","11.5163000113986","8.86868802006155","2.64761199133706","4.71489228314146","1.01219651202553","0.195771115923857","2.10218853299897","0.283825373304457","0.0658269691097686","0.00840647441012196","0.0141057790949504","0.0454519548615069","0.227544739541776","0.000712413085603556","0.0283540408070215","1.29445457654166","1.52256924655192","31.4","Academic year"
"202526","Local authority","E92000001","England","E12000006","East of England","E10000029","Suffolk","935","Special",14.5502645502646,"1756.69312169312","555254","564946","9692","85493","63273","22220","5661","650439","276276","275214","551490","3764","30961","6879","104","47","2","0","1476","10673","12","76","13043","2677","0","1240","3840","491","1444","2640","1897","17171","512",15,"1840","86.8561079517065","13.1438920482935","9.72773772790377","3.41615432038977","4.76001592770421","1.05759340998925","0.405879721234428","2.63990935352892","0.29164917847792","0.0787160671484951","0.0159892011395381","0.00722588897652201","0.000307484637298809","0.226923662326521","0.00184490782379285","0.0116844162173547","2.00526106214418","1.64089176694509","32.1899736147757","Academic year"
"202526","Local authority","E92000001","England","E12000007","London","E09000030","Tower Hamlets","211","Special",4.93650793650794,"650.005291005291","203327","205644","2317","35150","26153","8997","7864","240794","94235","101396","195631","7696","17303","2341","119","53","0","0","254","5131","204","16","732","1936","0","0","276","96","9","1310","168","7272","247",5,"849","85.4024601941909","14.5975398058091","10.8611510253578","3.73638878045134","7.18581027766473","0.972200303994286","0.544033489206542","3.02000880420608","0.0697691802951901","0.102577306743524","0.0494198360424263","0.0220105152121731","0","0.10548435592249","0.0847197189298737","0.00664468383763715","0.3039942855719","2.13086704818226","40.9551374819103","Academic year"
"202526","Local authority","E92000001","England","E12000007","London","E09000005","Brent","304","Special",5.80927835051546,"757.381443298969","252196","253605","1409","27498","20967","6531","4541","281103","122545","126126","248671","3525","12241","3921","589","0","2","0","48","3982","7","6","171","592","0","0","809","6","2","1090","1016","3267","1158",6,"921","90.2178205141887","9.78217948581125","7.45883181609588","2.32334766971537","4.35463157632612","1.39486238140468","0.38775822385389","1.16220744709235","0.361433353610598","0.411948645158536","0.20953173747701","0","0.000711482979548422","0.0170755915091621","0.00249019042841948","0.00213444893864526","0.0608317947513901","1.41656261228091","31.4457831325301","Academic year"
"202526","Local authority","E92000001","England","E12000001","North East","E06000001","Hartlepool","805","Special",2.95744680851064,"271.654255319149","87588","88986","1398","11709","8644","3065","1454","100695","42694","43760","86454","1134","4076","801","7","0","0","0","357","1519","0","4","1880","830","0","3","168","0","397","490","320","2248","7",3,"350","88.3718158796365","11.6281841203635","8.58433884502706","3.04384527533641","4.04786732211133","0.795471473260837","0.48661800486618","2.23248423456974","0.317791350116689","0.00695168578380257","0.00695168578380257","0","0","0.354535974973931","0","0.00397239187645861","1.86702418193555","1.50851581508516","32.7464788732394","Academic year"
"202526","Local authority","E92000001","England","E12000003","Yorkshire and The Humber","E06000013","North Lincolnshire","813","Special",2,"335.433155080214","113162","114079","917","11127","9295","1832","591","125206","56501","56295","112796","366","5531","1115","29","0","0","0","37","1908","9","12","654","338","0","64","457","56","2","211","225","1362","34",3,"404","91.1130457006853","8.88695429931473","7.42376563423478","1.46318866507995","4.41751992716004","0.890532402600514","0.168522275290322","1.08780729358018","0.1797038480584","0.0271552481510471","0.0231618293053049","0","0","0.0295512994584924","0.00718815392233599","0.00958420522978132","0.522339185023082","1.52388863153523","27.5862068965517","Academic year"
"202526","Local authority","E92000001","England","E12000007","London","E09000002","Barking and Dagenham","301","Special",3.87830687830688,"569.111111111111","177128","178014","886","33763","24731","9032","3674","211777","85870","88617","174487","2641","11205","3237","111","2","0","0","568","6654","4","0","2950","494","0","6","382","4","0","999","1033","6957","43",4,"634","84.0572866741903","15.9427133258097","11.6778498137191","4.26486351209055","5.29094283137451","1.52849459573041","0.471722613881583","3.28505928405823","0.487777237377052","0.0203043767736817","0.0524136237646203","0.000944389617380547","0","0.268206651336075","0.00188877923476109","0","1.39297468563631","3.14198425702508","48.3818770226537","Academic year"
"202526","Regional","E92000001","England","E12000008","South East","","","","Special",177.658031088083,"24752.3730569948","7778379","7935561","157182","1270811","958309","312502","102929","9206372","3846428","3855769","7702197","76182","465281","93448","2829","4343","622","0","17873","182129","557","1238","189989","79426","0","5450","44221","8786","19299","30941","26747","248064","6750",187,"28658","86.196397451678","13.803602548322","10.4091926765505","3.39440987177142","5.05390179758107","1.01503610760026","0.336082443768294","2.69448160469727","0.290527039315813","0.0733187839900452","0.0307287170233834","0.0471738487212987","0.00675619016915675","0.194137277963567","0.0060501574344378","0.0134472080858779","2.06366851133106","1.97829286064043","37.2819133469032","Academic year"
"202526","Regional","E92000001","England","E12000005","West Midlands","","","","Special",122.984455958549,"17685.310880829","5621061","5704706","83645","846726","609906","236820","80062","6551432","2771960","2798946","5570906","50155","341388","61104","4385","681","496","0","12112","122712","111","711","66206","43871","0","1294","33127","2665","2688","29845","29907","174193","2875",128,"19617","87.0757110811804","12.9242889188196","9.30950668495071","3.61478223386887","5.21089129826884","0.932681587781114","0.455549260070165","2.65885382005033","0.456495618057243","0.0438835356911283","0.0669319318280339","0.0103946740193594","0.00757086389662596","0.184875611927285","0.00169428607364008","0.0108525891743973","1.01055769181455","1.87305615016686","38.012525687445","Academic year"
"202526","Regional","E92000001","England","E12000004","East Midlands","","","","Special",82.139896373057,"10922.1295336788","3477766","3519126","41360","529463","398229","131234","32953","4048589","1730352","1723485","3453837","23929","194657","43925","1306","991","170","0","6128","58829","206","360","91657","19461","0","1205","17230","1109","2355","17028","9024","102158","3024",87,"12503","86.9222832942539","13.0777167057461","9.83624171285354","3.24147499289259","4.8080207697052","1.08494589102524","0.420590976263582","2.52329885794779","0.222892469450468","0.0746926892307419","0.0322581521611603","0.0244776636996247","0.00419899377289223","0.15136137553108","0.00508819245421059","0.00889198681318356","2.2639245425999","1.45307414509104","35.8637507866583","Academic year"
"202526","Regional","E92000001","England","E12000003","Yorkshire and The Humber","","","","Special",84.7512953367876,"12290.7409326425","3874350","3949482","75132","633407","422566","210841","41028","4582889","1924421","1925142","3849563","24787","234655","48640","2230","414","124","0","4926","57256","138","459","73724","51301","0","513","18148","2179","2991","27722","16241","164739","2139",90,"13856","86.178871013459","13.821128986541","9.22051570526801","4.60061328127301","5.12024183871789","1.06133925565293","0.604902278890019","3.59465393990559","0.354383446773422","0.0466736157039806","0.0486592627488905","0.00903360303948012","0.00270571685240467","0.107486783991495","0.00301120101316004","0.0100155164133367","1.60867959053776","1.24934293630066","34.8092971929099","Academic year"
"202526","Regional","E92000001","England","E12000001","North East","","","","Special",63.2487046632124,"9257.30051813471","2978146","3035490","57344","464537","300203","164334","23270","3500027","1478331","1483470","2961801","16345","155616","31546","724","441","303","0","8984","45576","28","110","56875","35677","0","514","16992","2122","2039","21719","6925","133706","1984",66,"10982","86.7276166726714","13.2723833273286","8.57716240474716","4.69522092258145","4.44613712979928","0.901307332772004","0.620538070134888","3.82014195890489","0.197855616542387","0.0566852769992917","0.0206855547114351","0.0125999028007498","0.00865707607398457","0.256683734154051","0.000799993828619036","0.00314283289814621","1.62498746438242","1.30216138332647","33.3962451574451","Academic year"
"202526","Regional","E92000001","England","E12000002","North West","","","","Special",169.730569948187,"22925.8704663212","7307899","7470144","162245","1141410","794529","346881","85527","8611554","3611312","3637764","7249076","58823","418325","81887","5147","1859","182","0","12473","126499","342","366","147449","99789","0","5112","47962","4674","4708","44522","26704","268031","7624",177,"26919","86.745597832865","13.254402167135","9.2263138569415","4.02808831019349","4.85771789853492","0.950896899676876","0.517003086783175","3.11245798377389","0.310095018854901","0.0885322207815221","0.0597685388723104","0.0215872768143822","0.00211343968812133","0.144840292472183","0.00397140864471151","0.00425010398820004","1.71222290425166","1.46894509399813","36.2260422841336","Academic year"
"202526","Regional","E92000001","England","E12000006","East of England","","","","Special",117.280423280423,"15538.0158730159","4899232","4984457","85225","702585","542668","159917","52169","5687042","2432574","2430877","4863451","35781","285566","56123","2321","656","608","0","11465","103455","87","810","81577","39947","0","5004","27891","4034","8349","18971","16388","121877","2681",120,"17543","87.6458622953725","12.3541377046275","9.54218379255859","2.81195391206888","5.02134501556345","0.986857491117527","0.333582906544386","2.14306488329082","0.288163864448337","0.0471422577853302","0.0408120777022572","0.0115349948180442","0.0106909708069678","0.201598651812313","0.00152979352007599","0.0142429051869144","1.43443639065792","1.81913550137312","33.7239821766465","Academic year"
"202526","Regional","E92000001","England","E12000007","London","","","","Special",157.862433862434,"19393.8201058201","6013513","6106853","93340","900871","656173","244698","130313","7007724","2919700","2992935","5912635","100878","366567","83959","8136","1719","824","0","8816","142604","796","679","42073","52040","0","4165","26844","2703","7588","22230","29435","185611","7422",166,"23552","87.1445993021415","12.8554006978585","9.36356797156966","3.49183272628888","5.23089950460378","1.19809227646523","0.317221397418049","2.64866310374096","0.420036519703116","0.105911705426755","0.116100462860695","0.0245300756707884","0.0117584539573762","0.125804041369209","0.0113588948423197","0.00968930854011944","0.600380380277534","2.03495457298261","37.9090029041626","Academic year"
"202526","Regional","E92000001","England","E12000009","South West","","","","Special",97.0414507772021,"12170.5336787565","3871689","3962142","90453","601729","455240","146489","37202","4563871","1924496","1922900","3847396","24293","226547","43707","937","812","220","62","10673","67916","180","675","103511","55795","0","2173","23621","4399","4465","15712","12909","115487","2381",100,"13755","86.8153810657663","13.1846189342337","9.97486563489634","3.20975329933734","4.96392207404635","0.957673869397273","0.344269152217493","2.53046153144995","0.282851991215352","0.0521706244545475","0.020530816931504","0.0177919139257004","0.00482046929021438","0.233858494247537","0.00394402032835722","0.0147900762313396","2.26805271226991","1.48812269233727","36.0362334721309","Academic year"
"202526","National","E92000001","England","","","","","","Special",1066.58549222798,"144152.699481865","45802112","46647902","845790","7089967","5136466","1953501","585305","53737869","22629727","22761262","45390989","411123","2687263","544107","28025","11916","3549","62","93560","906712","2446","5402","853424","477282","0","25429","255920","32710","54449","228661","174182","1513766","36892",1121,"167385","86.8063860143021","13.1936139856979","9.55837307206953","3.63524091362834","5.00068769009058","1.01252061186126","0.425511849009122","2.81694460195286","0.324132689370321","0.0686517732960345","0.0521513050694288","0.022174306911947","0.00660428123787343","0.174104410429822","0.00455172496698743","0.0100525013375577","1.58812400990445","1.68728685538312","36.2453105137507","Academic year"
"202526","Local authority","E92000001","England","E12000007","London","E09000025","Newham","316","Special",2.98404255319149,"255.132978723404","74031","74978","947","18466","13536","4930","2656","93444","35085","37639","72724","1307","6179","1066","244","0","0","0","344","4527","0","4","1172","653","0","0","108","84","102","357","1349","3222","2",3,"296","80.2384315739908","19.7615684260092","14.4856812636445","5.27588716236462","6.61251658747485","1.14079020589872","0.382047001412611","3.4480544497239","1.44364539189247","0.00214031933564488","0.261118958948675","0","0","0.368134925730919","0","0.00428063867128976","1.2542271306879","4.84461281623218","57.243816254417","Academic year"
"202526","Local authority","E92000001","England","E12000007","London","E09000020","Kensington and Chelsea","207","Special",1.92021276595745,"192.351063829787","65186","65271","85","6214","4171","2043","708","71485","31882","32602","64484","702","2747","792","70","0","3","0","0","236","0","7","316","0","0","42","43","0","0","330","6","1678","29",3,"321","91.3072672588655","8.6927327411345","5.83479051549276","2.85794222564174","3.84276421626915","1.10792473945583","0.461635308106596","2.34734559697839","0.00839336923830174","0.0405679513184584","0.0979226411135203","0","0.00419668461915087","0","0","0.00979226411135203","0.442050779883892","0.330139190039869","30.6976744186047","Academic year"
"202526","Local authority","E92000001","England","E12000003","Yorkshire and The Humber","E06000014","York","816","Special",1.98936170212766,"309.11170212766","101712","103264","1552","11676","9675","2001","1788","114940","49413","50642","100055","1657","4493","1294","14","0","0","0","0","2019","52","14","1789","1045","0","4","501","0","2","373","131","1471","26",2,"126","89.8416565164434","10.1583434835566","8.41743518357404","1.7409082999826","3.90899599791195","1.12580476770489","0.324517139377066","1.27979815555942","0.113972507395163","0.0226204976509483","0.0121802679658953","0","0","0","0.0452409953018966","0.0121802679658953","1.55646424221333","1.75656864451018","24.3190661478599","Academic year"
"202526","Local authority","E92000001","England","E12000002","North West","E06000008","Blackburn with Darwen","889","Special",2.98404255319149,"416.329787234043","132764","133634","870","22369","16033","6336","939","156003","65908","66413","132321","443","10406","1556","300","35","0","0","853","430","0","7","2446","581","0","0","173","116","0","993","496","4816","31",3,"481","85.661173182567","14.338826817433","10.2773664609014","4.06146035653161","6.67038454388698","0.997416716345199","0.636526220649603","3.08712011948488","0.317942603667878","0.0198714127292424","0.192303994153959","0.0224354659846285","0","0.546784356711089","0","0.0044870931969257","1.56791856566861","0.275635724954007","37.129840546697","Academic year"
"202526","Local authority","E92000001","England","E12000003","Yorkshire and The Humber","E06000012","North East Lincolnshire","812","Special",1.99447513812155,"299.386740331492","99117","99562","445","8733","7543","1190","659","108295","49163","49483","98646","471","5033","1069","4","0","0","0","0","1341","2","16","78","22","0","8","412","0","3","76","188","881","45",2,"345","91.9359157855857","8.06408421441433","6.96523385197839","1.09885036243594","4.64749065053788","0.98711851886052","0.0701786786093541","0.81351862966896","0.17359988919156","0.0415531649660649","0.00369361466365022","0","0","0","0.00184680733182511","0.0147744586546009","0.0720254859411792","1.23828431598873","23.1511254019293","Academic year"
"202526","Local authority","E92000001","England","E12000001","North East","E06000001","Hartlepool","805","Total",37.5797872340426,"11994.7606382979","4065440","4119541","54101","325151","174176","150975","72573","4444692","1979901","2024060","4003961","61479","124681","13532","922","86","8","0","14566","13251","366","233","6531","12110","0","7104","30553","3534","800","27299","11094","111124","1458",38,"14459","92.6845099727945","7.31549002720548","3.91874172608586","3.39674830111963","2.80516625223975","0.304453041965562","0.614193289433778","2.50015074160369","0.249601097218885","0.0328031728632715","0.0207438445678576","0.00193489222650298","0.000179989974558417","0.327716746177238","0.00823454133604758","0.0052422080090139","0.146939315480128","0.298130894109198","19.7734853773951","Academic year"
"202526","Local authority","E92000001","England","E12000001","North East","E06000002","Middlesbrough","806","Total",53.5372340425532,"20874.8989361702","6925228","7037635","112407","576288","285694","290594","211138","7613923","3299318","3441324","6740642","184586","194955","21968","6410","1117","117","0","27163","21477","372","292","11823","26866","0","15358","59976","5247","4960","50930","26552","210933","2179",54,"25482","92.4311291301475","7.56887086985251","3.75225754187427","3.81661332797823","2.56050658773408","0.288524063088108","0.668906160464192","2.77035898576857","0.348729557680055","0.0286186240654128","0.084187875291095","0.0146704924649225","0.00153665856615571","0.356754330192202","0.00488578621034124","0.0038350794984399","0.15528131818512","0.282075350643814","22.4521584334668","Academic year"
"202526","Local authority","E92000001","England","E12000001","North East","E06000003","Redcar and Cleveland","807","Total",57.5478723404255,"16936.7446808511","5669189","5759652","90463","489684","269085","220599","125032","6249336","2749368","2814531","5563899","105290","189128","18903","631","569","93","0","26867","17278","55","123","15438","14271","0","14647","50251","6883","4411","44480","19742","155247","1130",59,"20561","92.1642235271075","7.83577647289248","4.30581745004589","3.52995902284659","3.02636952149796","0.302480135489594","0.711755616916741","2.48421592309967","0.315905561806886","0.0180819210232895","0.010097072713005","0.0091049673117272","0.00148815810191675","0.429917674453734","0.00088009350113356","0.00196820910253505","0.24703424491818","0.276477372956103","21.4182984843456","Academic year"
"202526","Local authority","E92000001","England","E12000001","North East","E06000004","Stockton-on-Tees","808","Total",76.2925531914894,"25727.8617021277","8779165","8904460","125295","670119","375747","294372","202023","9574579","4249410","4354421","8603831","175334","262104","33035","3650","551","557","0","30934","29181","373","233","15129","19045","0","11821","79459","6377","8593","59380","26689","205278","3025",77,"29712","93.0010604121602","6.99893958783984","3.92442320440408","3.07451638343576","2.73749895426211","0.345028225261915","0.620183926624868","2.14398982973559","0.278748548630702","0.0315940784445979","0.0381217806025727","0.00575482222247057","0.00581748816318712","0.323084701687667","0.00389573264787935","0.002433527364493","0.158012169516801","0.304775802674979","19.2984304224165","Academic year"
"202526","Local authority","E92000001","England","E12000001","North East","E06000005","Darlington","841","Total",37.9274611398964,"12990.5958549223","4505835","4574046","68211","358269","226941","131328","77261","4932315","2199311","2239933","4439244","66591","159005","17528","910","806","9713","0","12018","16895","77","138","9851","22365","0","7485","28424","9143","794","28669","10670","89194","2795",40,"15760","92.7362911736173","7.26370882638274","4.60110516055848","2.66260366582426","3.22373976520153","0.355370652523207","0.581248359036274","1.80835976615443","0.216328438066101","0.0566671025674556","0.0184497543242879","0.0163412109729407","0.196925784342646","0.243658403812409","0.00156113305820897","0.00279787483159531","0.199723659174242","0.342536922317411","20.7393793737188","Academic year"
"202526","Local authority","E92000001","England","E12000001","North East","E06000047","County Durham","840","Total",245.659574468085,"58034.2287234043","19593096","19904501","311405","1505880","978793","527087","320296","21410381","9574960","9728158","19303118","289978","743773","79004","1864","1485","4302","0","28093","83400","367","851","35653","94076","0","18843","154926","34814","8746","117901","30318","365469","13399",248,"70019","92.9665894315472","7.03341056845275","4.57158142118069","2.46182914727206","3.47388960523402","0.368998571300529","0.550672124891192","1.70697102494346","0.141604205922351","0.0625817915150599","0.00870605712247718","0.0069358877826602","0.0200930567279489","0.13121205082712","0.00171412176177528","0.00397470740945712","0.16652202499339","0.389530667389805","19.5203219315895","Academic year"
"202526","Local authority","E92000001","England","E12000001","North East","E06000057","Northumberland","929","Total",166.265957446808,"35453.4893617021","11931345","12125850","194505","997698","637853","359845","247520","13123548","5797018","5907031","11704049","227296","403742","48219","1276","1284","1243","0","34402","64516","533","727","81911","33980","0","19461","114324","15833","10907","92005","20224","245019","2597",164,"42069","92.3976503914947","7.60234960850526","4.86037007675059","2.74197953175468","3.07646986927621","0.367423504680289","0.70106803434559","1.86701797410273","0.154104667426827","0.0197888558795228","0.00972298040133659","0.00978393952610986","0.00947152401164685","0.262139476306255","0.00406140168801912","0.00553966046377093","0.624152858662916","0.491604861734037","19.5711714531654","Academic year"
"202526","Local authority","E92000001","England","E12000001","North East","E08000021","Newcastle upon Tyne","391","Total",93.1223404255319,"34243.1276595745","11417383","11534379","116996","971258","485767","485491","327729","12505637","5447047","5674781","11121828","295555","328728","35966","12843","3056","19","0","40251","32058","125","777","31944","20025","0","5004","76392","12960","2615","75853","32174","367471","9993",96,"42051","92.2334384086153","7.76656159138475","3.88438429805695","3.8821772933278","2.62863858914184","0.287598304668527","0.606550470000049","2.93844287979893","0.257275978824589","0.079907964704237","0.102697687450867","0.0244369798995445","0.000151931484977535","0.321862852727934","0.000999549243273254","0.00621319809618654","0.255436808216966","0.256348397126832","20.5537255328996","Academic year"
"202526","Local authority","E92000001","England","E12000001","North East","E08000022","North Tyneside","392","Total",76.1702127659574,"24774.6329787234","8320639","8448718","128079","627148","392413","234735","183316","9075866","4029023","4124055","8153078","167561","296367","30144","1445","351","76","0","18040","26689","149","587","18529","27331","0","13109","63301","17667","6671","62961","15755","151337","4682",75,"29509","93.0899376434161","6.91006235658393","4.32369759535894","2.58636476122499","3.26544045493841","0.332133594744568","0.69371892445305","1.66746622305794","0.173592250039831","0.0515873636741662","0.015921345687563","0.003867399540716","0.000837385655539648","0.198768910867569","0.0016417166141501","0.0064677023658128","0.204156826467028","0.294065602114443","17.6186089359742","Academic year"
"202526","Local authority","E92000001","England","E12000001","North East","E08000023","South Tyneside","393","Total",53.9026455026455,"17682.494973545","5943994","6033353","89359","503318","358073","145245","111306","6536671","2891900","2951123","5843023","100971","271047","23506","1909","488","14","0","12494","33512","364","322","14417","21370","0","11547","37071","14252","5119","35215","10335","96687","3008",57,"22525","92.300086695506","7.69991330449398","5.47791069796843","2.22200260652555","4.14656022920536","0.35960200536328","0.538729882535009","1.47914741310982","0.158108003294031","0.0460173075866905","0.0292044681459416","0.00746557383720245","0.000214176298608267","0.191137048200835","0.00556858376381494","0.00492605486799014","0.220555692645385","0.512676865640018","21.1903670892521","Academic year"
"202526","Local authority","E92000001","England","E12000001","North East","E08000024","Sunderland","394","Total",105.484042553191,"33725.6436170213","10870257","11018899","148642","896003","477464","418539","224781","11914902","5269483","5397956","10667439","202818","353211","38024","2479","986","2549","0","27113","31258","404","408","21032","36287","0","4964","84635","17566","5190","76899","21963","312071","7606",106,"40018","92.4799801122997","7.52001988770029","4.00728432344639","3.51273556425391","2.96444737858524","0.319129775469408","0.645401867342258","2.61916547865857","0.184332191737708","0.0638360265153671","0.0208058782187214","0.00827535132055639","0.0213933778053735","0.227555375612825","0.00339071190010627","0.00342428330505782","0.176518447235235","0.262343743993866","21.0322880641693","Academic year"
"202526","Local authority","E92000001","England","E12000001","North East","E08000037","Gateshead","390","Total",79.8031088082902,"22586.170984456","7848859","7962569","113710","607035","366962","240073","141131","8569604","3821856","3900931","7722787","126072","260295","26286","3223","643","59","0","19831","30783","305","294","25243","29441","14","11184","43934","14499","14638","47560","15059","175144","2310",82,"28353","92.9164171413288","7.08358285867118","4.28213485710658","2.8014480015646","3.03742156580397","0.306735293719523","0.554984804432037","2.04378171966873","0.175725739485745","0.0269557379780909","0.0376096725122888","0.00750326386143397","0.000688479887752106","0.231410926339187","0.00355909094515919","0.00343073028812066","0.294564369602143","0.359211464147001","17.8095468863581","Academic year"
"202526","Local authority","E92000001","England","E12000002","North West","E06000006","Halton","876","Total",61.2910052910053,"16256.126984127","5383309","5452431","69122","480396","262643","217753","159148","5932827","2570785","2673254","5244039","139270","200402","18644","459","613","1022","0","7834","24073","64","333","9199","12008","0","4008","34811","13531","4764","33708","19878","161448","2719",62,"17784","91.9027472063487","8.09725279365132","4.42694519830091","3.67030759535041","3.37785005360851","0.314251536409203","0.568160844737256","2.7212659327501","0.335051064189129","0.0458297536739231","0.00773661527632611","0.0103323424060739","0.0172261891337806","0.132044976197688","0.00107874374223283","0.00561283853380522","0.155052557574998","0.405759345418297","22.3414690439098","Academic year"
"202526","Local authority","E92000001","England","E12000002","North West","E06000007","Warrington","877","Total",84.2659574468085,"27959.1968085106","9557702","9704103","146401","634186","415945","218241","201346","10338289","4634640","4744584","9379224","178478","310411","34088","2038","2215","231","0","7761","41203","451","671","16876","28156","0","10221","88814","8883","10327","54709","22868","137718","2946",87,"29646","93.8656580407067","6.13434195929326","4.02334467531329","2.11099728397997","3.00253746050241","0.329725740884202","0.529188147090877","1.33211598166776","0.221197143937454","0.0284960112838788","0.019713126611183","0.02142520875553","0.00223441229008011","0.0750704492784057","0.00436242399491831","0.00649043569975651","0.163237843322043","0.398547573974765","15.1491414964281","Academic year"
"202526","Local authority","E92000001","England","E12000002","North West","E06000008","Blackburn with Darwen","889","Total",70.2538838230328,"23507.7953956996","8024092","8098861","74769","595448","362022","233426","215437","8694309","3848754","3981702","7830456","193636","272267","27604","8827","3869","591","0","15216","21423","236","677","11312","12188","0","3306","43576","14324","1375","58806","21801","146848","5971",71,"27415","93.1512901140275","6.84870988597254","4.16389617622286","2.68481370974968","3.1315542155219","0.317495041871643","0.676373476028975","1.68901289337658","0.250750232134607","0.0686771082095196","0.10152618224174","0.0445003737502313","0.00679754998355821","0.175011033079225","0.00271441928277451","0.00778670277304384","0.130108097147226","0.246402560571519","19.236977833773","Academic year"
"202526","Local authority","E92000001","England","E12000002","North West","E06000009","Blackpool","890","Total",40.6984126984127,"16320.5079365079","5588689","5652137","63448","412770","200002","212768","127119","6064907","2703534","2779989","5483523","105166","141553","17274","1169","1260","1151","0","12381","17541","54","419","7200","15725","0","6200","34771","6292","460","36260","21953","153199","1356",43,"19464","93.1941248233485","6.80587517665151","3.29769277583317","3.50818240081835","2.33396818780568","0.284818876859942","0.597865721601337","2.52599091791515","0.361967627863049","0.0223581334388145","0.0192748215265296","0.0207752567351816","0.0189780321445984","0.204141629871653","0.000890368145793497","0.00690859727939769","0.118715752772466","0.289221252691921","21.1632290973608","Academic year"
"202526","Local authority","E92000001","England","E12000002","North West","E06000049","Cheshire East","895","Total",150.174603174603,"46253.5661375661","15853862","16105169","251307","1070248","825045","245203","269422","17175417","7740985","7871470","15612455","241407","607651","59583","2654","5396","666","0","18968","71118","652","2563","55794","40246","0","22524","143078","32128","13331","77109","28015","135434","4645",153,"54222","93.7687218889649","6.23127811103509","4.80363882868171","1.42763928235338","3.53791119016208","0.346908607808474","0.448949798424108","0.788533984356828","0.163111032471584","0.027044467100857","0.0154523176933637","0.0314169955815338","0.00387763511069338","0.110436911080529","0.00379612326151965","0.0149224906737344","0.324848008057097","0.414068549252691","15.9068022509626","Academic year"
"202526","Local authority","E92000001","England","E12000002","North West","E06000050","Cheshire West and Chester","896","Total",156.276595744681,"42148.0585106383","14079447","14318829","239382","1099047","746637","352410","346578","15417876","6801111","6973918","13775029","304418","538119","59535","2153","5004","5079","0","25335","71008","298","1435","38671","48636","0","16533","134932","31366","7915","80385","42160","222963","6902",159,"48609","92.8716056608576","7.12839433914243","4.84267093599663","2.2857234031458","3.49022783683044","0.386142682688588","0.521375317845337","1.44613304712011","0.273448820057964","0.0447662181223925","0.0139643099996394","0.0324558324376198","0.0329422807655218","0.164322245165287","0.00193282135619718","0.00930737800719113","0.250819243843964","0.46055630490218","18.416677604235","Academic year"
"202526","Local authority","E92000001","England","E12000002","North West","E06000063","Cumberland","942","Total",164.910052910053,"31287.0052910053","10650845","10833723","182878","789284","535425","253859","214691","11623007","5192416","5264465","10456881","193964","408574","39198","1090","1233","2195","0","19769","44823","79","633","17831","25173","1","24044","105178","27304","1178","57506","20727","171117","4509",167,"38518","93.2092960109204","6.79070398907959","4.60659621042988","2.18410777864971","3.51521770571075","0.33724491433241","0.49476009091279","1.47222659334198","0.178327346787281","0.0387937476076544","0.00937795185015375","0.0106082703038895","0.0188849580835665","0.170085073509807","0.000679686418497382","0.00544609497352966","0.153411247192745","0.385640308054534","17.8209813672039","Academic year"
"202526","Local authority","E92000001","England","E12000002","North West","E06000064","Westmorland and Furness","943","Total",141.343915343915,"23915.4708994709","8142295","8331126","188831","593682","437058","156624","131797","8924808","4004305","4019651","8023956","118339","326667","38859","2106","2458","197","1","11377","32187","326","1287","21593","31138","0","22934","109987","20990","3782","48088","13458","89397","5681",144,"29875","93.3479577375782","6.65204226242178","4.89711375303536","1.75492850938642","3.66021319450234","0.435404324664463","0.538812711713238","1.00166860732466","0.150793159920079","0.0636540304284417","0.0235971462915505","0.0275412087296444","0.00220733039859233","0.127476131699416","0.00365273964437106","0.0144204782892808","0.241943580186823","0.360646413906047","16.2070193487121","Academic year"
"202526","Local authority","E92000001","England","E12000002","North West","E08000001","Bolton","350","Total",122.037234042553,"45229.1861702128","15447729","15602332","154603","1146602","730259","416343","421587","16748934","7404682","7670875","15075557","372172","539419","48625","13249","2357","2396","0","41865","54324","1013","1676","25335","28695","0","8162","85860","28958","2928","105940","49415","251808","9180",124,"52614","93.1541792450791","6.84582075492088","4.3600327041709","2.48578805074998","3.22061690612668","0.290316983755504","0.632517866510191","1.5034270240721","0.295033701846338","0.0548094583213475","0.0791035417537618","0.014072537392529","0.0143053880324563","0.249956206168106","0.00604814610888072","0.0100066069876447","0.151263358014307","0.324343029831033","19.2628016778455","Academic year"
"202526","Local authority","E92000001","England","E12000002","North West","E08000002","Bury","351","Total",80.7553191489362,"24406.7393617021","8326545","8432201","105656","633491","409285","224206","259945","9065692","3970877","4126842","8097719","228826","295036","30297","8546","1951","585","0","14065","36195","868","743","20999","15092","0","7581","59857","17711","5415","48724","31119","141916","2447",82,"24702","93.0122157249551","6.98778427504486","4.51465811986553","2.47312615517933","3.25442337992511","0.334194014091809","0.537454835218315","1.56541828246537","0.34326116528115","0.0269918722144984","0.0942674866959963","0.0215206958277427","0.00645289956905661","0.155145354596207","0.00957455867682246","0.0081957339825796","0.231631518035248","0.399252478464964","19.6266172483613","Academic year"
"202526","Local authority","E92000001","England","E12000002","North West","E08000003","Manchester","352","Total",182.015957446808,"77366.0265957447","25539488","25822735","283247","1917689","1050415","867274","820026","27740424","12152643","12682976","24835619","703869","743299","78228","33544","5058","548","0","32184","80380","1129","2807","73238","83056","0","11632","147356","38675","2528","147672","116157","584642","18803",185,"88490","93.0870234715951","6.9129765284049","3.78658595845543","3.12639056994947","2.67947959266953","0.282000015572942","0.532335050105939","2.10754529202582","0.418728278990977","0.0677819488267375","0.120921006831042","0.0182333190004594","0.00197545646742818","0.116018414138154","0.00406987290461025","0.010118807124217","0.264011826207126","0.289757647539922","19.6862234325972","Academic year"
"202526","Local authority","E92000001","England","E12000002","North West","E08000004","Oldham","353","Total",105.216931216931,"39673.6984126984","12956207","13097803","141596","990705","535752","454953","375916","14088508","6202134","6420370","12622504","333703","395049","47962","8752","1994","112","0","17662","34127","648","1205","28241","39764","0","8140","70671","19319","3702","103159","42213","305453","4128",107,"38401","92.9679920684291","7.03200793157089","3.80275895786836","3.22924897370254","2.80405135873863","0.340433493738301","0.732220899473528","2.16810041205215","0.299627185504668","0.0293004766721927","0.0621215532546101","0.0141533794777985","0.000794974173276546","0.125364587932235","0.00459949343110001","0.00855307034641284","0.200454157388419","0.242232889387577","20.3371371750556","Academic year"
"202526","Local authority","E92000001","England","E12000002","North West","E08000005","Rochdale","354","Total",86.1117021276596,"33045.5904255319","10980342","11099468","119126","859819","447368","412451","303535","11959287","5268191","5460227","10728418","251924","315550","37139","10421","1614","137","0","19880","38000","437","652","23538","36230","0","5475","60253","15075","2093","80014","51611","278199","2627",88,"34252","92.8104493185923","7.18955068140768","3.74075812379116","3.44879255761652","2.63853522371359","0.310545269128502","0.669053263794071","2.32621727365519","0.4315558277011","0.0219661924661562","0.0871373017471694","0.0134957878341744","0.00114555324242992","0.166230645689831","0.00365406399227646","0.00545183002966648","0.19681775343296","0.317744694980562","20.8682850952725","Academic year"
"202526","Local authority","E92000001","England","E12000002","North West","E08000006","Salford","355","Total",95.2071623620435,"32961.6941916031","10692104","10838481","146377","895109","489444","405665","333471","11733590","5085699","5312458","10398157","293947","336231","34417","5887","1899","1871","0","24544","42301","1002","1078","40214","45285","0","8590","71961","11627","8914","70906","39524","288381","6854",97,"36460","92.3713969893272","7.62860301067278","4.17130647994348","3.4572965307293","2.86554242989571","0.293320288164151","0.604299280953229","2.45773885059901","0.336844904244992","0.0584134949320711","0.0501721979377156","0.0161843050592359","0.0159456739156558","0.20917724242964","0.00853958592383064","0.00918729902783377","0.342725457426073","0.360512000163633","21.9922636022249","Academic year"
"202526","Local authority","E92000001","England","E12000002","North West","E08000007","Stockport","356","Total",107.628865979381,"36620.9742268041","12457961","12590903","132942","901021","610380","290641","310525","13491924","5988001","6197785","12185786","272175","451741","43772","7834","4677","148","0","16699","53058","1156","676","30619","25809","0","6872","81776","13674","4811","53479","38350","194984","3828",109,"38321","93.3217753079546","6.67822469204541","4.52403971442472","2.15418497762069","3.34823261678616","0.324431118941969","0.396377862786657","1.44519047098101","0.284244115220335","0.0283725286326843","0.0580643650231057","0.0346651819266103","0.00109695251766909","0.123770338463217","0.00856808858395585","0.00501040474286692","0.226943169854796","0.393257477584368","17.0148880270236","Academic year"
"202526","Local authority","E92000001","England","E12000002","North West","E08000008","Tameside","357","Total",94.1855670103093,"31497.7835051546","10769373","10898015","128642","829477","436681","392796","270344","11727492","5179925","5360602","10540527","228846","290687","33567","8578","1734","151","0","31247","34611","1993","890","33223","37680","0","5065","72207","9764","3926","74109","41498","273495","3694",98,"32351","92.927072557372","7.07292744262797","3.7235668120686","3.34936063055937","2.47868001103731","0.286224880818507","0.631925393767056","2.33208430242374","0.353852298513612","0.0314986358549637","0.0731443688045151","0.0147857700521134","0.00128757282460734","0.266442304970236","0.0169942558903472","0.00758900539006976","0.28329160233066","0.29512703995023","18.9940133482284","Academic year"
"202526","Local authority","E92000001","England","E12000002","North West","E08000009","Trafford","358","Total",88.5159574468085,"35932.6861702128","11979234","12156270","177036","699917","534813","165104","207521","12856187","5840804","5951520","11792324","186910","399131","40996","9790","17777","6","0","9451","40938","595","1173","14956","26630","0","18189","99603","29120","3494","47065","20611","89888","7540",89,"41075","94.5557963648164","5.44420363518359","4.15996593702316","1.28423769816043","3.10458303072287","0.318881484844612","0.366088327744455","0.699180869102168","0.160319696656559","0.058648804657244","0.0761501057817532","0.138275835595733","4.66701363320244e-05","0.0735132430789938","0.00462812185292575","0.00912401165291077","0.116333093163626","0.318430340193403","13.5488024723152","Academic year"
"202526","Local authority","E92000001","England","E12000002","North West","E08000010","Wigan","359","Total",122.281914893617,"41371.4627659574","14150098","14337790","187692","1055923","689271","366652","334375","15393713","6836620","7013926","13850546","299552","528693","51091","2588","1837","2184","20","19574","60953","334","682","21315","36210","0","17434","102586","23763","7699","89190","34823","237801","4838",124,"47492","93.1405567974406","6.85944320255938","4.47761368553513","2.38182951702426","3.43447354124375","0.331895235412015","0.579392379213514","1.54479299438673","0.226215728460054","0.0314284149639531","0.0168120582734003","0.0119334432180202","0.0141876102276299","0.12715580704928","0.00216971694873095","0.00443038011686979","0.138465619048504","0.395960350826341","18.1925015254582","Academic year"
"202526","Local authority","E92000001","England","E12000002","North West","E08000011","Knowsley","340","Total",59.5291005291005,"18618.4603174603","5914326","5978192","63866","563556","242180","321376","219690","6541748","2760788","2950806","5711594","202732","169386","16883","612","613","122","5","11423","25676","46","151","17263","20577","0","2841","29124","7497","3827","53066","16958","247052","4300",60,"21231","91.3852383185656","8.61476168143438","3.70206862141434","4.91269306002004","2.58930793420963","0.25808086768246","0.811189914377625","3.77654412857236","0.259227350243391","0.0657316668266647","0.00935529769719042","0.00937058413133615","0.00186494496577979","0.174616937246742","0.000703175970703855","0.00230825155600613","0.26388971265784","0.392494483125917","25.6701523435427","Academic year"
"202526","Local authority","E92000001","England","E12000002","North West","E08000012","Liverpool","341","Total",158.740740740741,"62497.0423280423","20724599","20940220","215621","1795088","829125","965963","725881","22735308","9785220","10279478","20064698","659901","581357","70279","13753","6204","123","0","49238","69457","663","1550","36491","37194","0","16910","124614","20761","16142","147319","65980","737522","15142",162,"73940","92.1044043036496","7.89559569635036","3.64686064512519","4.24873505122517","2.55706674393855","0.30911831060305","0.647974507316989","3.24394989502671","0.290209395887665","0.0666012529938015","0.0604918129985307","0.027287952289892","0.000541008725283159","0.216570631020262","0.00291616898262386","0.006817589627552","0.160503653612258","0.305502788877987","22.3503681563024","Academic year"
"202526","Local authority","E92000001","England","E12000002","North West","E08000013","St. Helens","342","Total",66.4179894179894,"22102.3333333333","7515127","7589210","74083","591836","341182","250654","187426","8181046","3608438","3739381","7347819","167308","256380","26847","923","682","445","0","12970","32074","180","433","10248","17433","0","8551","43183","2551","2365","45513","20118","182928","2095",67,"26475","92.7657661379731","7.23423386202693","4.17039581491169","3.06383804711525","3.13382909715946","0.328160971103206","0.556322504481701","2.23599769516025","0.245909875094212","0.0256079723790821","0.0112821758978008","0.00833634232101861","0.00543940224758546","0.158537184609401","0.00220020765070872","0.00529272173753821","0.12526515558035","0.39205255660462","19.1182012310011","Academic year"
"202526","Local authority","E92000001","England","E12000002","North West","E08000014","Sefton","343","Total",97.2539682539683,"33849.1005291005","11166948","11342643","175695","956787","552889","403898","311874","12299430","5350635","5538756","10889391","277557","402293","52426","1738","1196","132","18","14803","36175","543","949","42616","42015","0","15795","83925","29368","4592","76533","34317","283419","9629",98,"38889","92.220883406792","7.77911659320798","4.49524083636396","3.28387575684402","3.2708263716286","0.426247395204493","0.62224834809418","2.30432629804796","0.279012929867482","0.0782881808343964","0.0141307361398049","0.00972402786145374","0.00107322046631429","0.120355170930685","0.00441483873642925","0.00771580471615351","0.346487601457954","0.294119320976663","21.6165838228649","Academic year"
"202526","Local authority","E92000001","England","E12000002","North West","E08000015","Wirral","344","Total",119.84126984127,"40424.544973545","13529664","13769343","239679","1126562","703108","423454","336298","14895905","6522964","6707345","13230309","299355","510678","54125","2619","6405","2","0","13462","78862","929","1266","34760","76068","0","13834","114356","32061","3360","79404","36943","299647","7460",122,"45818","92.4371026802333","7.56289731976674","4.72014288490696","2.84275443485978","3.42831133791468","0.363354895187637","0.533059253533102","2.01160654555732","0.248007757836801","0.0500808779325593","0.0175820133117122","0.0429983945252068","1.34265088291044e-05","0.0903738309287015","0.00623661335111898","0.00849898008882307","0.233352723449834","0.529420669640415","20.2783573705088","Academic year"
"202526","Local authority","E92000001","England","E12000002","North West","E10000017","Lancashire","888","Total",588,"152843.560846561","51179779","51892926","713147","3774052","2620242","1153810","1084937","55666978","24834729","25382581","50217310","962469","1907465","200432","33857","13924","9943","0","90300","239802","1782","3477","119260","119927","0","55841","404069","112126","21184","302785","122468","709720","18837",591,"168718","93.2203037858459","6.77969621415411","4.70699523153565","2.07270098261846","3.42656466819521","0.360055471306526","0.543922107645218","1.2749389772874","0.220001164783905","0.0338387329019369","0.0608206179254063","0.0250130337594399","0.0178615767502234","0.162214661625785","0.00320117970118658","0.00624607285130513","0.214238322762913","0.430779626657657","18.1783499064684","Academic year"
"202526","Local authority","E92000001","England","E12000003","Yorkshire and The Humber","E06000010","Kingston upon Hull, City of","810","Total",87.4285714285714,"34546.1746031746","11784972","11976987","192015","914642","474311","440331","330566","12891629","5663333","5823793","11487126","297846","327919","41286","4405","485","65","0","34982","39275","219","972","24703","64477","2","21693","81686","21247","2910","74410","32720","329023","4178",89,"41656","92.9051479840135","7.0948520159865","3.67921695543674","3.41563506054976","2.54365836931857","0.320254329379165","0.577196256578591","2.55222206596234","0.253808110673989","0.0324086273348388","0.0341694598874975","0.00376213122484366","0.000504203153845026","0.271354380427795","0.00169877677987786","0.00753977639288254","0.191620469375903","0.30465505949636","20.8727655099895","Academic year"
"202526","Local authority","E92000001","England","E12000003","Yorkshire and The Humber","E06000011","East Riding of Yorkshire","811","Total",142.185185185185,"36976.1428571429","12722518","12935728","213210","897950","605372","292578","223772","13833678","6225492","6296999","12522491","200027","453212","50378","1206","872","2716","0","19226","45484","511","1092","30675","31651","0","13710","101042","22826","43981","58644","23745","204463","5726",144,"43100","93.5089569093628","6.49104309063721","4.37607409974412","2.11496899089309","3.27614969786054","0.364169239735087","0.423921967823741","1.47800895755995","0.171646325727692","0.0413917397817124","0.00871785507802047","0.00630345740301314","0.0196332457644308","0.138979669759553","0.00369388386805013","0.00789377922487425","0.221741463116317","0.328791807934231","17.4387747365229","Academic year"
"202526","Local authority","E92000001","England","E12000003","Yorkshire and The Humber","E06000012","North East Lincolnshire","812","Total",59.9999396189959,"19345.9386528998","6421386","6500328","78942","526410","294921","231489","122855","7026738","3118706","3197183","6315889","105497","214775","22046","874","1229","2","11","21950","17630","296","731","15371","13558","0","10141","43186","10940","1117","42895","17358","168444","2792",62,"22589","92.5084726369476","7.49152736305239","4.1971253233008","3.29440203975159","3.05653917934609","0.313744443011821","0.610453954594579","2.39718629042381","0.247027852753297","0.0397339419799059","0.0124382039005866","0.0174903347755388","2.84627091546604e-05","0.312378232972398","0.00421248095488974","0.0104031201960284","0.218750151208142","0.250898781198331","22.0086363003204","Academic year"
"202526","Local authority","E92000001","England","E12000003","Yorkshire and The Humber","E06000013","North Lincolnshire","813","Total",77.3404255319149,"20592.369325293","6994586","7092765","98179","534226","316188","218038","110160","7626991","3424362","3472007","6896369","98217","232775","24231","1796","1464","1046","0","11907","24703","165","384","17713","22679","0","8518","58142","7134","1706","40423","11943","160665","5007",79,"23091","92.9955863328015","7.00441366719851","4.14564537967857","2.85876828751994","3.05198996563651","0.317700650230215","0.529999314277413","2.10653192064865","0.156588620597559","0.0656484319963141","0.023547949643575","0.0191949879054531","0.0137144517411913","0.156116612698245","0.00216336953852443","0.0050347509260205","0.232240997793232","0.323889198243449","19.4934418815016","Academic year"
"202526","Local authority","E92000001","England","E12000003","Yorkshire and The Humber","E06000014","York","816","Total",60.2380389508049,"20179.9106439266","6832855","6947729","114874","555604","338370","217234","178959","7503333","3299364","3378261","6677625","155230","234895","28132","1368","617","1516","0","17487","30975","414","265","22701","18353","0","5764","70560","15211","4986","35239","23729","154518","3748",60,"24427","92.5952373431913","7.40476265680865","4.50959593556623","2.89516672124241","3.13054212041502","0.374926715900787","0.469644623262755","2.05932483604286","0.316246126887878","0.0499511350489176","0.0182318977446423","0.00822301235997389","0.0202043545181855","0.233056429722631","0.00551754800166806","0.00353176381749284","0.302545548758132","0.412816544327701","18.1763977434298","Academic year"
"202526","Local authority","E92000001","England","E12000003","Yorkshire and The Humber","E06000065","North Yorkshire","815","Total",338.873015873016,"66153.2751322751","22545869","22914123","368254","1714196","1210767","503429","370525","24628319","11051968","11164004","22215972","329897","837398","95467","3480","13608","4506","14","53934","123034","1457","3615","74254","64932","0","45658","213719","38635","5310","126727","40628","325308","10766",342,"79050","93.0397360859261","6.96026391407388","4.91615769634948","2.0441062177244","3.40014273812192","0.387631003155351","0.514558058144366","1.32086968664","0.164964567821295","0.0437139051187375","0.0141300752195065","0.0552534665480011","0.0182960111893954","0.218991803703696","0.00591595390655773","0.0146782246892287","0.301498449812998","0.499563124872631","17.6182914318639","Academic year"
"202526","Local authority","E92000001","England","E12000003","Yorkshire and The Humber","E08000016","Barnsley","370","Total",88.7028312507036,"30053.0742147923","10039710","10158583","118873","848328","472636","375692","174452","11006911","4895662","4994511","9890173","149537","322848","31956","934","1494","2885","0","42435","31009","817","447","37811","34697","0","10938","64299","5290","3649","85429","24915","262979","2369",91,"33472","92.2927695154435","7.70723048455647","4.29399311032859","3.41323737422788","2.93313900693846","0.29032668656992","0.776139645355541","2.38921710187354","0.226357785576716","0.0215228414220847","0.00848557783378098","0.0135732904536068","0.02621080519321","0.385530508968411","0.00742260930428165","0.00406108489475385","0.34352053905042","0.28172300112175","20.2537062509552","Academic year"
"202526","Local authority","E92000001","England","E12000003","Yorkshire and The Humber","E08000017","Doncaster","371","Total",123.084656084656,"40513.0105820106","13367466","13557317","189851","1000461","559185","441276","261731","14557778","6486783","6649943","13136726","230740","398181","38572","3804","2199","4399","0","40434","46640","387","1434","23135","48953","0","9930","107763","17154","6051","107067","30991","298515","4703",126,"48307","93.1276531349771","6.87234686502295","3.84114251501843","3.03120435000451","2.73517703045066","0.264958017631537","0.735462513578652","2.05055331933211","0.212882762740303","0.032305754353446","0.026130361377952","0.0151053272003461","0.0302175235808652","0.277748431113594","0.00265837272693676","0.00985040436802924","0.158918483301504","0.320378563267004","19.9781608661308","Academic year"
"202526","Local authority","E92000001","England","E12000003","Yorkshire and The Humber","E08000018","Rotherham","372","Total",117.21164021164,"36623.708994709","12413162","12607945","194783","1030489","533170","497319","281246","13638434","6009840","6151617","12161457","251705","357935","41711","6681","865","557","0","34633","32588","505","1332","56363","53375","0","9827","96844","33561","1176","106937","29541","357030","3811",120,"42938","92.4442278343687","7.55577216563133","3.90931979434002","3.64645237129131","2.62445820392576","0.305834232874537","0.784085621560364","2.61782254472911","0.216601114174839","0.0279430908269967","0.0489865625334991","0.00634237039237789","0.00408404659948496","0.25393677895864","0.0037027711539316","0.00976651718225128","0.413265921879301","0.238942388840244","20.602795573675","Academic year"
"202526","Local authority","E92000001","England","E12000003","Yorkshire and The Humber","E08000019","Sheffield","373","Total",173.481481481481,"70904.9523809524","22927139","23256889","329750","1979664","1054710","924954","669033","25236553","10945010","11396585","22341595","585544","694886","84677","21918","8257","184","0","65049","67172","342","2253","109972","65709","0","22367","195301","40980","5393","164960","83489","663714","12791",175,"77060","92.1555689479463","7.84443105205374","4.17929500910842","3.66513604294533","2.75349014582142","0.335533145116926","0.653655037595665","2.62997089975006","0.330825687644426","0.0506844179551779","0.0868502128638566","0.0327184144363931","0.00072910115735695","0.257757071657132","0.00135517715117433","0.00892752667133265","0.435764741722057","0.266169472510766","21.3804951218574","Academic year"
"202526","Local authority","E92000001","England","E12000003","Yorkshire and The Humber","E08000032","Bradford","380","Total",196.539682539683,"79376.4391534391","26210346","26520457","310111","2371628","1273952","1097676","764409","28892085","12551288","13005167","25556455","653891","877478","85012","26242","9841","334","0","78780","94117","539","2726","98883","75122","0","12226","184053","15751","22959","199031","110518","776159","11968",202,"96978","91.7914266138979","8.20857338610211","4.40934601985284","3.79922736624927","3.03708783910888","0.294239754590228","0.688877247869096","2.68640702116168","0.382519987740587","0.0414231094779072","0.0908276436262734","0.034061231648737","0.00115602594966753","0.272669833277868","0.00186556283494251","0.00943510999638828","0.342249443056809","0.325753575763051","24.0551769593823","Academic year"
"202526","Local authority","E92000001","England","E12000003","Yorkshire and The Humber","E08000033","Calderdale","381","Total",98,"29225.1058201058","9739111","9863132","124021","699834","461161","238673","284697","10562966","4668957","4805195","9474152","264959","351954","27906","4098","3863","20","0","15531","41206","736","866","14981","26701","0","10017","71398","9002","6903","56939","19738","158104","3892",99,"34081","93.3746449624092","6.62535503759077","4.36582868864673","2.25952634894404","3.33196187510213","0.264187161068208","0.539043673907499","1.49677656824797","0.186860395082215","0.0368457117063522","0.0387959215243143","0.0365711676057653","0.000189340759025448","0.147032566421212","0.00696773993213648","0.0081984548658019","0.141825695548012","0.39009876582013","18.3858659056658","Academic year"
"202526","Local authority","E92000001","England","E12000003","Yorkshire and The Humber","E08000034","Kirklees","382","Total",174.608465608466,"55968","19278773","19558231","279458","1357008","887244","469764","399520","20915239","9348257","9567814","18916071","362702","652175","60737","24905","3217","210","0","32109","70110","893","1316","41572","62599","0","21653","145453","26829","22924","109114","36818","313731","10101",178,"61218","93.5118695033798","6.48813049662019","4.242093528073","2.24603696854719","3.11818095886927","0.290395916585032","0.521696166130351","1.50001154660485","0.176034325976385","0.0482949298356093","0.119075856603886","0.0153811295199639","0.00100405259533491","0.153519641826708","0.00426961413159085","0.00629206293076546","0.198764164253633","0.335210130756813","17.1380898137304","Academic year"
"202526","Local authority","E92000001","England","E12000003","Yorkshire and The Humber","E08000035","Leeds","383","Total",273.893617021277,"110389.723404255","36260916","36740303","479387","2849546","1497079","1352467","926978","39589849","17446070","17997363","35443433","817483","1056210","108601","32943","7911","443","0","47408","131183","1422","3738","107220","125494","0","21649","297909","22866","11469","246348","109495","979016","17608",278,"126003","92.8023317290248","7.19766827097522","3.78147186163807","3.41619640933715","2.66788084996232","0.274315267027161","0.622250415756827","2.47289652456113","0.27657342163644","0.0444760473827521","0.0832107240419129","0.0199823949821077","0.00111897370459786","0.119747867692044","0.00359182981475883","0.00944181423879641","0.270826999112828","0.331355141061538","19.6154538210421","Academic year"
"202526","Local authority","E92000001","England","E12000003","Yorkshire and The Humber","E08000036","Wakefield","384","Total",132.772486772487,"44770.2962962963","15260102","15437124","177022","1228781","720209","508572","253970","16665905","7445544","7594628","15040172","219930","493813","47692","6203","2578","3767","0","41895","71468","333","671","51789","49728","0","11749","105303","8838","1404","116397","34040","352076","6059",137,"53306","92.6269770528513","7.37302294714868","4.32145149033311","3.05157145681558","2.96301340971282","0.286165077744053","0.698413917516031","2.11255254365124","0.204249334194573","0.0363556614537284","0.037219700940333","0.0154687069199062","0.0226030329586062","0.251381488134008","0.00199809131277299","0.00402618399660865","0.310748201192795","0.428827597421202","19.6625287734298","Academic year"
"202526","Local authority","E92000001","England","E12000004","East Midlands","E06000015","Derby","831","Total",94.8911382938946,"36988.6161262753","12781219","12946328","165109","1048329","651294","397035","312953","13994657","6179599","6328351","12507950","273269","459184","44963","13396","3509","11","0","25258","64458","183","1622","38710","48126","0","6853","89174","19049","1907","72507","39684","276628","8216",97,"45532","92.5090768569748","7.49092314302523","4.65387611857868","2.83704702444654","3.28113793714273","0.321286902565743","0.518104873881511","1.97666866719206","0.283565363552676","0.0587081198203","0.0957222459971688","0.0250738549719368","7.8601426244316e-05","0.180483165825358","0.00130764190933726","0.0115901375789346","0.276605564537952","0.460590066623283","22.1523154583364","Academic year"
"202526","Local authority","E92000001","England","E12000004","East Midlands","E06000016","Leicester","856","Total",110.369565217391,"51131.9782608696","16692797","16915386","222589","1229960","728693","501267","382778","18145346","8066015","8297661","16363676","329121","512377","45957","29273","1351","1370","0","22326","61092","237","3556","51154","45502","0","16038","121969","38273","807","104113","53657","336328","7169",113,"58167","93.2216227786453","6.77837722135472","4.01586720914553","2.76251001220919","2.82373783338163","0.253271555141467","0.573772470362373","1.85352210974649","0.295706678726325","0.0395087533740057","0.161325113337602","0.00744543531988864","0.00755014536509803","0.123039814176043","0.00130612003761185","0.0195973116191887","0.28191250803374","0.336681372733262","19.6768577956697","Academic year"
"202526","Local authority","E92000001","England","E12000004","East Midlands","E06000017","Rutland","857","Total",19.4673913043478,"4914.04347826087","1620507","1647266","26759","110760","80525","30235","19257","1758026","802050","801933","1603983","16524","55969","6418","89","306","890","0","1346","7970","20","290","7227","3010","0","4068","16351","1338","1992","3096","2733","23871","535",21,"5852","93.6997518808027","6.30024811919733","4.58042144996718","1.71982666923015","3.18362754589523","0.365068548474255","0.176106610482439","1.35782974768291","0.155458451695254","0.0304318593695429","0.00506249623156882","0.0174058859197759","0.0506249623156882","0.0765631452549621","0.00113763960259973","0.0164957742376961","0.411086070399414","0.453349381635994","15.0455927051672","Academic year"
"202526","Local authority","E92000001","England","E12000004","East Midlands","E06000018","Nottingham","892","Total",98.6931216931217,"39673.6825396825","13540060","13707179","167119","1098567","536046","562521","416766","14805746","6457061","6722961","13180022","360038","372540","36889","18173","1634","181","0","29964","48608","112","1205","26740","41063","0","5175","94483","20230","6168","72288","56728","421635","11870",100,"47672","92.580130714116","7.41986928588401","3.62052678737025","3.79934249851375","2.51618527023225","0.249153267927195","0.488242875434983","2.84777950398447","0.383148542464527","0.080171576629776","0.122742886444222","0.0110362557887998","0.00122249834625017","0.202380886447735","0.000756463065082975","0.00813873208415165","0.18060555678856","0.328304970246011","22.025529591117","Academic year"
"202526","Local authority","E92000001","England","E12000004","East Midlands","E06000061","North Northamptonshire","940","Total",138.142857142857,"46118.0529100529","15699824","15882366","182542","1233599","817312","416287","333961","17115965","7621960","7784884","15406844","292980","584735","59779","3593","3477","1023","0","36710","74004","277","1535","52179","30718","0","19732","115269","10937","5886","71140","40981","298133","6033",140,"54568","92.7926996812625","7.20730031873751","4.77514414174135","2.43215617699616","3.41631336591305","0.349258718395369","0.415635343961033","1.74184160811266","0.239431431415056","0.0352477935074067","0.0209920971443912","0.020314367317297","0.00597687597514952","0.21447812028127","0.00161837208711282","0.00896823521197899","0.304855729723682","0.432368259692048","19.9539539148928","Academic year"
"202526","Local authority","E92000001","England","E12000004","East Midlands","E06000062","West Northamptonshire","941","Total",177.084656084656,"55472.8783068783","18880753","19145937","265184","1380123","931890","448233","383181","20526060","9193761","9338082","18531843","348910","682542","70236","8099","4899","937","0","30033","81131","1474","2114","50411","50853","0","27908","141597","35880","8946","86070","34271","319305","8587",178,"63755","93.2762400577607","6.72375994223928","4.54003349887899","2.18372644336029","3.3252460530662","0.342179648700238","0.419320609995294","1.55560784680548","0.166963362671648","0.0418346238878772","0.0394571583635632","0.0238672204992093","0.00456492868090613","0.146316438712544","0.00718111512876801","0.0102991027016388","0.245595111774983","0.39525851527278","17.885759024504","Academic year"
"202526","Local authority","E92000001","England","E12000004","East Midlands","E10000007","Derbyshire","830","Total",398.041237113402,"87025.4587628866","30387185","30845251","458066","2213460","1514600","698860","501028","33058711","14871150","15075700","29946850","440335","1054099","112099","2530","12061","4566","0","46544","148260","604","1794","132041","99021","0","37348","266761","47164","7772","142804","60693","469375","25988",408,"103492","93.3044576359919","6.69554236400808","4.58154584430107","2.11399651970701","3.18856654755837","0.339090656014991","0.431970865409725","1.41982244861271","0.18359155019686","0.078611655487717","0.00765305096136386","0.0364835761442725","0.0138117907863982","0.140791938318466","0.0018270524824758","0.00542670886351256","0.399413637149978","0.448474836178579","17.0710444500462","Academic year"
"202526","Local authority","E92000001","England","E12000004","East Midlands","E10000018","Leicestershire","855","Total",280.033519553073,"86761.4134078212","28170127","28613512","443385","1978284","1431355","546929","512032","30591796","13747574","13960949","27708523","461604","1060455","106683","9986","4433","6706","0","33754","121390","1050","4387","82511","93297","0","33347","257773","50652","8316","95475","50428","390941","10085",285,"99700","93.5332858521938","6.46671414780616","4.67888514946948","1.78782899833668","3.46646859177539","0.348730751211861","0.312093477610795","1.27792758555268","0.164841580402798","0.0329663547704097","0.0326427385956679","0.0144908131578806","0.0219209097759412","0.110336771335688","0.00343229276241251","0.0143404460463845","0.269716102970875","0.396805731837385","16.5788671687927","Academic year"
"202526","Local authority","E92000001","England","E12000004","East Midlands","E10000019","Lincolnshire","925","Total",346.956284153005,"88958.1202185792","29593575","29941253","347678","2195809","1580371","615438","448123","32137062","14513928","14679579","29193507","400068","1107200","113759","4821","22524","4487","28","77038","143414","991","2556","103547","34990","0","45077","218946","40625","8040","129872","48055","427353","10158",349,"105319","93.1673623432036","6.83263765679638","4.91759638762249","1.91504126917389","3.44524337663474","0.353980709250895","0.404119082198615","1.32978241757134","0.149531403959702","0.0316083654442338","0.0150013713139054","0.0700873029401381","0.0139620728242053","0.239716997154251","0.00308366707572708","0.00795343395111849","0.32220431351192","0.446257346113344","19.0822712435287","Academic year"
"202526","Local authority","E92000001","England","E12000004","East Midlands","E10000024","Nottinghamshire","891","Total",339.518518518518,"102453.904761905","35046044","35539096","493052","2510007","1573552","936455","625971","38049103","17125363","17373707","34499070","546974","1097005","125283","7387","3899","7330","3","62090","157032","981","3383","109153","119431","0","36527","296234","34601","6259","206301","78997","630057","21100",344,"121186","93.4032426467452","6.59675735325482","4.13558238153472","2.4611749717201","2.8831297284459","0.329266632120079","0.542196750341263","1.65590500254369","0.207618560679341","0.0554546581558046","0.0194143867202336","0.0102472849359944","0.0192645802977274","0.163183873217721","0.00257824737681727","0.00889114258488564","0.286874042733675","0.412708809456034","17.3964016774135","Academic year"
"202526","Local authority","E92000001","England","E12000005","West Midlands","E06000019","Herefordshire, County of","884","Total",95.9259259259259,"20149.2328042328","6845890","6951856","105966","494469","393341","101128","100036","7446325","3364235","3393230","6757465","88425","272889","33463","511","1242","949","0","9893","54873","233","1211","18077","14055","0","11891","71148","6600","2272","22817","11611","64547","2153",99,"23090","93.3595565597795","6.64044344022051","5.28235068976979","1.35809275045073","3.66474737538316","0.449389463930194","0.306419609673228","0.866830282051885","0.155929267121701","0.028913591603912","0.00686244556878729","0.0166793686818666","0.012744541770605","0.132857483389457","0.00312906030827287","0.0162630559369891","0.242764048037119","0.736913846763336","17.3428651007335","Academic year"
"202526","Local authority","E92000001","England","E12000005","West Midlands","E06000020","Telford and Wrekin","894","Total",72.1375661375661,"26657.6349206349","9040327","9187751","147424","652166","424287","227879","187293","9839917","4386085","4489518","8875603","164724","294907","28949","2976","9066","76","0","15317","38378","204","2247","32167","25583","34","15183","86004","20117","503","30152","22569","171764","3394",73,"29467","93.3722408430884","6.62775915691159","4.31189612676611","2.31586303014548","2.99704763769857","0.294199636033515","0.306425348913004","1.7455838296197","0.229361690754099","0.0344921608586739","0.0302441575472639","0.0921349234957978","0.00077236423843819","0.155661882107339","0.00207318821896567","0.022835558470666","0.326903163918964","0.39002361503659","18.2300942265972","Academic year"
"202526","Local authority","E92000001","England","E12000005","West Midlands","E06000021","Stoke-on-Trent","861","Total",89.7460317460317,"34083.0687830688","11493316","11674069","180753","908537","519224","389313","278590","12582606","5545022","5692567","11237589","255727","373522","27946","10977","3358","2","0","34536","46211","102","930","21640","32353","0","6476","110318","29561","2045","64260","22863","295833","6357",92,"40155","92.7794210515691","7.22057894843087","4.12652196214361","3.09405698628726","2.9685583415709","0.222100254907449","0.510705016115104","2.35112662670992","0.18170321791845","0.0505221255437864","0.0872394796435651","0.0266876352958998","1.58949584847527e-05","0.274474143114709","0.000810642882722387","0.00739115569541","0.171983450805024","0.367260963269453","21.5535638070849","Academic year"
"202526","Local authority","E92000001","England","E12000005","West Midlands","E06000051","Shropshire","893","Total",147.26455026455,"32346.3968253968","10859175","11027726","168551","836415","605403","231012","237976","11864141","5305556","5336991","10642547","216628","439846","45760","1208","365","2300","0","18362","56381","463","1445","39273","29881","0","13920","92925","30074","1751","45629","21348","158867","5168",150,"35952","92.9500584998105","7.04994150018952","5.10279673850808","1.94714476168144","3.70735647865277","0.38570006880397","0.384595901211896","1.33905185381731","0.179937173706887","0.0435598329453434","0.0101819423757691","0.00307649748936733","0.0193861485631366","0.154768895615789","0.00390251599336185","0.0121795585537967","0.33102270109568","0.475221931364437","19.279111712321","Academic year"
"202526","Local authority","E92000001","England","E12000005","West Midlands","E08000025","Birmingham","330","Total",404.280423280423,"167602.407407407","55307145","55915809","608664","4287061","2626534","1660527","1530038","60202870","26521567","27454599","53976166","1330979","1915360","176635","115483","32412","203","0","107402","215093","687","6960","56297","74421","0","27490","391545","106785","8423","343240","199059","1082256","35972",408,"194260","92.8789757033178","7.1210242966822","4.36280529483063","2.75821900185157","3.18150945295465","0.293399633605508","0.570138931914708","1.79768173842875","0.330647027292885","0.0597513042152309","0.191823080859766","0.0538379648677879","0.000337193226834535","0.178400132751146","0.00114114161002623","0.0115609106343269","0.0935121531581468","0.357280309061678","21.9467674841841","Academic year"
"202526","Local authority","E92000001","England","E12000005","West Midlands","E08000026","Coventry","331","Total",113.380952380952,"48940.2804232804","16428707","16625582","196875","1343452","830995","512457","573543","17969034","7797993","8107527","15905520","523187","604905","44557","17870","3437","269","0","36219","77974","621","2044","43098","41325","0","8510","117532","26011","3497","92813","50356","361872","7416",114,"60458","92.5235157326766","7.47648426732344","4.62459473336185","2.85188953396159","3.36637461980427","0.247965472156155","0.516516358085805","2.01386451825958","0.28023765773942","0.041270999876788","0.0994488629717101","0.0191273498619904","0.00149701981753721","0.201563422941934","0.00345594537803201","0.0113751245615095","0.239845948313081","0.433935402426196","21.5759083566959","Academic year"
"202526","Local authority","E92000001","England","E12000005","West Midlands","E08000027","Dudley","332","Total",102.724867724868,"40639.8624338624","13683418","13853477","170059","1062034","642719","419315","384973","14915511","6581801","6763947","13345748","337670","459999","44580","7817","7098","1354","0","22510","58982","699","1586","38094","26314","0","7761","113796","21450","738","80754","47303","284749","6509",105,"46551","92.8796673476356","7.12033265236437","4.30906457043275","2.81126808193162","3.08403111365075","0.298883491152264","0.541409543394122","1.90907974926236","0.317139654149295","0.0436391351258432","0.0524085296172555","0.0475880444189944","0.00907779827322041","0.150916720184779","0.00468639659747494","0.0106332260423394","0.255398557917325","0.39544069257835","20.5046673783188","Academic year"
"202526","Local authority","E92000001","England","E12000005","West Midlands","E08000028","Sandwell","333","Total",119.455026455026,"53035.5396825397","17304231","17494495","190264","1292476","724206","568270","496482","18786971","8285162","8581611","16866773","437458","533350","44022","22918","5192","1056","0","20059","63034","220","1725","32630","32798","0","2611","115363","36138","3354","78099","59024","423323","7824",121,"61069","93.1203598493871","6.87964015061289","3.85483109544375","3.02480905516914","2.83893555805244","0.234321967069625","0.415708311893386","2.25327967983769","0.314175180235281","0.0416458832027792","0.121988797449041","0.0276361740272021","0.00562091675129535","0.106770804085448","0.00117102432318653","0.00918189526134894","0.173684198479893","0.335519759944272","20.8937027351756","Academic year"
"202526","Local authority","E92000001","England","E12000005","West Midlands","E08000029","Solihull","334","Total",79.2645502645503,"32792.0317460317","10666595","10803650","137055","849875","570550","279325","264758","11653525","5141135","5289642","10430777","235818","418237","38710","8615","3104","130","0","15381","63926","306","1190","20951","16887","0","11057","82161","24169","2781","50025","28940","198100","2260",81,"38250","92.7071422595309","7.29285774046909","4.89594350207341","2.39691423839568","3.5889312461251","0.332174170476315","0.429269255439878","1.69991483263648","0.248336876610296","0.019393273709028","0.0739261296474672","0.0266357175189481","0.00111554229299718","0.13198581545069","0.00262581493582414","0.010211502528205","0.179782512158338","0.548555050939523","20.2174169916105","Academic year"
"202526","Local authority","E92000001","England","E12000005","West Midlands","E08000030","Walsall","335","Total",110.021164021164,"43060.8994708995","14171541","14326375","154834","1156677","589675","567002","392755","15483052","6807078","7021169","13828247","343294","424169","42919","12677","6578","928","0","23616","51944","256","2534","24054","29833","0","12167","104365","5938","2531","83693","49461","429054","4794",111,"45986","92.5293992424749","7.47060075752507","3.80851914725856","3.6620816102665","2.73956969207363","0.277199869896452","0.540545882039278","2.77112031917221","0.319452521376276","0.0309628876787341","0.0818766222576789","0.0424851637777875","0.00599365034748963","0.152528067463702","0.00165342078551438","0.016366282306615","0.155356967088918","0.335489411260777","21.8536050220425","Academic year"
"202526","Local authority","E92000001","England","E12000005","West Midlands","E08000031","Wolverhampton","336","Total",96.6755319148936,"40400.0159574468","13064037","13238057","174020","955970","527249","428721","430316","14194027","6206522","6455599","12662121","401916","372114","32592","9073","3439","251","0","18523","65275","247","830","24905","36481","0","7562","104548","21255","4174","76324","28400","314398","9599",100,"47172","93.2649839259852","6.7350160740148","3.71458360618872","3.02043246782608","2.62162387037872","0.229617711731843","0.537719140593434","2.21500212730327","0.200084162162014","0.0676270377673651","0.0639212536371813","0.0242285011857452","0.00176834946136146","0.130498554074894","0.00174016859345132","0.00584753009135462","0.175461128825526","0.459876538208642","19.232647986145","Academic year"
"202526","Local authority","E92000001","England","E12000005","West Midlands","E10000028","Staffordshire","860","Total",396.269841269841,"104301.507936508","35046719","35573630","526911","2401340","1715262","686078","647852","37974970","17113603","17357793","34471396","575323","1303225","121211","10359","9458","4115","0","53287","141859","1041","3279","67428","89464","1","24949","326494","69490","16513","162487","72529","433537","17525",403,"121906","93.6765190334581","6.32348096654191","4.51682252810206","1.80665843843985","3.43179994612241","0.319186558936057","0.427879205697858","1.14163882157116","0.190991592620086","0.0461488185507454","0.0272784942292252","0.024905878793321","0.010836084926466","0.140321374842429","0.00274127932161632","0.00863463486607099","0.177559060612819","0.373559215451651","16.5960445596885","Academic year"
"202526","Local authority","E92000001","England","E12000005","West Midlands","E10000031","Warwickshire","937","Total",243.804232804233,"74826.5396825397","25088069","25481077","393008","1999698","1397853","601845","590835","27480775","12161516","12395873","24557389","530680","1020848","88398","6497","13351","2983","4","44868","143056","895","3683","73270","84336","0","17498","233149","44400","13625","92632","60155","438047","11011",246,"86915","92.7232838229635","7.27671617703649","5.08665785444552","2.19005832259097","3.71477150844545","0.321672150803607","0.337079285427722","1.59401254149492","0.218898484485972","0.0400680111823629","0.0236419824404516","0.0485830548810941","0.0108548612621005","0.163270504561825","0.00325682226938651","0.0134020965565927","0.266622757182066","0.520567560412688","18.6768279213607","Academic year"
"202526","Local authority","E92000001","England","E12000005","West Midlands","E10000034","Worcestershire","885","Total",231.968253968254,"66903.1164021164","22679520","23047219","367699","1802851","1298791","504060","499324","24850070","11024268","11199571","22223839","455681","932097","84681","5986","9328","5177","0","30592","140328","656","2754","87187","71091","0","22233","213425","42409","18541","120589","43643","321583","18245",236,"80184","92.7450868347655","7.25491316523454","5.22650841627408","2.02840474896047","3.75088279429394","0.340767651761142","0.485266238686652","1.29409293414465","0.175625259808121","0.0734203163210406","0.0240884633322964","0.0375371176016808","0.0208329393035915","0.123106293060744","0.00263983159805988","0.0110824637516112","0.350852130396413","0.564698610506932","19.2239078425136","Academic year"
"202526","Local authority","E92000001","England","E12000006","East of England","E06000031","Peterborough","874","Total",78.8941798941799,"33609.6931216931","11593039","11745392","152353","861271","592871","268400","248602","12606663","5616356","5756303","11372659","220380","433876","33798","12731","4558","1307","0","25005","46248","557","824","33967","26754","0","7368","81336","27188","9707","45623","28222","182025","12530",80,"40334","93.1681286316609","6.83187136833911","4.7028384910424","2.12903287729671","3.44164034526821","0.26809632334901","0.361895927574172","1.44387932000721","0.223865744646303","0.0993918850690306","0.100986280033027","0.0361554838104263","0.0103675334226036","0.198347492909107","0.00441829848231844","0.00653622612105995","0.269436884288888","0.366853623357743","19.1288081239979","Academic year"
"202526","Local authority","E92000001","England","E12000006","East of England","E06000032","Luton","821","Total",62.4708994708995,"35076.2169312169","11850339","11999942","149603","823599","554963","268636","240925","12823541","5769271","5877807","11647078","203261","400237","40872","31126","1159","55","0","13974","48967","386","1277","16910","29304","0","11248","80946","23897","4208","65914","37664","152889","12169",63,"38990","93.5774447946944","6.42255520530562","4.32768920846434","2.09486599684128","3.12111139972961","0.318726317481264","0.514007792387454","1.1922525923222","0.293709826326441","0.0948957858051844","0.242725468729737","0.0090380652270695","0.000428898694986042","0.108971461158817","0.00301008902299295","0.00995824788176682","0.131866853312981","0.381852407225118","18.9149827052612","Academic year"
"202526","Local authority","E92000001","England","E12000006","East of England","E06000033","Southend-on-Sea","882","Total",49.4920634920635,"25194.9894179894","8545755","8660542","114787","624375","419601","204774","167781","9284917","4143041","4252478","8395519","150236","306529","27088","4120","13490","3","2","15338","35254","433","848","16496","12337","0","19812","61724","18400","2514","35520","17545","147519","4190",50,"30427","93.2753841525993","6.72461584740068","4.519168022719","2.20544782468169","3.30136499873935","0.291741972491515","0.382555923763239","1.5888025708792","0.188962378446679","0.0451269515925667","0.0443730407067721","0.145289397848144","3.23104665340573e-05","0.165192645233124","0.00466347733641561","0.00913309187362687","0.17766448531527","0.379691062397219","18.6631631991937","Academic year"
"202526","Local authority","E92000001","England","E12000006","East of England","E06000034","Thurrock","883","Total",53.6878306878307,"25619.4074074074","8675288","8788737","113449","573008","343587","229421","139936","9361745","4251351","4303684","8555035","120253","230441","26475","5541","2585","7821","0","12369","39256","414","2123","16562","17121","0","16212","65310","11109","3697","37984","19683","168922","2832",55,"31432","93.8792607574763","6.1207392425237","3.67011705616848","2.45062218635521","2.46151759100467","0.282799841268909","0.405736323730245","1.80438582764218","0.210249264426664","0.0302507705561303","0.0591876834927676","0.0276123735478802","0.0835421174150759","0.132122804028522","0.0044222524753665","0.0226773961478335","0.176911462553189","0.419323534234269","17.4960954138861","Academic year"
"202526","Local authority","E92000001","England","E12000006","East of England","E06000055","Bedford","822","Total",72.1111111111111,"26121.1005291005","8808651","8927745","119094","641087","447463","193624","180285","9568832","4289267","4361165","8650432","158219","335572","31809","6063","2692","117","0","17232","32781","397","1114","19686","25271","0","11524","63892","15984","2423","42950","22066","120425","8183",73,"30744","93.3002585895541","6.69974141044591","4.67625515841432","2.0234862520316","3.50692749125494","0.332423016727642","0.448853109763031","1.25851305572091","0.230602857276625","0.0855172292710333","0.0633619651802853","0.0281330051567422","0.00122271976349883","0.180084674911212","0.00414888671888063","0.0116419642439119","0.205730438155879","0.342580996301325","18.8595549831867","Academic year"
"202526","Local authority","E92000001","England","E12000006","East of England","E06000056","Central Bedfordshire","823","Total",124.730158730159,"39783.253968254","13143494","13336156","192662","957365","699502","257863","218171","14293521","6428178","6529549","12957727","185767","476559","50418","3363","7196","2315","0","18723","71412","1140","1456","66920","23272","0","17622","123660","17322","10786","55514","32404","165461","4484",126,"47863","93.3021051985721","6.69789480142786","4.89383966343912","1.80405513798874","3.33409101928069","0.352733241865318","0.38838575883437","1.1575944093831","0.226704113003367","0.031370856767902","0.0235281425759265","0.0503444882475074","0.0161961492902973","0.130989418212629","0.00797564155116154","0.0101864334197291","0.468184151406781","0.499610977589077","17.5357040161028","Academic year"
"202526","Local authority","E92000001","England","E12000006","East of England","E10000003","Cambridgeshire","873","Total",255.021164021164,"76868.6296296296","26309523","26716681","407158","1969258","1486711","482547","522719","28685939","12798969","13047265","25846234","463289","982272","99957","7674","16322","7353","0","34658","131729","650","7507","198589","44504","5","21998","253458","66331","20862","90172","59430","323340","9605",261,"90483","93.1351105501549","6.8648894498451","5.18271687045001","1.68217257939508","3.42422815582227","0.348452947627059","0.314342159062668","1.12717244500869","0.207174671883671","0.0334833034400582","0.0267517824673614","0.0568989566630536","0.0256327673289691","0.120818774661691","0.00226591850453283","0.0261696157131199","0.692286907533339","0.459211044128623","17.3487932538529","Academic year"
"202526","Local authority","E92000001","England","E12000006","East of England","E10000012","Essex","881","Total",542.619047619048,"186341.994708995","62710134","63676272","966138","4847175","3150987","1696188","1379701","68523447","30451628","31014858","61466486","1243648","2178480","226183","15814","27398","14310","0","96414","343526","2079","7364","239419","143695","0","118930","512666","117145","73702","303941","136053","1232866","23328",550,"219629","92.9262534034518","7.07374659654819","4.59840702409498","2.47533957245321","3.17917456779429","0.33008117644753","0.443557662824522","1.79918853177366","0.198549556329237","0.034043821525791","0.0230782318933839","0.0399833942971374","0.0208833627415153","0.140702203728893","0.00303399798320128","0.010746686459016","0.349397192467565","0.501326210282445","18.8968044371446","Academic year"
"202526","Local authority","E92000001","England","E12000006","East of England","E10000015","Hertfordshire","919","Total",493.170103092784,"154087.082474227","53582523","54473649","891126","3849167","2857254","991913","1153499","58322816","26078025","26454052","52532077","1050446","1954316","225002","27729","88351","6536","0","68491","335532","11491","4470","135336","128548","2","100519","514442","126512","21103","202574","103053","660827","25459",508,"196889","93.4002380817826","6.59976191821739","4.89903299593764","1.70072892227975","3.35086015051125","0.385787270628359","0.347332337313754","1.13305057149504","0.176694143163458","0.0436518703074968","0.0475440006189002","0.15148616966643","0.0112065919450803","0.117434315928778","0.019702409430985","0.007664238983248","0.232046408733076","0.575301439491536","17.4219930660503","Academic year"
"202526","Local authority","E92000001","England","E12000006","East of England","E10000020","Norfolk","926","Total",405.539682539683,"96201.6613756614","32861370","33433353","571983","2631365","1818317","813048","589344","36064718","16061622","16287250","32348872","512498","1316127","131659","4195","4431","3851","77","78250","174818","1008","4372","99529","119346","2","51017","314046","72781","14791","174917","76846","547889","13396",413,"115122","92.7037693737131","7.29623062628689","5.04181676950864","2.25441385677825","3.64934781966131","0.36506316228509","0.485008644736942","1.51918282017344","0.213078055954853","0.0371443359130106","0.0116318669121439","0.0122862460757353","0.0106780260974174","0.216971057419609","0.00279497541059381","0.0121226512848374","0.275973321072412","0.484734138223402","19.0251178904822","Academic year"
"202526","Local authority","E92000001","England","E12000006","East of England","E10000029","Suffolk","935","Total",306.386243386243,"83558.3015873016","28577098","29020222","443124","2264256","1530303","733953","524866","31284478","13978844","14151488","28130332","446766","1059190","116298","5581","6555","2931","0","64776","154160","799","4096","115917","81089","0","34728","235735","61361","30211","137907","78100","507472","10474",313,"100030","92.7623660525836","7.23763394741635","4.89157274735414","2.34606120006222","3.38567260096205","0.371743456930942","0.440816049415944","1.62212072069734","0.249644568146542","0.0334798618023929","0.017839517731445","0.0209528827682533","0.00936886337051876","0.207054757314474","0.00255398220165285","0.0130927548159825","0.370525600586975","0.492768330671843","18.8919715623374","Academic year"
"202526","Local authority","E92000001","England","E12000007","London","E09000001","City of London","201","Total",1,"c","c","c","c","c","c","c","c","c","c","c","c","c","c","c","c","c","c","c","c","c","c","c","c","c","c","c","c","c","c","c","c","c","c",1,"c","c","c","c","c","c","c","c","c","c","c","c","c","c","c","c","c","c","c","c","Academic year"
"202526","Local authority","E92000001","England","E12000007","London","E09000002","Barking and Dagenham","301","Total",59.8941798941799,"36553.2380952381","12603214","12725822","122608","847801","522784","325017","272474","13573623","6113815","6239359","12353174","250040","375568","43148","17700","3448","85","11","16459","50196","796","4280","11092","24627","0","13270","69643","12632","2436","53690","22434","241934","6959",61,"45648","93.7540551995587","6.24594480044127","3.851469869172","2.39447493126927","2.76689576541208","0.317881231856815","0.395546568517484","1.78238337693628","0.165276433565305","0.0512685522501988","0.130399967643127","0.0254022083860735","0.000626214533879422","0.121257235448487","0.00586431492903553","0.0315317435882815","0.0817173130563594","0.369805467560135","19.0916240660637","Academic year"
"202526","Local authority","E92000001","England","E12000007","London","E09000003","Barnet","302","Total",122.238095238095,"46491.5185185185","15915728","16149554","233826","1003180","711549","291631","378653","17152734","7709375","7863275","15572650","343078","468958","69759","25675","24010","123","0","12537","77635","1876","8988","21988","30705","0","21935","156259","21173","3754","29632","35575","213685","12739",128,"58857","94.1514862878419","5.84851371215807","4.14831244978206","1.70020126237602","2.73401313166752","0.406693183722198","0.172753801230754","1.24577807829352","0.207401339051839","0.074268043799898","0.149684592555333","0.139977685190011","0.000717086850411136","0.0730903889723936","0.0109370319623682","0.0523998098495552","0.128189476966179","0.452610062046085","15.676855059427","Academic year"
"202526","Local authority","E92000001","England","E12000007","London","E09000004","Bexley","303","Total",80.6190476190476,"33107.2010582011","11196254","11389804","193550","752007","512303","239704","240102","12141811","5433834","5536948","10970782","225472","384349","43249","5227","7805","77","0","14947","40335","322","1581","14411","49833","0","11457","106716","19376","6168","42838","14630","172979","9257",83,"42626","93.8064675854368","6.1935324145632","4.21932938998968","1.97420302457352","3.16549977593952","0.356198922878968","0.352813925369123","1.42465567945342","0.120492733744579","0.0762406860063956","0.0430495912018397","0.0642820086723472","0.000634172282866205","0.123103546909106","0.00265199318289504","0.0130211218079412","0.118689048940063","0.332199208174135","16.9447052974645","Academic year"
"202526","Local authority","E92000001","England","E12000007","London","E09000005","Brent","304","Total",80.0051546391753,"38408.2164948454","12849005","12996134","147129","840500","561926","278574","303611","13836634","6189486","6380886","12570372","278633","391105","49658","31899","7653","6","0","13340","58282","421","3929","5633","31306","0","11688","82857","17904","3374","49101","24978","176400","28095",81,"46973","93.9255457649599","6.07445423504011","4.06114666327085","2.01330757176926","2.82659062890585","0.358887862467129","0.354862316947894","1.2748765342785","0.180520782727938","0.203047937814934","0.230540173282028","0.0553096945398715","4.33631474244386e-05","0.0964107311070019","0.00304264751094811","0.0283956343717699","0.0407107682403105","0.421215159698522","18.2353499857536","Academic year"
"202526","Local authority","E92000001","England","E12000007","London","E09000006","Bromley","305","Total",98.1358695652174,"41620.7554347826","13919919","14166845","246926","906941","629732","277209","291961","15073786","6750722","6908395","13659117","260802","453261","54336","5074","10064","2649","0","11353","60908","1661","7715","22711","37639","0","31096","139640","22661","15890","44950","31159","194991","6109",99,"52487","93.9833231014425","6.01667689855754","4.17766312988655","1.83901376867099","3.00694861927853","0.360466839584959","0.298199801960835","1.29357680943593","0.20670984714789","0.0405273101263346","0.0336610855428092","0.0667649122788396","0.0175735545137764","0.0753161813495296","0.0110191295007107","0.0511815677892734","0.150665532866129","0.404065707181991","16.0980449635827","Academic year"
"202526","Local authority","E92000001","England","E12000007","London","E09000007","Camden","202","Total",50.4232804232804,"14625.2328042328","4880582","4965581","84999","425225","287153","138072","202814","5390806","2288485","2404932","4693417","187165","196859","22892","10060","6987","11","0","9374","29582","381","834","10173","20096","0","3928","52759","7701","515","16100","15649","101461","4862",53,"19898","92.1120329687249","7.8879670312751","5.32671737769825","2.56124965357685","3.65175448717687","0.424648930048679","0.298656638728977","1.88211187714787","0.290290542824209","0.0901905948757941","0.186614023951149","0.129609561167662","0.000204051119628493","0.173888654127045","0.00706758877985964","0.0154707848881967","0.188710185452788","0.548749110986372","24.1144156090169","Academic year"
"202526","Local authority","E92000001","England","E12000007","London","E09000008","Croydon","306","Total",117.931216931217,"45488.5555555556","15036015","15228459","192444","1086191","666639","419552","401146","16314650","7210102","7475608","14685710","350305","471944","52990","15523","5280","558","0","17372","68675","535","10293","23469","30066","4","17294","121832","18318","4930","53803","50841","295773","19135",121,"55150","93.3422353528884","6.65776464711165","4.08613730604089","2.57162734107076","2.89276202676735","0.324800102974934","0.329783354224577","1.81292887067758","0.311627892722185","0.117287223446412","0.0951476127284373","0.0323635505511917","0.00342023886506912","0.106480984881686","0.00327926127744083","0.0630905351938289","0.143852304523848","0.420940688277101","20.2935078661734","Academic year"
"202526","Local authority","E92000001","England","E12000007","London","E09000009","Ealing","307","Total",86.6288659793814,"42913.1134020619","14042335","14227890","185555","955814","639388","316426","352610","15183704","6764677","6957250","13721927","320408","458307","50093","29835","15088","518","0","10854","54442","624","5111","14516","24853","0","19210","113056","25520","2916","59286","32202","211410","13528",88,"50182","93.7050010985462","6.29499890145382","4.21101465097054","2.08398425048328","3.01841368878108","0.329912911895543","0.390458085853096","1.39234800678412","0.212082638070394","0.0890955197756753","0.196493556512956","0.0993696926652416","0.00341155227999703","0.0714845336816366","0.00410966915582654","0.0336610882298548","0.0956024959390673","0.35855546182934","18.2825080305369","Academic year"
"202526","Local authority","E92000001","England","E12000007","London","E09000010","Enfield","308","Total",94.3756613756614,"41957.1957671958","14345664","14529794","184130","1008011","627991","380020","433389","15537805","6872304","7077559","13949863","395801","438524","54593","23045","8065","92","0","15630","63571","1077","5057","18337","37746","0","12153","112447","18602","3182","37874","37588","295966","8592",96,"53052","93.5125263832311","6.48747361676891","4.04169700932661","2.4457766074423","2.82230340772072","0.351355934766848","0.243753863560522","1.90481216619722","0.241913191728175","0.0552973859563819","0.148315672644881","0.0519056584890852","0.000592104225789936","0.100593359229312","0.00693148099104088","0.0325464246719533","0.118015382481631","0.409137584105348","19.6140373498377","Academic year"
"202526","Local authority","E92000001","England","E12000007","London","E09000011","Greenwich","203","Total",81.984126984127,"34760.8994708995","11658275","11873095","214820","806513","451806","354707","330146","12679608","5563463","5784063","11347526","310749","300363","43189","10778","1306","126","0","14837","63514","519","3510","13664","54389","0","11332","112908","27535","8656","35467","19397","290690","9153",84,"42613","93.6392907414803","6.36070925851966","3.56324895848515","2.79746030003451","2.36886660849452","0.340617785660251","0.279716849290609","2.29257876110997","0.152977915405587","0.0721867742283515","0.0850026278414916","0.0103000029653914","0.000993721572465016","0.117014658497329","0.00409318647705828","0.0276822438043826","0.107763583858428","0.500914539313834","18.5014761816102","Academic year"
"202526","Local authority","E92000001","England","E12000007","London","E09000012","Hackney","204","Total",68.3386243386243,"25236.2116402116","8325372","8437970","112598","600547","372291","228256","260496","9038517","3964829","4122948","8087777","237595","256496","28481","11578","2385","259","0","16790","47493","464","1355","6990","25866","0","5928","58854","13397","8553","25387","22901","166329","13639",69,"31467","93.355690983377","6.64430901662297","4.11893898080847","2.5253700358145","2.83781067181707","0.315107002620009","0.280875723307264","1.84022445275038","0.253371211228568","0.150898648528293","0.128096235256293","0.0263870721269872","0.00286551433160993","0.185760562269231","0.00513358552072204","0.0149913973719361","0.0773356956677738","0.525451243826836","19.4679788375449","Academic year"
"202526","Local authority","E92000001","England","E12000007","London","E09000013","Hammersmith and Fulham","205","Total",51.021164021164,"14522.9682539683","4822832","4919196","96364","345328","234396","110932","137179","5264524","2312862","2380421","4693283","129549","156969","20734","7045","9336","165","0","6472","28602","212","2256","2605","14649","0","15668","54981","9679","1387","12905","7630","81360","9037",53,"19335","93.4404705914533","6.55952940854672","4.45236834327282","2.1071610652739","2.98163708627789","0.393843773910044","0.245131373700642","1.54543886588797","0.144932381351097","0.171658444334189","0.133820265611858","0.177337970156466","0.00313418649055451","0.122936090708296","0.00402695476362156","0.0428528771072181","0.0494821564114818","0.543296981835395","18.980490874764","Academic year"
"202526","Local authority","E92000001","England","E12000007","London","E09000014","Haringey","309","Total",77.1375661375661,"28294.2857142857","9565915","9727084","161169","673855","440990","232865","269951","10400939","4573593","4741007","9314600","251315","304014","44034","11724","3517","84","0","8422","52754","516","4466","11459","29879","0","11276","106479","12724","811","38494","18636","162737","12998",80,"35397","93.5212099599853","6.47879004001466","4.23990564698053","2.23888439303413","2.92294763001687","0.423365621123247","0.370101199516698","1.56463757743411","0.179176130155172","0.124969485928146","0.112720591861946","0.0338142546552768","0.000807619388980168","0.0809734582617973","0.00496109053230675","0.0429384308474456","0.110172744980045","0.507204205312616","19.7473256515253","Academic year"
"202526","Local authority","E92000001","England","E12000007","London","E09000015","Harrow","310","Total",56.0846560846561,"30917.3915343915","10592751","10725202","132451","657773","492805","164968","209114","11382975","5158229","5241668","10399897","192854","352540","35067","25676","19233","118","0","6562","42547","428","4153","6481","8262","0","9797","92001","21106","1285","30261","16260","106175","12272",57,"38375","94.221431567758","5.77856843224201","4.32931636940255","1.44925206283946","3.09708138689578","0.308065334413894","0.265844386023865","0.932752641554602","0.142844906538054","0.107810128722939","0.225564933596006","0.168962859006543","0.00103663585310519","0.0576474954921714","0.00376000122990694","0.036484310999541","0.0569359064743619","0.37377750544124","16.7193360701734","Academic year"
"202526","Local authority","E92000001","England","E12000007","London","E09000016","Havering","311","Total",80.3650793650794,"36981.6031746032","12355028","12536818","181790","809429","579606","229823","304689","13346247","5958361","6114555","12072916","282112","435391","35591","10729","5331","1796","0","9481","57199","1184","2703","20201","22365","0","21865","101758","22365","13437","48851","22577","153326","5069",82,"43009","93.9351564525967","6.06484354740325","4.34283885200087","1.72200469540239","3.26227290713262","0.266674219351702","0.366027992738333","1.14883232717033","0.169163660765457","0.0379807147282678","0.0803896406233153","0.0399438134181092","0.013456966591432","0.0710386972457501","0.00887140781974139","0.020252884574967","0.151360903181246","0.428577412061983","17.0992014742015","Academic year"
"202526","Local authority","E92000001","England","E12000007","London","E09000017","Hillingdon","312","Total",95.4232804232804,"40986.1798941799","13479739","13653224","173485","1047260","703969","343291","317198","14700484","6511799","6682694","13194493","285246","524212","50764","23358","5148","938","0","15668","70785","481","1471","11144","35481","0","16422","99976","17665","3941","51520","31952","247616","12203",95,"49890","92.8760168712812","7.12398312871876","4.78874709159236","2.3352360371264","3.56595061768034","0.345321963548955","0.350464651367941","1.68440712564294","0.217353387820428","0.0830108722950891","0.158892727613594","0.0350192551483339","0.00638074229392719","0.106581524798775","0.00327200111234433","0.0100064732562547","0.0758070278502395","0.481514758289591","21.4378151635504","Academic year"
"202526","Local authority","E92000001","England","E12000007","London","E09000018","Hounslow","313","Total",74.2486772486772,"34710.0687830688","11707817","11848801","140984","819869","527358","292511","308126","12668670","5630351","5796310","11426661","281156","375631","42592","23022","6914","1539","0","13224","48774","413","3281","11968","23885","0","12982","86854","11570","5693","60469","26970","199616","5456",75,"44643","93.5283735388166","6.47162646118338","4.16269426861699","2.30893219256639","2.96503895041863","0.336199458980303","0.477311351546769","1.57566658536374","0.212887382811297","0.0430668728445843","0.181723890511001","0.0545755789676422","0.01214807868545","0.10438349092683","0.00326001071935728","0.0258985355210926","0.0944692694655398","0.384997004421143","18.5688815561883","Academic year"
"202526","Local authority","E92000001","England","E12000007","London","E09000019","Islington","206","Total",55.4708994708995,"16964","5615295","5710904","95609","460218","247916","212302","179007","6171122","2668878","2780712","5449590","165705","171486","21127","9472","2266","24","0","9950","25108","139","1617","6727","33954","0","6849","43969","9286","1551","20384","13302","171212","7404",57,"21443","92.5423934253771","7.4576065746229","4.01735697333483","3.44024960128806","2.77884637510002","0.34235265483327","0.330312704885757","2.77440633972234","0.215552374430452","0.119978182249516","0.153489106194951","0.0367194166636148","0.000388908208264235","0.161234861342881","0.00225242670619703","0.0262026905318028","0.109007729874729","0.4068628038791","22.4964553904322","Academic year"
"202526","Local authority","E92000001","England","E12000007","London","E09000020","Kensington and Chelsea","207","Total",33.6874085331532,"10512.8748733536","3373057","3441971","68914","259667","157402","102265","101221","3701638","1606345","1674970","3281315","91742","106840","17331","4422","758","129","0","3316","18342","82","2486","3696","12120","0","4747","42804","8145","1098","13341","9479","68807","10638",35,"12645","92.9850784976813","7.0149215023187","4.2522256363264","2.7626958659923","2.88628979927265","0.468198132826603","0.360408013965709","1.85882574146905","0.256075823729927","0.287386286827615","0.119460627970644","0.0204774210768314","0.00348494369249505","0.0895819634442914","0.00221523552546197","0.0671594575158349","0.0998476890500908","0.495510365951506","20.6308919506889","Academic year"
"202526","Local authority","E92000001","England","E12000007","London","E09000021","Kingston upon Thames","314","Total",48.4074074074074,"20562.4761904762","6760902","6908059","147157","431499","293822","137677","177776","7339558","3240575","3357478","6598053","162849","207212","28528","5151","9116","166","0","2687","26616","278","3761","10307","27860","0","19688","85816","7551","6242","26162","14927","91727","4861",50,"25518","94.1209130032081","5.87908699679191","4.00326559174272","1.87582140504919","2.82322177984015","0.388688256159295","0.356451982530828","1.24976190664342","0.203377369590921","0.0662301462840133","0.0701813378952792","0.124203664580347","0.00226171657748328","0.0366098339981781","0.00378769402735151","0.0512428677585217","0.140430799783856","0.362637641122258","15.4999769276914","Academic year"
"202526","Local authority","E92000001","England","E12000007","London","E09000022","Lambeth","208","Total",78.1534391534392,"26185.4973544974","8652168","8798630","146462","624389","384501","239888","281917","9423019","4106070","4299061","8405131","247037","253436","34101","8801","8610","10","0","11085","49585","629","6273","11971","25394","1","15547","87900","14250","3370","27593","34880","169662","7753",83,"33739","93.3737902895028","6.62620971049724","4.08044385774877","2.54576585274847","2.68954143040569","0.361890387783363","0.292825473449645","1.80050576147623","0.370157377375552","0.0822772404470372","0.0933989414645137","0.0913719902294583","0.000106123101311798","0.117637457804128","0.00667514307251211","0.0665710214528911","0.127039964580354","0.526211397854552","20.5485307212823","Academic year"
"202526","Local authority","E92000001","England","E12000007","London","E09000023","Lewisham","209","Total",80.7513227513227,"29687.6931216931","10192003","10387699","195696","662745","391962","270783","293689","11050444","4861744","5064915","9926659","265344","265485","35223","7751","1601","23","6","8289","57802","431","7718","7633","19414","0","12891","120906","26539","15946","29806","28345","202953","9679",83,"36691","94.0025486758722","5.99745132412779","3.54702489782311","2.45042642630468","2.40248265137582","0.318747373408706","0.269726718673023","1.83660493641703","0.256505530456514","0.0875892407581089","0.0701419780055896","0.0144881056362984","0.000208136433251008","0.075010560661635","0.00390029577092106","0.0698433474709252","0.0690741476089106","0.523074004990207","17.3180406506565","Academic year"
"202526","Local authority","E92000001","England","E12000007","London","E09000024","Merton","315","Total",54.3068783068783,"21717.4867724868","7279888","7379135","99247","453655","304385","149270","174183","7832790","3507902","3611381","7119283","160605","225802","24914","7239","1720","86","0","6134","28510","477","1726","7777","19042","0","14287","59831","4989","1098","22970","13578","111480","1242",55,"25416","94.2082578493742","5.79174215062577","3.88603549948358","1.90570665114219","2.88277867784021","0.318073125923202","0.293254383176365","1.42324765505012","0.173348193938558","0.0158564189771461","0.0924191763088248","0.0219589699200413","0.00109794849600206","0.078311814819496","0.00608978409991842","0.0220355709779019","0.0992877378303261","0.363982693267661","15.3267988220298","Academic year"
"202526","Local authority","E92000001","England","E12000007","London","E09000025","Newham","316","Total",90.6612912304402,"48273.3869469774","16156468","16379924","223456","1171251","623684","547567","393472","17551175","7804128","8005442","15809570","346898","464513","49984","32105","1042","29","0","17414","44384","648","6630","6935","35274","0","15627","133042","37668","1845","92259","46574","394854","13880",93,"59626","93.3266519193159","6.67334808068406","3.55351707221881","3.11983100846524","2.64662052540642","0.284790049669039","0.525657114124838","2.24972971895044","0.265361151034048","0.0790830243559192","0.182922226004812","0.00593692445092707","0.000165231102760926","0.0992184283958197","0.00369206050307173","0.0377752486656876","0.0395130240567939","0.252883353963481","21.1884456671252","Academic year"
"202526","Local authority","E92000001","England","E12000007","London","E09000026","Redbridge","317","Total",75.0899470899471,"43845.1058201058","14933484","15078536","145052","1021083","694558","326525","325363","16099619","7270650","7367401","14638051","295433","483561","49319","50005","20700","49","0","11544","65742","664","6105","6869","16611","0","7816","97787","15418","7420","76146","29930","213803","6646",76,"56474","93.6577194777094","6.34228052229062","4.31412693679273","2.02815358549789","3.00355554997916","0.306336441874805","0.47296771432914","1.328000370692","0.185905020485267","0.041280479991483","0.310597412274166","0.128574471234381","0.00030435502852583","0.0717035601898405","0.00412432120288064","0.0379201520234734","0.0426656059376312","0.40834506704786","18.9568810785992","Academic year"
"202526","Local authority","E92000001","England","E12000007","London","E09000027","Richmond upon Thames","318","Total",58.0840809753853,"23054.6193639291","7891310","8057597","166287","478522","301634","176888","183052","8536119","3821557","3904644","7726201","165109","216096","28332","4178","7430","87","0","3436","27068","517","5864","8626","26707","0","30467","88418","14109","6586","28445","17943","126180","4320",59,"28496","94.394150315852","5.60584968414803","3.53361990384623","2.0722297803018","2.53154858783014","0.331907275425753","0.33323106203182","1.47818932702321","0.210200912147546","0.0506084790992253","0.0489449596473526","0.0870418980803806","0.00101919853741495","0.040252484765032","0.00605661659590266","0.0686963244069114","0.101052949238407","0.317099609318942","13.5468977806577","Academic year"
"202526","Local authority","E92000001","England","E12000007","London","E09000028","Southwark","210","Total",90.5978835978836,"31038.5026455026","9948113","10106676","158563","670078","426739","243339","307512","10776754","4727554","4946899","9674453","273660","297733","40591","12218","2304","159","0","13122","47215","437","4985","7975","36499","0","10510","87517","15929","8108","30675","33852","163102","15710",96,"39858","93.7821908155276","6.21780918447243","3.95981016176114","2.25799902271129","2.76273356522753","0.376653303954048","0.284640439969215","1.51346128899296","0.314120559864315","0.145776733884804","0.113373655926451","0.0213793504055117","0.00147539787954703","0.121762081606391","0.00405502436076763","0.0462569712549809","0.0740018747760225","0.438118936369894","18.2066325730242","Academic year"
"202526","Local authority","E92000001","England","E12000007","London","E09000029","Sutton","319","Total",59.0529100529101,"31732.4126984127","10786624","10969140","182516","695788","492739","203049","190972","11664928","5271828","5346242","10618070","168554","358792","38352","7240","18870","572","0","10100","36754","582","3848","17629","21093","0","19266","117589","19967","4601","32571","22418","143286","4774",60,"39105","94.0352139335965","5.9647860664035","4.22410665543756","1.74067941096593","3.07581838481986","0.328780426248666","0.279221611997948","1.22834877334862","0.192182926461269","0.0409260991580917","0.0620663925229543","0.161766965042562","0.00490358791755937","0.0865843321107511","0.00498931497905516","0.0329877732635812","0.151128236710934","0.315081241821638","15.2482269503546","Academic year"
"202526","Local authority","E92000001","England","E12000007","London","E09000030","Tower Hamlets","211","Total",88.2010582010582,"32827.9576719577","10723560","10871204","147644","745327","492193","253134","331170","11616531","5077911","5317347","10395258","328302","391745","30860","5283","502","4","0","8222","42852","302","4382","8041","32740","0","8123","82877","13795","10109","65919","2868","175831","8516",90,"43306","93.583910721712","6.41608927828798","4.23700500605559","2.17908427223239","3.37230624185482","0.265655900199466","0.567458564006759","1.51362743318121","0.0246889540431649","0.0733093210012524","0.045478292960265","0.00432142779974504","3.44336876473708e-05","0.0707784449591707","0.0025997434173765","0.0377221048176947","0.0692203205931272","0.368888095766283","18.5640305450715","Academic year"
"202526","Local authority","E92000001","England","E12000007","London","E09000031","Waltham Forest","320","Total",71.3968253968254,"33802.4708994709","11309671","11466776","157105","791630","456989","334641","290934","12258406","5443478","5606907","11050385","259286","313147","41131","22378","8275","46","0","10830","54352","307","2459","4064","25948","0","9429","84428","26796","10504","48028","31648","247413","7552",73,"40985","93.5421456916992","6.45785430830077","3.72796430465756","2.72989000364321","2.554549098798","0.335533021177468","0.391796453796684","2.01831298457565","0.258173860451351","0.0616067048195336","0.182552282898772","0.0675046984085859","0.000375252704144405","0.0883475388235632","0.00250440391678983","0.0200597043367629","0.03315276064441","0.443385542949059","19.7528127251566","Academic year"
"202526","Local authority","E92000001","England","E12000007","London","E09000032","Wandsworth","212","Total",74.2592592592593,"23625.4497354497","7950726","8099688","148962","541556","360210","181346","238986","8641244","3793585","3934595","7728180","222546","255287","32111","10874","335","221","0","7026","37993","752","7432","8179","46643","0","14000","73484","11905","2930","30470","16440","120482","13954",75,"30974","93.7328930880785","6.26710691192148","4.16849703584345","2.09860987607803","2.95428528577598","0.37160158884531","0.352611267544349","1.39426684398681","0.190250385245458","0.161481379301406","0.125838363087537","0.00387675663365136","0.00255750213742373","0.0813077376359237","0.00870245071195768","0.0860061352277519","0.0946507239004014","0.439670491887511","17.681342049303","Academic year"
"202526","Local authority","E92000001","England","E12000007","London","E09000033","Westminster","213","Total",47.2116402116402,"15001.7671957672","4888332","4953605","65273","370574","228432","142142","179877","5324179","2304550","2424353","4728903","159429","151673","25614","7968","3993","35","0","8186","25616","143","1828","3376","6810","0","4869","44474","8353","767","13778","20448","102810","5106",48,"19657","93.0397907358111","6.9602092641889","4.29046431384069","2.66974495034821","2.84875846585924","0.481088257926715","0.258781682584301","1.93100194414951","0.384059213636506","0.0959021099778952","0.149656876675258","0.0749974784844762","0.000657378348849654","0.153751404676665","0.0026858601110143","0.0343339320484905","0.0634088373061837","0.481125822403792","21.2860859868666","Academic year"
"202526","Local authority","E92000001","England","E12000008","South East","E06000035","Medway","887","Total",98.5372340425532,"40335.9095744681","13749542","13953252","203710","1010220","666808","343412","265346","14963472","6688906","6821542","13510448","239094","455329","50375","4146","9808","658","0","32896","77265","305","2431","33595","32823","0","23184","100242","33333","14128","55821","26252","257003","4336",101,"49853","93.2487593788394","6.75124062116065","4.4562384986586","2.29500212250205","3.04293682642638","0.33665315108686","0.373048447579546","1.71753587670027","0.175440566200144","0.0289772320220869","0.0277074732388312","0.0655462849798496","0.00439737515464325","0.219842025968305","0.00203829699417354","0.0162462294847078","0.224513401702493","0.516357433622357","19.5340422715439","Academic year"
"202526","Local authority","E92000001","England","E12000008","South East","E06000036","Bracknell Forest","867","Total",37.6349206349206,"16164.4867724868","5259758","5328811","69053","358693","265983","92710","80637","5687504","2584624","2606425","5191049","68709","186054","18271","1255","2664","58","0","7780","33382","245","2604","13670","11289","0","6286","42116","7531","1831","20574","11928","59016","1192",38,"18053","93.6933143255811","6.30668567441887","4.67662088677212","1.63006478764674","3.27127682020092","0.321248125715604","0.361740404929825","1.0376432262729","0.209722929425632","0.0209582270183898","0.0220659185470463","0.0468395274974752","0.00101977950257266","0.13679111258647","0.00430768927810864","0.045784583184469","0.240351479313245","0.586935850946215","16.8688445832332","Academic year"
"202526","Local authority","E92000001","England","E12000008","South East","E06000037","West Berkshire","869","Total",79.3703703703704,"21437.2275132275","7011574","7123315","111741","530757","393003","137754","153390","7654072","3414925","3458515","6873440","138134","260919","30201","2022","3450","169","0","11192","40275","458","868","43449","18014","0","11838","68816","10500","2573","24541","15256","94200","3757",80,"23374","93.0656910465436","6.93430895345641","5.13456105456024","1.79974789889617","3.40889137180837","0.394574286732605","0.320626719999498","1.23071745340258","0.199318741710295","0.0490849837837951","0.026417310942463","0.0450740468602856","0.00220797504909805","0.14622282100299","0.0059837430324669","0.0113403688912255","0.567658626676101","0.526190503564638","18.4661704440913","Academic year"
"202526","Local authority","E92000001","England","E12000008","South East","E06000038","Reading","870","Total",54.4021164021164,"20058.3386243386","6431930","6509962","78032","478919","309629","169290","135875","6988881","3118610","3195121","6313731","118199","208527","19509","7681","4384","38","0","10219","32342","188","1674","25067","18387","1","1726","48177","7246","2495","28923","17676","118017","4674",55,"23759","93.1474151584495","6.85258484155046","4.43030865742313","2.42227618412733","2.98369653167653","0.279143399351055","0.413843074449257","1.68863942596819","0.252916024754177","0.0668776589557041","0.10990314472374","0.0627282107106989","0.000543720804517919","0.146217971088648","0.00268998713814128","0.0239523322832368","0.358669721232913","0.462763638413646","19.8704206564718","Academic year"
"202526","Local authority","E92000001","England","E12000008","South East","E06000039","Slough","871","Total",44.6455026455026,"26743.0052910053","8891891","8985089","93198","642048","474330","167718","182389","9627137","4318816","4402908","8721724","170167","342373","24480","21519","12147","95","0","8083","51481","344","3137","10671","10249","0","8898","64796","8674","581","44564","12222","106116","4816",45,"33076","93.3308521526182","6.66914784738183","4.92700997191585","1.74213787546599","3.5563324797393","0.254281205305378","0.462899821618826","1.10225916593895","0.1269536311782","0.0500252567300123","0.223524397751897","0.126174583367828","0.0009867938931377","0.0839605793498108","0.0035732326235723","0.0325849730818207","0.110842922459709","0.534748804343389","20.5550166297118","Academic year"
"202526","Local authority","E92000001","England","E12000008","South East","E06000040","Windsor and Maidenhead","868","Total",61.9206349206349,"18294.6613756614","6108355","6214053","105698","444822","327137","117685","146367","6658875","2958173","3016439","5974612","133743","240424","21974","4963","5289","927","0","5518","34558","733","2718","10033","21003","0","13935","56681","8843","5236","22353","12624","78094","4614",62,"22468","93.3198625894014","6.68013741059864","4.91279683129658","1.76734057930206","3.61057986521747","0.329995682453868","0.335687334572281","1.17278068742843","0.189581573463986","0.0692909838373599","0.0745321094028646","0.0794278312778059","0.0139212704848792","0.0828668506316758","0.0110078654427362","0.0408177056935293","0.150671096844437","0.518976553847309","18.3736016754355","Academic year"
"202526","Local authority","E92000001","England","E12000008","South East","E06000041","Wokingham","872","Total",68.1587301587302,"24515.3174603175","8285774","8425345","139571","545184","413494","131690","179221","8970529","4029052","4094975","8124027","161747","284573","30969","5930","18685","407","0","5118","34834","341","6580","26057","20311","0","14657","82315","15585","6703","29808","17474","78793","5615",69,"26432","93.9224988849599","6.07750111504015","4.60947174910198","1.46802936593817","3.17231012797573","0.345230476374359","0.332288095830246","0.878353996737539","0.194793417422763","0.0625938559476258","0.0661053545448657","0.208293178696596","0.00453707913992586","0.0570534914942029","0.00380133657669464","0.0733513040312338","0.290473393486605","0.388316006781763","15.1338128445726","Academic year"
"202526","Local authority","E92000001","England","E12000008","South East","E06000042","Milton Keynes","826","Total",109.460317460317,"43609.0317460317","14502027","14677056","175029","1035296","727565","307731","335777","15712352","7027876","7175245","14203121","298906","516057","47276","12405","17560","384","0","26364","63022","870","1194","42433","14781","0","7828","106737","41042","4641","61668","36871","200672","8520",110,"49938","93.4109419137249","6.58905808627505","4.63052889853791","1.95852918773714","3.28440325165831","0.300884297907786","0.392481023846716","1.27716079680496","0.234662512652466","0.0542248544329964","0.0789506243240986","0.111759207023875","0.00244393710120547","0.167791556604638","0.00553704499491865","0.00759911692406076","0.270061414102739","0.401098447896279","17.1444475368773","Academic year"
"202526","Local authority","E92000001","England","E12000008","South East","E06000043","Brighton and Hove","846","Total",60.3492063492063,"25734.7301587302","8092151","8259066","166915","708492","501413","207079","236344","8967558","3881351","3996574","7877925","214226","359483","30468","4480","3703","578","0","6914","69333","466","2114","23874","38158","0","23873","76490","11133","17261","32991","22118","147694","4276",60,"29001","92.099387592475","7.90061240752499","5.59141072742434","2.30920168010065","4.00870560301924","0.339758047843125","0.367892797570978","1.64698126290346","0.246644627221814","0.0476829924043982","0.0499578592076015","0.0412932930012831","0.00644545594240929","0.077100142536017","0.00519650946221926","0.0235738648135869","0.266226323821937","0.773153627776927","21.2330063998182","Academic year"
"202526","Local authority","E92000001","England","E12000008","South East","E06000044","Portsmouth","851","Total",59.8148148148148,"24101.8253968254","8089062","8240196","151134","716226","427002","289224","224581","8956422","3893165","3987056","7880221","208841","273193","24357","5635","4523","2","0","16411","49751","179","1393","51558","34346","0","4029","83849","22519","6391","38130","15740","233585","1769",61,"27846","92.0032128901474","7.99678710985257","4.76755114933173","3.22923596052084","3.05024707411062","0.271950115794008","0.425728041845282","2.60801690675138","0.175739821102668","0.0197511908215133","0.0629157491685854","0.0505000769280411","2.23303457563746e-05","0.183231652103932","0.00199856594519553","0.0155530858193149","0.575653983253581","0.555478515862696","20.7301075671826","Academic year"
"202526","Local authority","E92000001","England","E12000008","South East","E06000045","Southampton","852","Total",71.7883597883598,"29476.9841269841","9742417","9879566","137149","872237","519375","352862","250960","10751803","4684584","4844554","9529138","213279","368830","30652","7078","3710","1846","0","12242","44722","867","820","48608","24581","0","5001","80250","23970","3347","53326","37681","259818","2037",74,"32903","91.8875280731985","8.11247192680149","4.83058515860084","3.28188676820065","3.43040139407316","0.285087068652579","0.495972628962789","2.41650632921753","0.350462150394683","0.018945659625646","0.0658308192588722","0.0345058405553004","0.0171692133868152","0.113859973066843","0.00806376381710119","0.00762662783162973","0.452091616633973","0.415948841324567","23.0008847667572","Academic year"
"202526","Local authority","E92000001","England","E12000008","South East","E06000046","Isle of Wight","921","Total",45.5132275132275,"13265.2380952381","4397582","4465116","67534","401880","307452","94428","128472","4866996","2118086","2164873","4282959","114623","226548","20548","299","414","16","0","7685","18976","9","398","32559","12691","0","7971","44427","1644","801","20562","13849","57809","2208",46,"15425","91.7427505590718","8.25724944092824","6.31707936476627","1.94017007616197","4.65478089564898","0.422190607923245","0.422478259690372","1.18777578613173","0.284549237352979","0.0453667929868855","0.00614341988364075","0.00850627368504104","0.000328744876716562","0.157900273597924","0.000184918993153066","0.00817752880832448","0.668975277563409","0.389891423785842","24.4151251360174","Academic year"
"202526","Local authority","E92000001","England","E12000008","South East","E06000060","Buckinghamshire","825","Total",228.603174603175,"73678.9788359788","23852204","24207823","355619","1742602","1355114","387488","543663","25950425","11564985","11792029","23357014","495190","971419","92659","20587","61191","3666","0","18585","129516","2403","2181","52907","39869","0","39479","233032","32411","10828","96743","48473","231123","11149",229,"88566","93.2848806907787","6.71511930922133","5.22193374482306","1.49318556439827","3.7433645113712","0.357061589550075","0.372799289414335","0.890632812372052","0.186790775102913","0.0429626875089714","0.0793320340610992","0.235799606364828","0.0141269362640496","0.0716173241864054","0.00925996395049407","0.00840448663172183","0.203877200469742","0.499090091973446","18.4590292275574","Academic year"
"202526","Local authority","E92000001","England","E12000008","South East","E10000011","East Sussex","845","Total",182.634920634921,"57014.7248677249","19137912","19446408","308496","1635322","1072013","563309","399342","21081730","9325424","9450913","18776337","361575","769507","66483","3773","2703","1111","0","35640","100760","1436","4352","86248","58028","0","27927","166050","44925","11566","102310","37767","416714","6518",185,"59526","92.2429421114871","7.75705788851294","5.0850333440377","2.67202454447524","3.6501131548502","0.315358369545573","0.485301728083986","1.97665941077891","0.179145639375896","0.0309177662364521","0.0178970131957861","0.0128215284039782","0.00526996598476501","0.169056334560778","0.00681158519723002","0.0206434671158392","0.409112534882099","0.47794939030146","21.0359342598038","Academic year"
"202526","Local authority","E92000001","England","E12000008","South East","E10000014","Hampshire","850","Total",509.761904761905,"159151.132275132","53935944","54792619","856675","3901573","2892352","1009221","1058998","58694192","26362138","26630830","52992968","942976","1986699","198312","9023","18125","7302","0","53566","304232","2574","8241","304278","167718","0","58580","494880","114363","21134","212014","116022","658313","22872",523,"178582","93.3527102647567","6.64728973524331","4.92783340470894","1.71945633053437","3.38483064900186","0.337873294175342","0.361218023071175","1.12159819833622","0.197672028605488","0.0389680805214935","0.0153729009507448","0.0308803978424305","0.0124407539335408","0.0912628629422141","0.00438544243014709","0.0140405715100397","0.518412452121327","0.518334079801286","16.950054377697","Academic year"
"202526","Local authority","E92000001","England","E12000008","South East","E10000016","Kent","886","Total",581.026595744681,"202891.595744681","68194497","69198326","1003829","5272231","3499032","1773199","1541829","74470557","32988703","33823741","66812444","1382053","2464168","277529","17195","70084","4815","0","85838","334309","2759","13790","228539","165160","0","91132","597900","135671","13966","298201","159776","1276350","38872",590,"247726","92.9203819436989","7.0796180563011","4.69854415081117","2.38107390548992","3.30891576385013","0.372669429610954","0.400428051048416","1.71389882312818","0.214549221110297","0.052197810203031","0.0230896621331837","0.0941096761234108","0.00646564252231926","0.115264345343892","0.00370481987935178","0.0185173853339112","0.30688504182935","0.448914327309248","20.4381385924502","Academic year"
"202526","Local authority","E92000001","England","E12000008","South East","E10000025","Oxfordshire","931","Total",294.941798941799,"80380.6455026455","27242766","27692566","449800","2113138","1503424","609714","591552","29805704","13433890","13290480","26724370","518396","1000704","114489","12206","10419","2706","0","36872","168878","1780","4417","150938","97322","22","24418","255431","63069","9538","102791","73156","416762","17005",301,"99521","92.9102899230295","7.0897100769705","5.04408149527352","2.04562858169698","3.35742447150384","0.384117751421003","0.344870230208285","1.39826256075012","0.245442952798565","0.0570528379400131","0.0409518929665275","0.0349563962656275","0.00907879914529112","0.123707864776487","0.00597201126334744","0.0148193110956212","0.506406424756818","0.566596246141343","18.1132596049939","Academic year"
"202526","Local authority","E92000001","England","E12000008","South East","E10000030","Surrey","936","Total",379.661375661376,"133640.079365079","45552374","46303421","751047","3082069","2256864","825205","898001","49385490","22187151","22572094","44759245","793129","1561813","171314","17136","33909","8430","0","50523","244362","3419","20317","145641","115809","0","65201","474560","75998","19479","149510","104872","557794","13029",391,"153054","93.7591608385378","6.2408391614622","4.5698928976912","1.670946263771","3.16249367982377","0.346891364244842","0.302740744295541","1.12946940487985","0.21235387155215","0.0263822430434526","0.0346984509012667","0.0686618680912146","0.0170697911471568","0.102303328366287","0.00692308611294532","0.0411396140850278","0.294906459366911","0.494805255551783","15.8946035032281","Academic year"
"202526","Local authority","E92000001","England","E12000008","South East","E10000032","West Sussex","938","Total",275.407407407407,"99289.4021164021","33715996","34286843","570847","2580634","1875844","704790","666493","36867477","16436229","16687430","33123659","592337","1282185","133614","12088","21761","4462","22","41972","213124","1678","9978","154959","125398","0","60997","308454","51388","24610","151878","74156","467410","11346",281,"112600","93.0002424630251","6.99975753697493","5.08807261207486","1.91168492490007","3.47782138712665","0.362416988827307","0.411956587102502","1.26781119304692","0.201142052655244","0.0307750920953989","0.0327877060857731","0.0590249232406112","0.0121028081200132","0.113845598927206","0.00455143702944468","0.0270645045767574","0.420313546272776","0.578081326259456","18.6518785374016","Academic year"
"202526","Local authority","E92000001","England","E12000009","South West","E06000022","Bath and North East Somerset","800","Total",78.9840425531915,"21749.4946808511","7231023","7389106","158083","541314","384012","157302","189467","7930420","3487660","3577494","7065154","165869","270918","32752","868","3067","122","0","9937","26009","358","1073","38908","20982","0","17410","98132","19993","1566","27227","23598","102613","3864",80,"26618","93.1742076712204","6.82579232877956","4.84226560510036","1.9835267236792","3.4161872889456","0.41299199790175","0.343323556633823","1.29391633734405","0.297563054667975","0.0487237750333526","0.0109451958408256","0.0386738659490922","0.00153838006057687","0.125302316901249","0.00451426280070917","0.0135301787294998","0.490617142597744","0.327964975373309","17.3415416630538","Academic year"
"202526","Local authority","E92000001","England","E12000009","South West","E06000023","Bristol, City of","801","Total",134.478723404255,"50725.7606382979","16354671","16613222","258551","1456382","943452","512930","510912","18069604","7786909","8136999","15923908","430763","675150","63819","14453","5585","533","0","41327","78432","439","2095","61619","62365","0","25155","137687","29061","4283","82180","80149","341151","9450",137,"60178","91.940155412371","8.05984458762904","5.22121016044403","2.83863442718501","3.73638514712331","0.353184275648764","0.454796906451298","1.88798271395433","0.443557036446399","0.0522977703329857","0.0799851507537188","0.0309082589745741","0.00294970492989221","0.228710048100667","0.00242949430435775","0.0115940559627095","0.341009133349021","0.434054891297009","22.9755736491488","Academic year"
"202526","Local authority","E92000001","England","E12000009","South West","E06000024","North Somerset","802","Total",78.0531914893617,"26309.5531914894","8718831","8865154","146323","685357","483080","202277","175538","9550511","4244770","4329183","8573953","144878","346333","37058","1100","6406","395","16","13344","38368","490","700","38870","26021","0","15404","78249","23461","3188","43076","30660","124392","4149",79,"31409","92.8238708902592","7.17612910974083","5.05815866815922","2.11797044158161","3.62632952310091","0.388021122639406","0.451033457790897","1.30246433934268","0.321029942795731","0.043442701652299","0.0115177083194815","0.0670749449950898","0.00413590435108655","0.139720272559238","0.00513061552413269","0.00732945074876098","0.406993929434771","0.401737666183516","18.8374750071408","Academic year"
"202526","Local authority","E92000001","England","E12000009","South West","E06000025","South Gloucestershire","803","Total",113.494680851064,"34822.085106383","11546254","11723316","177062","873389","607807","265582","210254","12596705","5633712","5734408","11368120","178134","432644","43688","3388","1430","4027","0","13922","57411","217","2298","48782","34665","0","8937","100715","24200","8545","74572","32120","155892","2998",115,"40803","93.066528111915","6.93347188808502","4.82512688834104","2.10834499974398","3.43458070979673","0.346820855136323","0.591996081514968","1.23756172745174","0.254987316127511","0.0237998746497596","0.0268959223860525","0.0113521750330741","0.0319686775232094","0.110520965601719","0.00172267271480915","0.0182428658923107","0.387260001722673","0.455762042534139","17.7360807131799","Academic year"
"202526","Local authority","E92000001","England","E12000009","South West","E06000026","Plymouth","879","Total",92.6321243523316,"30663.725388601","10533160","10699687","166527","879313","587015","292298","181217","11579000","5141547","5240108","10381655","151505","425801","43457","2402","5160","372","0","20097","49812","377","1591","37946","31195","0","11123","98668","22688","2853","44845","29712","210626","7115",95,"38029","92.4059677001468","7.59403229985318","5.06965195612747","2.52438034372571","3.67735555747474","0.375308748596597","0.387295966836514","1.81903445893428","0.256602469988773","0.0614474479661456","0.0207444511615856","0.0445634338025736","0.00321271266948787","0.173564211071768","0.00325589429138958","0.0137403920891269","0.327713964936523","0.430192590033682","21.28456051406","Academic year"
"202526","Local authority","E92000001","England","E12000009","South West","E06000027","Torbay","880","Total",41.2872340425532,"15634","5252373","5351626","99253","451486","319564","131922","123204","5803112","2552460","2594272","5146732","105641","247271","20166","612","2375","79","0","10197","25336","137","371","13020","11564","0","14755","57553","9946","5435","16511","17563","95702","2146",42,"19533","92.2199330290368","7.78006697096317","5.50676947127679","2.27329749968638","4.2610068528748","0.347503201730382","0.284519754228421","1.64914962868199","0.302647958543623","0.0369801582323415","0.0105460656282353","0.0409263167762401","0.00136133853697809","0.17571606407045","0.00236080227298732","0.00639312148378318","0.224362376600693","0.436593331302239","20.7346112632456","Academic year"
"202526","Local authority","E92000001","England","E12000009","South West","E06000030","Swindon","866","Total",85.2222222222222,"30492.7936507937","10269311","10409525","140214","744599","504991","239608","176471","11154124","5249446","4869878","10119324","149987","352806","37538","4071","2964","526","0","18354","52530","234","1698","34270","32683","0","8316","86610","8452","4153","26687","26484","181891","4546",87,"36680","93.3244511178108","6.67554888218922","4.5273927383271","2.14815614386213","3.16300948420512","0.336539202899304","0.239256798651333","1.6307062750961","0.237436843987031","0.0407562261276636","0.0364977115190758","0.026573131157588","0.00471574459814146","0.164549004475833","0.00209787877559905","0.0152230690639623","0.30724062239222","0.470946889240249","17.8641585808679","Academic year"
"202526","Local authority","E92000001","England","E12000009","South West","E06000052","Cornwall","908","Total",267.11170212766,"60909.8829787234","20154106","20531543","377437","1625916","1118130","507786","354238","22157459","9864279","9977104","19841383","312723","808624","82798","1514","4476","747","47","50036","105104","201","2831","61752","66448","0","55079","210367","37113","8430","90032","41515","362694","13545",272,"70710","92.6619925145749","7.33800748542511","5.04629163479441","2.29171585063071","3.64944373811094","0.373680032534417","0.406328180501203","1.63689347230655","0.187363542001815","0.0611306558211391","0.00683291346719856","0.0202008723112158","0.00337132520475385","0.225820117731009","0.000907143729793204","0.0127767358161421","0.278696216926318","0.474350420777039","20.3605659516203","Academic year"
"202526","Local authority","E92000001","England","E12000009","South West","E06000053","Isles of Scilly","420","Total",1,"c","c","c","c","c","c","c","c","c","c","c","c","c","c","c","c","c","c","c","c","c","c","c","c","c","c","c","c","c","c","c","c","c","c",1,"c","c","c","c","c","c","c","c","c","c","c","c","c","c","c","c","c","c","c","c","Academic year"
"202526","Local authority","E92000001","England","E12000009","South West","E06000054","Wiltshire","865","Total",230.714285714286,"57579.746031746","18934358","19265496","331138","1405948","994019","411929","328051","20671444","9299333","9349433","18648766","285592","656067","78631","2424","7093","1412","60","21103","119852","423","3142","103812","85313","0","27090","157878","38580","22277","68676","42459","286616","14178",235,"66354","93.1985980273076","6.80140197269238","4.80865777930173","1.99274419339065","3.17378408591098","0.380384650438547","0.332226427916695","1.38653110058494","0.205399293827756","0.0685873710612573","0.0117263215864359","0.0343130358962828","0.00683067907592716","0.102087691600064","0.00204630116793002","0.015199712221362","0.502200039823053","0.579795006096333","16.8800517297123","Academic year"
"202526","Local authority","E92000001","England","E12000009","South West","E06000058","Bournemouth, Christchurch and Poole","839","Total",96.3280423280423,"42727.6137566138","14325958","14578874","252916","1020196","713710","306486","310940","15599070","6960017","7085524","14045541","280417","518209","53535","3584","5257","221","0","25486","54169","477","3057","49715","41658","0","18480","120974","38232","33572","61799","30523","207600","6564",98,"52330","93.4598921602378","6.54010783976224","4.57533686303094","1.96477097673131","3.32205060942736","0.343193536537755","0.396171053787181","1.33084856981859","0.195671921467113","0.0420794316584258","0.0229757286812611","0.0337007270305217","0.00141675112683","0.163381534924838","0.00305787460406293","0.0195973221480511","0.31870489715092","0.34725788139934","17.4390029840267","Academic year"
"202526","Local authority","E92000001","England","E12000009","South West","E06000059","Dorset","838","Total",151.259259259259,"37489.9470899471","12584808","12813970","229162","1041584","720606","320978","272907","13855554","6133092","6202961","12336053","248755","542204","55716","1159","3272","1262","0","18335","53757","246","1746","42909","36997","0","21684","123676","26355","20450","64891","24152","225188","6747",154,"46491","92.4825524840075","7.5174475159925","5.2008458124446","2.31660170354791","3.91326106484086","0.40212033383869","0.468339266694064","1.62525439257066","0.174312770171442","0.0486952741117389","0.00836487664080411","0.0236150788340906","0.00910826084615599","0.132329605875016","0.00177546130598603","0.0126014448790716","0.309688086091686","0.38798159929224","20.3092961782653","Academic year"
"202526","Local authority","E92000001","England","E12000009","South West","E06000066","Somerset","933","Total",259.579787234043,"60205.4680851064","20017706","20358076","340370","1707732","1185180","522552","386640","22065808","9774072","9906889","19680961","336745","834810","79457","1881","3680","2179","0","44005","98693","456","3195","116824","69781","0","21923","193986","49445","5235","89507","49895","371768","11382",264,"68274","92.2607320792422","7.73926792075776","5.37111534732832","2.36815257342944","3.78327410444249","0.360091051277161","0.405636630210867","1.68481480487821","0.226119070736046","0.0515820676043225","0.00852450089296526","0.0166773861170187","0.00987500661657167","0.199426189152013","0.00206654567102188","0.0144794153923573","0.529434498840922","0.447266648925795","20.1403231685093","Academic year"
"202526","Local authority","E92000001","England","E12000009","South West","E10000008","Devon","878","Total",359.06914893617,"81031.8670212766","27262690","27776282","513592","2268559","1598974","669585","455912","30044841","13364876","13514278","26879154","383536","1114767","110073","3003","4769","3018","0","57734","131675","1130","4956","167849","92741","0","51826","299532","59908","9585","95366","72376","492693","9150",364,"95811","92.4494225148337","7.55057748516626","5.32195860181121","2.22861888335505","3.71034414860109","0.366362398123525","0.31741223060558","1.63985890289784","0.240893270162422","0.0304544796892085","0.00999506038324516","0.0158729413811842","0.0100449857597848","0.192159445942816","0.00376104503265635","0.0164953444087123","0.558661635120652","0.438261597057545","20.02509157304","Academic year"
"202526","Local authority","E92000001","England","E12000009","South West","E10000013","Gloucestershire","916","Total",294.126984126984,"77493.2486772487","25460627","25888241","427614","1938713","1463634","475079","451218","27826954","12449418","12614330","25063748","396879","1047724","99034","6029","17176","5026","62","34183","163415","602","2897","87486","65456","0","40436","258551","49431","13740","113299","54339","293000","14441",296,"93146","93.0329672446363","6.96703275536374","5.25977079632934","1.7072619590344","3.76514080556571","0.355892348116865","0.407155594536146","1.05293594117416","0.1952746966125","0.0518957267115905","0.0216660436496212","0.0617243267085575","0.0180616247110625","0.122841328590977","0.00216337009074008","0.0104107693569336","0.314393016210111","0.587254357771246","18.4515249194148","Academic year"
"202526","National","E92000001","England","","","","","","Total",20401,"6697917.98445596","2297890869","2331639788","33748919","173641096","113262121","60378975","52367683","2505280884","1113036575","1138265781","2251302356","46588513","80360948","8378502","1514615","1108467","232400","407","3832503","10652141","104768","403369","6673885","6413848","87","2797543","19339577","4024395","1173469","11415193","5779170","41914472","1270140",21292,"8103241","93.0689968893723","6.93100311062766","4.52093502662115","2.4100680840065","3.20766220319749","0.334433637901019","0.455645236145106","1.67304481775625","0.230679523278556","0.0506985068265902","0.0604568936630261","0.0442452184535169","0.00927640495260331","0.152976978528688","0.00418188637725621","0.0161007495237807","0.26639268445398","0.425187493667077","19.0500874270457","Academic year"
"202526","Regional","E92000001","England","E12000001","North East","","","","Total",1049.48186528497,"305267.70984456","105006600","106552702","1546102","8465564","4992888","3472676","2224597","115018266","50891196","52129545","103020741","1985859","3563810","383009","37529","11421","18742","0","289383","397099","3478","4911","283469","355218","14","139844","819439","158688","72899","714650","238738","2465455","53833",1096,"380518","92.6398090543288","7.36019094567119","4.3409522449243","3.01923870074689","3.09847307209448","0.332998412617349","0.621336092825465","2.14353344537467","0.207565292281489","0.0468038702652673","0.0326287304661679","0.00992972716177098","0.0162948031228362","0.251597428881427","0.00302386753074507","0.00426975659674786","0.246455636881189","0.345248640768067","19.9556967266447","Academic year"
"202526","Regional","E92000001","England","E12000002","North West","","","","Total",2975.21761658031,"934936.668393782","320301786","324575100","4273314","24390838","14996417","9394421","8163194","348965938","154138735","158951851","313090586","7211200","10920512","1160956","183155","91970","30007","44","537773","1278959","15430","27425","750176","900707","1","320629","2345040","566868","140069","1966589","951994","6320483","155355",3089,"1074762","93.0105390400595","6.98946095994045","4.29738704182641","2.69207391811404","3.1293919580197","0.332684618634613","0.563547551738416","1.81120341894228","0.272804275814449","0.0445186716188902","0.0524850651756161","0.0263550077486359","0.00859883350563573","0.154104725258314","0.00442163498490216","0.00785893321198586","0.214971124201812","0.36649966679556","19.0501125021858","Academic year"
"202526","Regional","E92000001","England","E12000003","Yorkshire and The Humber","","","","Total",2096.18134715026,"679912.735751295","232798911","236067641","3268730","18508767","10699275","7809492","5352873","254576408","112580636","115495070","228075706","4723205","7506454","788404","140857","58500","22650","25","557760","866594","9036","21842","727143","758028","2","235840","1836658","296264","141938","1570560","629668","5503745","105519",2182,"807276","92.7295827820777","7.27041721792225","4.20277553762955","3.0676416802927","2.94860551257366","0.30969248336633","0.616930693750695","2.16192263974437","0.247339494239388","0.0414488525582465","0.0553299502913876","0.0229793485027096","0.00889713236899784","0.219093357621732","0.00354942552257238","0.00857974239309716","0.285628588176168","0.340406248484738","19.9323794928728","Academic year"
"202526","Regional","E92000001","England","E12000004","East Midlands","","","","Total",1915.76683937824,"572570.808290155","199468680","202172958","2704278","14759633","9717979","5041654","3881561","216932591","97130576","98915241","196045817","3422863","6897556","712304","97271","58091","26821","31","360420","892452","5840","22309","644856","557776","0","228782","1570728","291559","55433","957597","458698","3521075","104284",2035,"705243","93.19621227407","6.80378772593003","4.47972292001067","2.32406480591936","3.17958494304805","0.32835269090572","0.441426064929082","1.62311941408564","0.211447250911229","0.0480720759934131","0.0448392745191524","0.0267783645289149","0.0123637485157774","0.166143776893348","0.00269208050900936","0.0102838397389537","0.297261004917422","0.411395999045621","18.5156104748983","Academic year"
"202526","Regional","E92000001","England","E12000005","West Midlands","","","","Total",2254.68911917098,"769244.471502591","261678690","265200773","3522083","20043021","12866089","7176932","6614771","285243794","126241543","129539637","255781180","5897510","9365468","854423","232967","107428","19793","4","450565","1217314","6630","32418","579071","604822","35","189308","2162773","484397","80748","1343514","717261","4977930","138227",2339,"911415","92.9733717537076","7.02662824629236","4.51055878186784","2.51606946442453","3.28332051283822","0.299541310967137","0.471005514672126","1.74514927395756","0.251455426932093","0.0484592488627465","0.0816729425496283","0.0376618185074344","0.00693897655841725","0.157957862529342","0.00232432751893631","0.0113650150088804","0.203009149429558","0.426762659032645","19.9547310698868","Academic year"
"202526","Regional","E92000001","England","E12000006","East of England","","","","Total",2450.22751322751,"784663.592592593","266236318","270345251","4108933","19987372","13874585","6112787","5358100","290332623","129656396","131831858","261488254","4748064","9655697","1007739","123908","174737","46388","79","444790","1408230","19328","35440","958249","650533","9","410722","2299398","554418","193853","1180282","610036","4197259","125210",2492,"941943","93.1156988858259","6.88430111417414","4.77885841991652","2.10544269425761","3.32573615056686","0.347098093761237","0.406527515855495","1.44567253814946","0.210116243120223","0.0431263971324366","0.0426779459778449","0.0601851070659738","0.0159775362205852","0.153200145200355","0.00665719194773369","0.0122066888776739","0.330052127831325","0.485040222297031","18.3573479905755","Academic year"
"202526","Regional","E92000001","England","E12000007","London","","","","Total",2379.8835978836,"996424.544973545","333741692","338688111","4946419","22951708","14816391","8135317","8662038","361639819","160504341","165343295","325847636","7894056","10504506","1238508","483180","229092","10784","17","344561","1502656","18296","138158","346632","887706","5","441516","2919869","528085","169238","1246973","767982","5810692","309670",2439,"1243764","93.6534344963822","6.34656550361784","4.09700210584388","2.24956339777396","2.90468732924568","0.342470030934287","0.344810757689269","1.60676222437773","0.212361017689814","0.085629398017147","0.133608074834259","0.0633481126700818","0.00298197251337525","0.0952773953246559","0.00505917740214332","0.0382032046089482","0.095850064563825","0.41551176641862","18.4911514435174","Academic year"
"202526","Regional","E92000001","England","E12000008","South East","","","","Total",3158.9896373057,"1081097.04663212","370999614","376778306","5778692","27987655","19732931","8254724","8001857","404765961","180431857","183417735","363849592","7150022","13720378","1398917","169348","304529","37644","22","472717","2038112","20982","89152","1481108","1024246","23","495560","3372272","709673","176918","1537395","851835","5697389","168105",3301,"1291703","93.08547217487","6.91452782513004","4.87514586237651","2.03938196275353","3.38970647781324","0.345611324762558","0.379823193680063","1.40757611779514","0.210451243947363","0.0415314073309638","0.0418384983711612","0.0752358225102827","0.00930018915301032","0.116787735518106","0.00518373628754815","0.022025567510604","0.365917133036787","0.503528506933912","18.697271099233","Academic year"
"202526","Regional","E92000001","England","E12000009","South West","","","","Total",2229.77720207254,"613494.932642487","208647914","212259239","3611325","16635064","11621482","5013582","4127265","228894303","101942112","103134174","205076286","3571628","8271308","837811","46492","72711","19919","185","377912","1054183","5783","31754","903424","677812","0","337338","2018289","434607","143279","898412","555637","3449324","110209",2319,"746617","92.7324254985936","7.26757450140644","5.07722640873242","2.19034809267402","3.61359277692464","0.366025274119645","0.392500812918878","1.50695056835906","0.24274828718651","0.0481484242095794","0.0203115583877157","0.0317661903538071","0.00870226988567732","0.16510327913229","0.00252649363667212","0.0138727786510265","0.394690469862852","0.46055449444716","19.3764808653353","Academic year"
